# Blender 3.5.1
# www.blender.org
mtllib Teeth_rig.mtl
o Teeth
v -0.018235 0.025033 0.028432
v -0.018235 0.026033 0.028293
v -0.019199 0.026469 0.025099
v -0.019199 0.023663 0.025486
v -0.010370 0.023936 0.035809
v -0.003742 0.024772 0.038740
v -0.004487 0.027723 0.037226
v -0.010501 0.027386 0.035446
v -0.010563 0.019834 0.032149
v -0.011910 0.018664 0.026176
v -0.004557 0.017613 0.026321
v -0.004557 0.019017 0.032261
v -0.004557 0.028363 0.030972
v -0.004557 0.029185 0.024724
v -0.013647 0.028362 0.024838
v -0.013577 0.027151 0.030566
v -0.014746 0.023327 0.031094
v -0.016455 0.020654 0.025902
v -0.009394 0.020684 0.035372
v -0.004557 0.020529 0.036021
v -0.020745 0.022391 0.019528
v -0.020554 0.027758 0.018321
v -0.024650 0.026835 0.012167
v -0.021488 0.021859 0.013467
v -0.021304 0.021648 0.007362
v -0.026214 0.026101 0.007572
v -0.024724 0.023625 0.000955
v -0.020179 0.021530 0.001244
v -0.027687 0.027419 0.006269
v -0.028287 0.026635 0.000540
v -0.011765 0.018045 0.020127
v -0.010564 0.017819 0.015834
v -0.004557 0.017589 0.015261
v -0.004557 0.017321 0.020227
v -0.013647 0.019364 0.007677
v -0.013647 0.020079 0.001444
v -0.004557 0.019298 0.001552
v -0.004557 0.018461 0.007802
v -0.013615 0.018753 0.013755
v -0.016309 0.019382 0.019943
v -0.004557 0.017905 0.012151
v -0.004557 0.030194 0.019751
v -0.013647 0.029918 0.019422
v -0.022966 0.032168 0.005851
v -0.018875 0.034843 0.002751
v -0.020922 0.035101 -0.000629
v -0.025467 0.033513 -0.000410
v -0.028287 0.030503 0.000006
v -0.027822 0.029939 0.004800
v -0.004557 0.031075 0.016562
v -0.004557 0.032546 0.011992
v -0.013647 0.032257 0.012032
v -0.013647 0.030866 0.016224
v -0.013647 0.034133 0.006528
v -0.004557 0.034299 0.006777
v -0.004557 0.035399 0.003558
v -0.013647 0.035223 0.003311
v -0.004557 0.036753 -0.000857
v -0.013647 0.036432 -0.000812
v -0.020696 0.030845 0.012227
v -0.018725 0.030470 0.015591
v -0.028513 0.026105 -0.005521
v -0.028695 0.025245 -0.011537
v -0.022736 0.022315 -0.011132
v -0.022302 0.022795 -0.005173
v -0.020203 0.019165 -0.017938
v -0.023034 0.020692 -0.016480
v -0.026262 0.019545 -0.021551
v -0.023034 0.018204 -0.023179
v -0.027414 0.018462 -0.025491
v -0.028940 0.021527 -0.023638
v -0.029042 0.023839 -0.017477
v -0.014276 0.020626 -0.004874
v -0.017725 0.021181 -0.007067
v -0.017786 0.020638 -0.010901
v -0.013241 0.020086 -0.010825
v -0.004557 0.019635 -0.010763
v -0.004557 0.019855 -0.004659
v -0.014511 0.019093 -0.016259
v -0.013647 0.017609 -0.022751
v -0.004043 0.018205 -0.023321
v -0.004557 0.018695 -0.016767
v -0.018982 0.021419 -0.003011
v -0.018117 0.020144 -0.013984
v -0.023506 0.017414 -0.029208
v -0.027049 0.017859 -0.031546
v -0.023693 0.019444 -0.035496
v -0.020990 0.017131 -0.033187
v -0.028613 0.020516 -0.029636
v -0.027414 0.018185 -0.027502
v -0.028041 0.021651 -0.033701
v -0.015991 0.017131 -0.033187
v -0.013236 0.017810 -0.035214
v -0.009932 0.017892 -0.031229
v -0.013236 0.017339 -0.029004
v -0.004043 0.018456 -0.029158
v -0.006730 0.018060 -0.027163
v -0.004557 0.018720 -0.035173
v -0.012970 0.020414 -0.041709
v -0.009489 0.021844 -0.044862
v -0.004557 0.021587 -0.045001
v -0.004557 0.020034 -0.041488
v -0.020337 0.020974 -0.039853
v -0.000671 0.018563 -0.025740
v -0.028653 0.031063 -0.005670
v -0.027926 0.033805 -0.007736
v -0.028428 0.033608 -0.012691
v -0.029842 0.029587 -0.012136
v -0.027208 0.033777 -0.003643
v -0.023602 0.035403 -0.006269
v -0.021907 0.036737 -0.013592
v -0.030304 0.028757 -0.018156
v -0.028543 0.032948 -0.018734
v -0.028180 0.031794 -0.024709
v -0.030153 0.027926 -0.024175
v -0.023204 0.035958 -0.019149
v -0.022122 0.035148 -0.025678
v -0.006221 0.039083 -0.010264
v -0.003738 0.039327 -0.012931
v -0.012995 0.038908 -0.013892
v -0.009530 0.039083 -0.010264
v -0.004557 0.039699 -0.019666
v -0.004557 0.039147 -0.025724
v -0.014504 0.037817 -0.026047
v -0.013647 0.038874 -0.019552
v -0.012995 0.038145 -0.007727
v -0.015590 0.038426 -0.012093
v -0.018683 0.037272 -0.024264
v -0.018660 0.037927 -0.019421
v -0.000162 0.038987 -0.010473
v -0.003738 0.038488 -0.007774
v -0.018325 0.038268 -0.016161
v -0.018105 0.036535 -0.028252
v -0.026768 0.029310 -0.032640
v -0.023337 0.032391 -0.030982
v -0.020517 0.030636 -0.036817
v -0.024975 0.026550 -0.036355
v -0.027680 0.030752 -0.028750
v -0.028773 0.027386 -0.030292
v -0.028041 0.025010 -0.034165
v -0.004557 0.037685 -0.031656
v -0.004557 0.035997 -0.036144
v -0.010371 0.035867 -0.035240
v -0.012261 0.036814 -0.031536
v -0.013647 0.029975 -0.041352
v -0.004557 0.030829 -0.042701
v -0.004557 0.027583 -0.045320
v -0.012970 0.025460 -0.043652
v -0.004557 0.024505 -0.045403
v -0.009489 0.023367 -0.045073
v -0.016805 0.035695 -0.031381
v -0.013499 0.033642 -0.037079
v -0.018776 0.029158 -0.040082
v -0.020239 0.025676 -0.040478
v -0.004557 0.034408 -0.038991
v 0.003193 0.024772 0.038740
v 0.010344 0.023936 0.035809
v 0.010475 0.027386 0.035447
v 0.003834 0.027723 0.037227
v 0.004532 0.019018 0.032261
v 0.004532 0.017613 0.026321
v 0.011884 0.018664 0.026176
v 0.010536 0.019835 0.032149
v 0.013552 0.027152 0.030566
v 0.013621 0.028364 0.024837
v 0.004532 0.029185 0.024724
v 0.004532 0.028363 0.030972
v 0.019173 0.023665 0.025486
v 0.019173 0.026471 0.025099
v 0.018210 0.026035 0.028294
v 0.018210 0.025034 0.028432
v 0.014719 0.023328 0.031094
v 0.016428 0.020655 0.025901
v 0.004532 0.020530 0.036020
v 0.009368 0.020684 0.035371
v 0.004532 0.017321 0.020227
v 0.004532 0.017589 0.015262
v 0.010536 0.017819 0.015835
v 0.011737 0.018045 0.020127
v 0.004532 0.018461 0.007802
v 0.004532 0.019298 0.001552
v 0.013621 0.020078 0.001445
v 0.013621 0.019364 0.007677
v 0.021461 0.021860 0.013467
v 0.024624 0.026837 0.012167
v 0.020529 0.027758 0.018321
v 0.020719 0.022392 0.019527
v 0.020154 0.021530 0.001244
v 0.024699 0.023625 0.000955
v 0.026187 0.026103 0.007571
v 0.021277 0.021648 0.007362
v 0.028261 0.026635 0.000540
v 0.027661 0.027421 0.006268
v 0.016281 0.019383 0.019943
v 0.013588 0.018753 0.013755
v 0.004532 0.017905 0.012151
v 0.013621 0.029918 0.019423
v 0.004532 0.030194 0.019751
v 0.013621 0.030867 0.016225
v 0.013621 0.032258 0.012032
v 0.004532 0.032546 0.011992
v 0.004532 0.031075 0.016563
v 0.004532 0.034299 0.006777
v 0.013621 0.034133 0.006528
v 0.013621 0.035223 0.003310
v 0.004532 0.035399 0.003558
v 0.013621 0.036431 -0.000812
v 0.004532 0.036752 -0.000857
v 0.025439 0.033512 -0.000409
v 0.020894 0.035101 -0.000629
v 0.018847 0.034842 0.002750
v 0.022939 0.032168 0.005850
v 0.027796 0.029938 0.004799
v 0.028261 0.030502 0.000006
v 0.018701 0.030471 0.015592
v 0.020671 0.030846 0.012227
v 0.013217 0.020086 -0.010825
v 0.017762 0.020637 -0.010901
v 0.017700 0.021180 -0.007071
v 0.014251 0.020625 -0.004876
v 0.004532 0.019855 -0.004659
v 0.004532 0.019635 -0.010763
v 0.004532 0.018696 -0.016767
v 0.004017 0.018205 -0.023321
v 0.013621 0.017610 -0.022751
v 0.014486 0.019093 -0.016258
v 0.022277 0.022795 -0.005175
v 0.022711 0.022314 -0.011132
v 0.028669 0.025244 -0.011537
v 0.028487 0.026105 -0.005521
v 0.023009 0.018204 -0.023179
v 0.026237 0.019545 -0.021550
v 0.023009 0.020692 -0.016479
v 0.020177 0.019165 -0.017937
v 0.027389 0.018462 -0.025490
v 0.028914 0.021528 -0.023638
v 0.029016 0.023838 -0.017477
v 0.018958 0.021419 -0.003014
v 0.018093 0.020144 -0.013983
v 0.013210 0.017339 -0.029004
v 0.009906 0.017892 -0.031229
v 0.013210 0.017810 -0.035214
v 0.015966 0.017131 -0.033187
v 0.004017 0.018456 -0.029158
v 0.006704 0.018060 -0.027163
v 0.004532 0.018719 -0.035173
v 0.004532 0.020034 -0.041488
v 0.004532 0.021587 -0.045001
v 0.009463 0.021844 -0.044862
v 0.012944 0.020414 -0.041709
v 0.020964 0.017131 -0.033187
v 0.023668 0.019445 -0.035496
v 0.027023 0.017859 -0.031546
v 0.023480 0.017414 -0.029207
v 0.028588 0.020516 -0.029635
v 0.027389 0.018185 -0.027502
v 0.028015 0.021651 -0.033701
v 0.020312 0.020974 -0.039853
v 0.000645 0.018563 -0.025740
v 0.009502 0.039082 -0.010265
v 0.012967 0.038908 -0.013893
v 0.003712 0.039327 -0.012931
v 0.006195 0.039082 -0.010265
v 0.013621 0.038873 -0.019552
v 0.014478 0.037817 -0.026046
v 0.004532 0.039147 -0.025723
v 0.004532 0.039698 -0.019666
v 0.029816 0.029587 -0.012136
v 0.028402 0.033607 -0.012691
v 0.027900 0.033804 -0.007738
v 0.028628 0.031063 -0.005671
v 0.027182 0.033776 -0.003645
v 0.023575 0.035402 -0.006270
v 0.021881 0.036736 -0.013593
v 0.030128 0.027926 -0.024175
v 0.028154 0.031793 -0.024709
v 0.028518 0.032947 -0.018734
v 0.030279 0.028757 -0.018156
v 0.022096 0.035147 -0.025677
v 0.023177 0.035957 -0.019149
v 0.015561 0.038426 -0.012095
v 0.012967 0.038144 -0.007727
v 0.018633 0.037926 -0.019421
v 0.018656 0.037272 -0.024263
v 0.003712 0.038488 -0.007775
v 0.000136 0.038987 -0.010473
v 0.018298 0.038267 -0.016163
v 0.018078 0.036535 -0.028251
v 0.012235 0.036813 -0.031536
v 0.010345 0.035867 -0.035240
v 0.004532 0.035997 -0.036144
v 0.004532 0.037684 -0.031656
v 0.004532 0.030829 -0.042701
v 0.013621 0.029975 -0.041352
v 0.012944 0.025460 -0.043652
v 0.004532 0.027583 -0.045320
v 0.009463 0.023367 -0.045073
v 0.004532 0.024505 -0.045403
v 0.024949 0.026550 -0.036355
v 0.020491 0.030636 -0.036817
v 0.023312 0.032391 -0.030982
v 0.026742 0.029310 -0.032640
v 0.027654 0.030752 -0.028749
v 0.028747 0.027386 -0.030292
v 0.028015 0.025010 -0.034165
v 0.013473 0.033642 -0.037079
v 0.016779 0.035695 -0.031381
v 0.018750 0.029158 -0.040082
v 0.020213 0.025676 -0.040478
v 0.004532 0.034408 -0.038991
v -0.000274 0.024772 0.038740
v -0.000326 0.027723 0.037227
v -0.000013 0.019018 0.032261
v -0.000013 0.017613 0.026321
v -0.000013 0.028363 0.030972
v -0.000013 0.029185 0.024724
v -0.000013 0.020530 0.036021
v -0.000013 0.017321 0.020227
v -0.000013 0.017589 0.015261
v -0.000013 0.018461 0.007802
v -0.000013 0.019298 0.001552
v -0.000013 0.017905 0.012151
v -0.000013 0.030194 0.019751
v -0.000013 0.031075 0.016563
v -0.000013 0.032546 0.011992
v -0.000013 0.034299 0.006777
v -0.000013 0.035399 0.003558
v -0.000013 0.036752 -0.000857
v -0.000013 0.019855 -0.004659
v -0.000013 0.019635 -0.010763
v -0.000013 0.018563 -0.025740
v -0.000013 0.018205 -0.023321
v -0.000013 0.018696 -0.016767
v -0.000013 0.018456 -0.029158
v -0.000013 0.018720 -0.035173
v -0.000013 0.020034 -0.041488
v -0.000013 0.021587 -0.045001
v -0.000013 0.038488 -0.007775
v -0.000013 0.038987 -0.010473
v -0.000013 0.039698 -0.019666
v -0.000013 0.039147 -0.025724
v -0.000013 0.039327 -0.012931
v -0.000013 0.037685 -0.031656
v -0.000013 0.035997 -0.036144
v -0.000013 0.030829 -0.042701
v -0.000013 0.027583 -0.045320
v -0.000013 0.024505 -0.045403
v -0.000013 0.034408 -0.038991
v 0.027135 0.088950 0.043478
v 0.026946 0.088042 0.042981
v 0.027852 0.087315 0.042148
v 0.029011 0.087809 0.041290
v 0.002793 0.106003 0.051703
v 0.003067 0.109412 0.049941
v -0.000945 0.109240 0.050295
v -0.000946 0.105655 0.051842
v 0.004006 0.096860 0.053525
v 0.002944 0.101520 0.052339
v -0.000947 0.101272 0.052436
v -0.000945 0.095742 0.054309
v 0.024319 0.104627 0.042172
v 0.024591 0.099899 0.044077
v 0.026438 0.099449 0.042407
v 0.026078 0.104128 0.040509
v 0.035102 0.089021 0.032483
v 0.034774 0.088086 0.033074
v 0.035070 0.087261 0.031776
v 0.035817 0.088174 0.030658
v 0.033560 0.102688 0.030456
v 0.034581 0.099099 0.030768
v 0.036968 0.098803 0.026850
v 0.035715 0.102263 0.026740
v 0.041698 0.089395 0.020373
v 0.041631 0.088461 0.020659
v 0.042337 0.087160 0.019054
v 0.043189 0.085824 0.016928
v 0.040315 0.102584 0.016200
v 0.041712 0.098656 0.015592
v 0.043068 0.098522 0.011711
v 0.041583 0.102526 0.012508
v 0.046722 0.087485 0.007256
v 0.045826 0.086929 0.006947
v 0.046233 0.086495 0.005022
v 0.047182 0.086802 0.005180
v 0.044703 0.102017 0.000717
v 0.045727 0.098228 -0.000170
v 0.046596 0.098253 -0.004281
v 0.045641 0.101850 -0.003319
v 0.051644 0.087659 -0.012110
v 0.051023 0.086679 -0.012090
v 0.051573 0.086700 -0.014214
v 0.051842 0.087121 -0.014115
v 0.048705 0.101565 -0.018052
v 0.049547 0.097828 -0.019099
v 0.050612 0.097820 -0.024123
v 0.049659 0.101534 -0.022708
v 0.056050 0.085776 -0.044787
v 0.055797 0.085012 -0.047449
v 0.054781 0.085824 -0.051032
v 0.054091 0.087870 -0.052767
v 0.053861 0.100164 -0.043837
v 0.054566 0.096781 -0.045436
v 0.053595 0.096881 -0.052124
v 0.054215 0.100624 -0.049775
v 0.027624 0.106428 -0.053187
v 0.027205 0.104038 -0.055595
v 0.016470 0.103297 -0.055942
v 0.016923 0.106413 -0.053301
v 0.032549 0.110774 0.012049
v 0.034126 0.110054 0.013155
v 0.035117 0.109884 0.008814
v 0.033732 0.110454 0.007744
v -0.000946 0.103097 -0.056131
v -0.000945 0.106617 -0.054514
v 0.051765 0.105662 -0.048816
v 0.052527 0.104577 -0.052355
v 0.045239 0.105408 -0.054037
v 0.044705 0.106784 -0.051294
v 0.052146 0.105309 -0.042896
v 0.053258 0.104675 -0.048135
v 0.050732 0.106237 -0.043665
v 0.022189 0.109276 0.041476
v 0.015074 0.113529 0.038335
v 0.012387 0.110282 0.046746
v 0.017770 0.109235 0.045146
v 0.030368 0.106546 0.033401
v 0.032829 0.108032 0.026841
v 0.030725 0.109898 0.026112
v 0.028144 0.110051 0.031212
v -0.000945 0.112615 0.009860
v 0.009007 0.112420 0.013379
v 0.010051 0.111640 0.004331
v -0.000946 0.111538 0.000861
v 0.040042 0.107278 0.008318
v 0.038569 0.108314 0.007117
v 0.037641 0.108451 0.010980
v 0.039007 0.107389 0.012199
v 0.046325 0.106185 -0.018010
v 0.047399 0.106149 -0.022262
v 0.046086 0.107105 -0.023222
v 0.044923 0.107140 -0.018964
v -0.000949 0.113527 0.036375
v 0.006852 0.113900 0.037109
v 0.007985 0.113473 0.022401
v -0.000944 0.113638 0.018867
v 0.049819 0.105923 -0.032094
v 0.050698 0.105727 -0.035781
v 0.049408 0.106732 -0.036676
v 0.048557 0.106909 -0.032948
v 0.051718 0.101220 -0.032736
v 0.052622 0.097697 -0.034146
v 0.053253 0.097635 -0.037501
v 0.052409 0.101010 -0.036258
v 0.054493 0.088823 -0.032939
v 0.054400 0.087453 -0.032337
v 0.054823 0.087208 -0.034274
v 0.055251 0.088861 -0.036683
v 0.012957 0.106295 0.049394
v 0.013146 0.101405 0.050116
v 0.018255 0.101142 0.047860
v 0.018063 0.106003 0.046802
v 0.015688 0.091880 0.050996
v 0.016939 0.089674 0.049997
v 0.019241 0.088257 0.048944
v 0.020996 0.088675 0.048540
v 0.044083 0.106313 -0.008798
v 0.045260 0.106219 -0.013758
v 0.043763 0.107186 -0.014705
v 0.042563 0.107318 -0.009963
v 0.046723 0.101731 -0.008347
v 0.047619 0.098068 -0.009147
v 0.048569 0.097861 -0.014041
v 0.047766 0.101599 -0.013390
v 0.050469 0.087772 -0.007425
v 0.050704 0.086630 -0.007409
v 0.051327 0.087546 -0.010371
v 0.051607 0.088391 -0.012053
v 0.041996 0.106786 0.000302
v 0.040437 0.107838 -0.000981
v 0.039472 0.108106 0.003247
v 0.041035 0.107048 0.004430
v 0.042723 0.102370 0.008657
v 0.044138 0.098467 0.007901
v 0.044968 0.098250 0.003985
v 0.043737 0.102176 0.004740
v 0.045004 0.088479 0.011626
v 0.045349 0.086941 0.011828
v 0.046046 0.087640 0.009775
v 0.046651 0.088601 0.006742
v 0.030029 0.111200 0.020808
v 0.031945 0.110095 0.021818
v 0.033103 0.110121 0.017486
v 0.031354 0.111027 0.016355
v 0.037358 0.102451 0.023308
v 0.038746 0.098854 0.023239
v 0.040320 0.098765 0.019449
v 0.038895 0.102593 0.019782
v 0.037800 0.089827 0.028056
v 0.037807 0.088839 0.028032
v 0.038842 0.089469 0.026291
v 0.039552 0.090226 0.024887
v 0.028778 0.103640 0.037413
v 0.029367 0.099458 0.038626
v 0.032112 0.099351 0.034591
v 0.031284 0.103057 0.034038
v 0.031332 0.088221 0.039087
v 0.030704 0.086406 0.039028
v 0.031871 0.087411 0.037975
v 0.032861 0.088361 0.036909
v 0.006972 0.110060 0.048508
v 0.040721 0.108475 -0.016547
v 0.039666 0.108600 -0.012026
v 0.006747 0.095809 0.053102
v 0.005361 0.101577 0.052051
v 0.005173 0.106133 0.051477
v 0.005021 0.109765 0.049248
v 0.011697 0.088371 0.052919
v 0.012750 0.088309 0.052724
v 0.014305 0.089442 0.051979
v 0.007542 0.106239 0.051072
v 0.007763 0.101594 0.051585
v -0.000949 0.112104 0.043257
v 0.051453 0.105535 -0.039328
v 0.050085 0.106528 -0.040169
v 0.036766 0.109439 0.001300
v 0.035947 0.109683 0.005058
v 0.053161 0.100594 -0.040039
v 0.054015 0.097238 -0.041436
v 0.055809 0.087346 -0.040720
v 0.055886 0.086524 -0.040138
v 0.056114 0.085490 -0.042980
v 0.052910 0.086508 -0.025853
v 0.052775 0.085707 -0.025723
v 0.053207 0.086496 -0.027472
v 0.053704 0.087505 -0.029240
v 0.050336 0.101480 -0.025964
v 0.051322 0.097795 -0.027449
v 0.051991 0.097758 -0.030791
v 0.051003 0.101424 -0.029224
v 0.048163 0.106112 -0.025336
v 0.048909 0.106061 -0.028419
v 0.047678 0.107002 -0.029229
v 0.046887 0.107068 -0.026223
v 0.033787 0.106810 0.026863
v 0.031460 0.106297 0.031775
v 0.032529 0.106029 0.030121
v 0.034605 0.105446 0.026752
v 0.022640 0.100254 0.045529
v 0.022501 0.105093 0.043719
v 0.021662 0.088226 0.047956
v 0.023845 0.088933 0.046326
v 0.025266 0.090083 0.045783
v 0.004683 0.086398 0.052624
v 0.003134 0.085798 0.053302
v 0.003334 0.087131 0.048348
v 0.004764 0.088368 0.043042
v 0.009866 0.083628 0.050089
v 0.008778 0.084442 0.050486
v 0.008503 0.086940 0.046089
v 0.010023 0.088486 0.040295
v 0.014544 0.086012 0.048929
v 0.013098 0.085337 0.049664
v 0.013624 0.087645 0.043680
v 0.015187 0.088356 0.037022
v 0.019211 0.084983 0.045730
v 0.017777 0.085186 0.047027
v 0.016090 0.085707 0.047932
v 0.017771 0.088206 0.036643
v 0.020356 0.088195 0.036284
v 0.023022 0.085582 0.042587
v 0.022267 0.085502 0.043120
v 0.020363 0.085175 0.044705
v 0.028351 0.084571 0.040630
v 0.027709 0.085376 0.041251
v 0.026471 0.085663 0.041281
v 0.025223 0.085762 0.041575
v 0.019625 0.094908 0.048200
v 0.023953 0.095168 0.045656
v 0.052057 0.092617 -0.026630
v 0.052774 0.093259 -0.030034
v 0.054912 0.092292 -0.041078
v 0.055308 0.091278 -0.045112
v 0.009532 0.094936 0.052323
v 0.014440 0.096573 0.050565
v 0.011509 0.086486 0.052716
v 0.009984 0.088122 0.053526
v 0.009204 0.086290 0.051673
v 0.030318 0.093886 0.038888
v 0.032654 0.094065 0.035547
v 0.038267 0.093735 0.025661
v 0.039936 0.094495 0.022168
v 0.044571 0.093473 0.009764
v 0.045797 0.094240 0.005203
v 0.049044 0.092920 -0.008286
v 0.049905 0.093643 -0.013073
v 0.053557 0.093260 -0.033543
v 0.054252 0.093248 -0.037092
v 0.053843 0.092376 -0.052445
v 0.050893 0.092893 -0.018121
v 0.052239 0.087958 -0.017143
v 0.052291 0.084738 -0.021949
v 0.051497 0.091989 -0.023157
v 0.046749 0.093112 0.000697
v 0.047771 0.087995 0.001564
v 0.048929 0.084678 -0.002559
v 0.047831 0.092011 -0.003761
v 0.041623 0.093580 0.018245
v 0.043140 0.092601 0.014205
v 0.034542 0.093473 0.032231
v 0.036295 0.092888 0.028777
v 0.004922 0.089921 0.054147
v 0.005068 0.092200 0.054710
v 0.003370 0.089148 0.054711
v 0.003242 0.087659 0.054186
v 0.025863 0.094425 0.043778
v 0.027742 0.093613 0.041832
v 0.011560 0.089656 -0.044226
v -0.000945 0.090129 -0.044094
v -0.000945 0.090519 -0.048442
v 0.011631 0.090033 -0.048476
v 0.004890 0.089344 0.040818
v -0.000969 0.088375 0.041107
v -0.000969 0.089340 0.039094
v 0.005018 0.090333 0.038602
v -0.000950 0.090899 0.035113
v 0.005871 0.091557 0.031393
v -0.000950 0.092681 0.026403
v 0.007180 0.092885 0.022230
v 0.007521 0.093637 0.017219
v -0.000948 0.093762 0.021851
v -0.000946 0.094331 0.017169
v 0.007786 0.093768 0.012126
v 0.008427 0.092334 -0.000096
v -0.000947 0.093193 0.003622
v -0.000945 0.091159 -0.009782
v 0.009054 0.090507 -0.012248
v 0.009720 0.089590 -0.020181
v -0.000945 0.089816 -0.019394
v -0.000946 0.089366 -0.029109
v 0.010394 0.089142 -0.028162
v 0.010939 0.089107 -0.034069
v -0.000945 0.089474 -0.034430
v -0.000945 0.089772 -0.039742
v 0.011491 0.089340 -0.039969
v 0.007509 0.089570 0.038964
v 0.007511 0.090148 0.036066
v 0.009978 0.089869 0.033509
v 0.009992 0.089131 0.036890
v 0.016188 0.089899 0.024432
v 0.015673 0.089031 0.030711
v 0.018618 0.088392 0.030763
v 0.019510 0.088927 0.024928
v 0.022849 0.088061 0.025440
v 0.021576 0.087899 0.030840
v 0.024510 0.085508 0.035526
v 0.028733 0.084350 0.039498
v 0.034954 0.084972 0.030106
v 0.034513 0.085742 0.031642
v 0.032750 0.085271 0.032452
v 0.032222 0.085205 0.032756
v 0.031714 0.085113 0.033092
v 0.030481 0.084882 0.034303
v 0.027862 0.086675 0.028345
v 0.029272 0.086309 0.026963
v 0.026793 0.087449 0.021701
v 0.039944 0.087022 0.023580
v 0.038947 0.087245 0.025337
v 0.034251 0.085555 0.020481
v 0.032218 0.087032 0.014879
v 0.042687 0.083645 0.016679
v 0.042113 0.084279 0.018749
v 0.038717 0.084678 0.016184
v 0.037437 0.085370 0.013514
v 0.044935 0.086498 0.009570
v 0.040981 0.085925 0.007486
v 0.035785 0.086785 0.002913
v 0.048470 0.082158 -0.001961
v 0.048076 0.083698 0.000548
v 0.043352 0.084451 -0.001096
v 0.037769 0.086035 -0.006798
v 0.050642 0.086432 -0.010424
v 0.044803 0.083670 -0.011723
v 0.038840 0.086048 -0.015593
v 0.051172 0.082767 -0.022306
v 0.052195 0.084410 -0.019468
v 0.045716 0.084460 -0.020424
v 0.041278 0.084170 -0.025223
v 0.051858 0.084629 -0.029271
v 0.051874 0.084599 -0.027772
v 0.045596 0.082429 -0.029087
v 0.040919 0.084998 -0.032682
v 0.053929 0.085027 -0.036028
v 0.053869 0.085529 -0.034447
v 0.047729 0.082173 -0.036109
v 0.042699 0.083897 -0.040026
v 0.055523 0.083716 -0.045957
v 0.055643 0.084077 -0.042464
v 0.049252 0.081474 -0.044483
v 0.044361 0.082866 -0.050109
v 0.053425 0.084242 -0.052996
v 0.054263 0.083912 -0.051609
v 0.048999 0.083793 -0.054621
v 0.045129 0.084506 -0.054311
v 0.011015 0.090644 0.027893
v 0.023504 0.088991 0.016064
v 0.020344 0.091082 0.010552
v 0.025539 0.089116 0.011283
v 0.021635 0.091318 0.004316
v 0.032097 0.087723 0.007364
v 0.027570 0.089233 0.006496
v 0.022856 0.091128 -0.001948
v 0.029412 0.089439 0.000546
v 0.013793 0.092148 0.016426
v 0.014598 0.092627 0.010772
v 0.030643 0.089574 -0.004237
v 0.024173 0.090796 -0.006779
v 0.016298 0.091499 -0.003424
v 0.015324 0.092487 0.005086
v 0.032479 0.090047 -0.013301
v 0.031898 0.089749 -0.008999
v 0.025493 0.090507 -0.011612
v 0.025967 0.090266 -0.015876
v 0.017849 0.089727 -0.018003
v 0.017274 0.090376 -0.011910
v 0.035270 0.089758 -0.022039
v 0.032983 0.090275 -0.017678
v 0.026440 0.090029 -0.020141
v 0.029190 0.090289 -0.024133
v 0.020075 0.089005 -0.029059
v 0.018421 0.089228 -0.024121
v 0.037253 0.089125 -0.030257
v 0.037393 0.088726 -0.026558
v 0.031920 0.090727 -0.028127
v 0.031799 0.090853 -0.031832
v 0.021741 0.088991 -0.038054
v 0.021760 0.088974 -0.034038
v 0.038658 0.088473 -0.037826
v 0.037098 0.089560 -0.033948
v 0.031679 0.090964 -0.035539
v 0.034319 0.091311 -0.039539
v 0.040758 0.087399 -0.046702
v 0.040019 0.087449 -0.041753
v 0.036884 0.090444 -0.043597
v 0.037292 0.090628 -0.048534
v 0.029482 0.090558 -0.045269
v -0.000947 0.092129 -0.056475
v 0.012530 0.091658 -0.056351
v 0.024709 0.089814 -0.051011
v 0.025154 0.091760 -0.056162
v 0.041568 0.087465 -0.051532
v 0.037722 0.090863 -0.053464
v 0.037776 0.091826 -0.056722
v 0.041716 0.088773 -0.054996
v 0.053825 0.086045 -0.052978
v 0.037288 0.095319 -0.056287
v 0.025771 0.095392 -0.056003
v 0.014254 0.095451 -0.056219
v -0.000946 0.095369 -0.056393
v 0.053731 0.102643 -0.051338
v 0.052154 0.099161 -0.053154
v 0.050595 0.101434 -0.053719
v 0.026389 0.099023 -0.055843
v 0.015979 0.099244 -0.056088
v -0.000946 0.098610 -0.056311
v -0.000947 0.110943 0.046901
v 0.046970 0.107276 -0.045447
v 0.037861 0.107417 0.015978
v 0.036643 0.107280 0.019712
v 0.037574 0.105759 0.020192
v 0.038915 0.105864 0.016789
v 0.044451 0.108422 -0.031152
v 0.043726 0.108472 -0.028216
v 0.041402 0.107574 -0.005208
v 0.038636 0.108842 -0.007500
v 0.037699 0.109133 -0.003100
v 0.035262 0.107092 0.023333
v 0.036125 0.105631 0.023505
v 0.045955 0.108022 -0.038767
v 0.045216 0.108296 -0.034959
v 0.042993 0.108476 -0.025283
v 0.041853 0.108450 -0.020917
v 0.043378 0.102252 -0.054789
v 0.046468 0.107691 -0.042112
v 0.040092 0.100535 -0.055353
v 0.036801 0.098812 -0.055851
v 0.034197 0.108326 0.022980
v 0.037883 0.109064 -0.013271
v 0.038792 0.108956 -0.017703
v 0.036835 0.109151 -0.018866
v 0.036067 0.109269 -0.014517
v 0.034413 0.110238 0.003939
v 0.035086 0.109980 0.000135
v 0.033362 0.110254 -0.001022
v 0.032837 0.110573 0.002823
v 0.025053 0.111151 0.033196
v 0.028654 0.111199 0.025240
v 0.026500 0.112232 0.024310
v 0.021902 0.112063 0.035114
v 0.043839 0.107497 -0.046781
v 0.041515 0.106732 -0.052210
v 0.038324 0.106536 -0.053091
v 0.040696 0.107357 -0.048052
v 0.041590 0.105090 -0.054560
v 0.037937 0.104744 -0.054995
v 0.036032 0.109616 -0.004353
v 0.036987 0.109289 -0.008838
v 0.035302 0.109487 -0.010172
v 0.034330 0.109833 -0.005594
v 0.043063 0.108694 -0.036190
v 0.043507 0.108350 -0.040128
v 0.041032 0.108280 -0.041444
v 0.040874 0.108728 -0.037400
v 0.039954 0.108916 -0.022120
v 0.041123 0.108942 -0.026536
v 0.039225 0.109120 -0.027805
v 0.038029 0.109109 -0.023336
v 0.041862 0.108926 -0.029389
v 0.042599 0.108851 -0.032243
v 0.040719 0.108997 -0.033336
v 0.039973 0.109084 -0.030571
v 0.035478 0.108452 0.019051
v 0.036586 0.108517 0.015029
v 0.043672 0.107958 -0.043464
v 0.040864 0.107831 -0.044750
v 0.049180 0.104674 -0.024564
v 0.049875 0.104627 -0.027720
v 0.052327 0.103789 -0.038627
v 0.053024 0.103498 -0.042248
v 0.028061 0.107530 0.036058
v 0.041330 0.105763 0.009459
v 0.042383 0.105529 0.005547
v 0.045394 0.104855 -0.007709
v 0.046546 0.104790 -0.012905
v 0.050748 0.104356 -0.031364
v 0.051577 0.104056 -0.035025
v 0.053925 0.102716 -0.047565
v 0.047512 0.104753 -0.017157
v 0.048475 0.104713 -0.021411
v 0.043345 0.105260 0.001530
v 0.044291 0.104974 -0.002493
v 0.040150 0.105867 0.013307
v 0.023935 0.108875 0.040058
v 0.025619 0.108374 0.038537
v 0.016708 0.113349 0.023803
v 0.017560 0.111856 0.014980
v 0.018411 0.110914 0.006049
v 0.018519 0.112932 0.036774
v 0.021631 0.113271 0.024006
v 0.022782 0.112403 0.017273
v 0.028402 0.111196 0.006687
v 0.025887 0.110571 0.002516
v -0.000947 0.110991 -0.006641
v 0.010400 0.111135 -0.003140
v 0.010756 0.110852 -0.010625
v -0.000947 0.110893 -0.014169
v 0.018919 0.110457 -0.001450
v 0.019437 0.110137 -0.008956
v 0.026631 0.109956 -0.003496
v -0.000947 0.110898 -0.022109
v 0.010804 0.110666 -0.018583
v 0.010837 0.110109 -0.026525
v -0.000945 0.110182 -0.030017
v 0.020032 0.109664 -0.018645
v 0.020604 0.108901 -0.028316
v 0.028043 0.108986 -0.016546
v 0.027367 0.109448 -0.009529
v -0.000945 0.108438 -0.041315
v -0.000945 0.107050 -0.051329
v 0.017848 0.107050 -0.047080
v -0.000945 0.107936 -0.044643
v 0.019685 0.108316 -0.034572
v 0.018764 0.107691 -0.040822
v -0.000945 0.107467 -0.047976
v 0.028854 0.108308 -0.028924
v 0.028720 0.108596 -0.023562
v 0.034951 0.108317 -0.035831
v 0.029902 0.107566 -0.041095
v -0.000945 0.107250 -0.049651
v 0.018306 0.107375 -0.043952
v 0.029586 0.107307 -0.044319
v 0.029273 0.107019 -0.047545
v -0.027041 0.090198 0.045700
v -0.030781 0.087933 0.041223
v -0.029695 0.087165 0.042009
v -0.027830 0.088671 0.043999
v -0.004683 0.106001 0.051692
v -0.004959 0.109414 0.049920
v -0.005896 0.096853 0.053495
v -0.004831 0.101516 0.052328
v -0.024339 0.105064 0.043600
v -0.027895 0.104090 0.040382
v -0.028251 0.099400 0.042293
v -0.024485 0.100213 0.045431
v -0.035170 0.089475 0.035922
v -0.037176 0.087367 0.030977
v -0.036352 0.086554 0.032232
v -0.035378 0.087660 0.034902
v -0.033071 0.103015 0.033906
v -0.037487 0.102200 0.026619
v -0.038748 0.098730 0.026739
v -0.033901 0.099295 0.034467
v -0.043272 0.088472 0.020775
v -0.044950 0.086648 0.016578
v -0.044245 0.086393 0.018596
v -0.043483 0.087682 0.020615
v -0.042055 0.102529 0.016092
v -0.043313 0.102473 0.012408
v -0.044825 0.098424 0.011636
v -0.043470 0.098564 0.015507
v -0.049645 0.086791 0.001464
v -0.050779 0.084426 -0.003006
v -0.050492 0.084547 -0.000940
v -0.049821 0.086270 0.001702
v -0.046419 0.101966 0.000639
v -0.047357 0.101796 -0.003395
v -0.048312 0.098194 -0.004352
v -0.047448 0.098150 -0.000229
v -0.054021 0.087562 -0.017252
v -0.054063 0.085679 -0.021751
v -0.054205 0.085422 -0.019677
v -0.054079 0.086946 -0.017144
v -0.050414 0.101520 -0.018123
v -0.051369 0.101491 -0.022781
v -0.052326 0.097774 -0.024197
v -0.051259 0.097778 -0.019169
v -0.057743 0.085750 -0.044775
v -0.055834 0.087877 -0.052683
v -0.056237 0.085834 -0.051618
v -0.057419 0.085349 -0.047846
v -0.055567 0.100111 -0.043883
v -0.055907 0.100585 -0.049752
v -0.055387 0.096875 -0.051995
v -0.056260 0.096754 -0.045466
v -0.029517 0.106430 -0.053187
v -0.018816 0.106409 -0.053300
v -0.018363 0.103297 -0.055937
v -0.029097 0.104038 -0.055589
v -0.034422 0.110705 0.012043
v -0.035602 0.110390 0.007740
v -0.036989 0.109806 0.008809
v -0.035992 0.109971 0.013144
v -0.053612 0.105595 -0.048818
v -0.046597 0.106771 -0.051292
v -0.047131 0.105402 -0.054017
v -0.054333 0.104498 -0.052300
v -0.053946 0.105202 -0.042918
v -0.052603 0.106151 -0.043669
v -0.055009 0.104599 -0.048157
v -0.024033 0.109213 0.041398
v -0.019637 0.109191 0.045069
v -0.014268 0.110251 0.046713
v -0.016960 0.113484 0.038318
v -0.032163 0.106476 0.033283
v -0.029991 0.109966 0.031167
v -0.032572 0.109809 0.026074
v -0.034633 0.107948 0.026758
v -0.011938 0.111624 0.004328
v -0.010898 0.112394 0.013381
v -0.042843 0.106966 0.004395
v -0.040831 0.107296 0.012159
v -0.039496 0.108356 0.010962
v -0.041333 0.108012 0.003238
v -0.048135 0.106103 -0.018045
v -0.046775 0.107063 -0.018984
v -0.047934 0.107026 -0.023242
v -0.049208 0.106061 -0.022297
v -0.009883 0.113457 0.022404
v -0.008743 0.113921 0.037109
v -0.051612 0.105831 -0.032130
v -0.050395 0.106829 -0.032967
v -0.051243 0.106653 -0.036693
v -0.052483 0.105638 -0.035818
v -0.053428 0.101171 -0.032805
v -0.054118 0.100961 -0.036324
v -0.054969 0.097566 -0.037565
v -0.054335 0.097638 -0.034213
v -0.056210 0.088735 -0.033009
v -0.056978 0.087591 -0.036327
v -0.056599 0.087481 -0.034479
v -0.056216 0.088197 -0.032813
v -0.014835 0.106274 0.049321
v -0.019922 0.105978 0.046701
v -0.020125 0.101125 0.047769
v -0.015019 0.101396 0.050045
v -0.017599 0.091731 0.050941
v -0.022917 0.088641 0.048417
v -0.020733 0.087703 0.048640
v -0.019270 0.089786 0.049950
v -0.045901 0.106227 -0.008828
v -0.044421 0.107233 -0.009977
v -0.045618 0.107109 -0.014724
v -0.047065 0.106143 -0.013796
v -0.048436 0.101681 -0.008419
v -0.049476 0.101553 -0.013459
v -0.050280 0.097808 -0.014105
v -0.049332 0.098012 -0.009216
v -0.052287 0.087611 -0.007614
v -0.053287 0.088401 -0.012025
v -0.052997 0.087705 -0.010245
v -0.052471 0.086775 -0.007744
v -0.043815 0.106694 0.000273
v -0.042299 0.107746 -0.000990
v -0.045454 0.102127 0.004661
v -0.046700 0.098155 0.003940
v -0.048335 0.088642 0.006709
v -0.047595 0.088448 0.009445
v -0.046001 0.086503 0.014376
v -0.031897 0.111122 0.020793
v -0.033226 0.110953 0.016346
v -0.034965 0.110035 0.017468
v -0.033800 0.110007 0.021791
v -0.039119 0.102390 0.023191
v -0.040646 0.102535 0.019669
v -0.042080 0.098680 0.019355
v -0.040516 0.098775 0.023136
v -0.039363 0.088440 0.028250
v -0.041400 0.088992 0.024929
v -0.040460 0.088462 0.026669
v -0.039573 0.088066 0.027913
v -0.030578 0.103598 0.037282
v -0.031165 0.099404 0.038502
v -0.033134 0.088022 0.038960
v -0.033587 0.087469 0.037984
v -0.032474 0.086721 0.039352
v -0.008864 0.110052 0.048493
v -0.041531 0.108544 -0.012034
v -0.042589 0.108424 -0.016556
v -0.008637 0.095754 0.053077
v -0.007249 0.101570 0.052019
v -0.007061 0.106130 0.051455
v -0.006913 0.109763 0.049230
v -0.013200 0.088113 0.053029
v -0.016034 0.089303 0.051841
v -0.014358 0.088028 0.052746
v -0.009427 0.106234 0.051034
v -0.009651 0.101587 0.051543
v -0.053226 0.105457 -0.039365
v -0.051937 0.106443 -0.040180
v -0.038644 0.109366 0.001296
v -0.054868 0.100543 -0.040094
v -0.055720 0.097190 -0.041486
v -0.057592 0.086531 -0.040513
v -0.057788 0.085601 -0.043184
v -0.057655 0.086105 -0.040401
v -0.054513 0.087065 -0.025767
v -0.055328 0.088324 -0.029325
v -0.055010 0.087093 -0.027563
v -0.054550 0.086106 -0.025672
v -0.052047 0.101435 -0.026036
v -0.052713 0.101376 -0.029295
v -0.053702 0.097711 -0.030860
v -0.053034 0.097748 -0.027520
v -0.049960 0.106029 -0.025376
v -0.048731 0.106986 -0.026245
v -0.049518 0.106920 -0.029251
v -0.050707 0.105969 -0.028457
v -0.035578 0.106727 0.026766
v -0.036387 0.105366 0.026643
v -0.025706 0.088848 0.046015
v -0.023684 0.088194 0.047614
v -0.006896 0.089203 0.054767
v -0.006663 0.088400 0.043050
v -0.004955 0.087088 0.048210
v -0.004890 0.088785 0.054742
v -0.011751 0.083618 0.050087
v -0.011925 0.088454 0.040264
v -0.010335 0.086921 0.045682
v -0.010224 0.084709 0.050611
v -0.016496 0.086105 0.048828
v -0.017082 0.088317 0.037017
v -0.015569 0.087724 0.042675
v -0.015224 0.085624 0.049472
v -0.021066 0.085058 0.045717
v -0.022214 0.088184 0.036228
v -0.019321 0.086775 0.041099
v -0.019957 0.085148 0.046794
v -0.024895 0.085682 0.042578
v -0.026465 0.085849 0.041834
v -0.029259 0.085453 0.041291
v -0.030054 0.084491 0.040519
v -0.021916 0.085222 0.044977
v -0.023829 0.085575 0.043349
v -0.021487 0.094912 0.048119
v -0.025786 0.095129 0.045537
v -0.053765 0.092586 -0.026689
v -0.054491 0.093213 -0.030115
v -0.056611 0.092255 -0.041116
v -0.057001 0.091252 -0.045121
v -0.011426 0.094850 0.052286
v -0.016309 0.096564 0.050493
v -0.012425 0.085588 0.052124
v -0.011862 0.087936 0.053428
v -0.011796 0.089081 0.053744
v -0.032124 0.093842 0.038755
v -0.034439 0.094025 0.035406
v -0.040038 0.093700 0.025555
v -0.041692 0.094450 0.022059
v -0.044888 0.092536 0.014107
v -0.047520 0.094193 0.005134
v -0.050773 0.092860 -0.008365
v -0.051632 0.093567 -0.013137
v -0.055270 0.093214 -0.033615
v -0.055961 0.093201 -0.037156
v -0.055611 0.092376 -0.052339
v -0.052600 0.092845 -0.018172
v -0.053199 0.091975 -0.023193
v -0.048464 0.093069 0.000611
v -0.049557 0.091971 -0.003856
v -0.043371 0.093518 0.018141
v -0.038076 0.092866 0.028667
v -0.006849 0.090628 0.054491
v -0.004849 0.089646 0.055116
v -0.004984 0.090737 0.055521
v -0.006960 0.092189 0.054662
v -0.029555 0.093583 0.041719
v -0.013452 0.089644 -0.044226
v -0.013523 0.090020 -0.048477
v -0.006781 0.089394 0.040850
v -0.006898 0.090371 0.038640
v -0.007761 0.091514 0.031398
v -0.009064 0.092833 0.022215
v -0.009408 0.093598 0.017213
v -0.009665 0.093747 0.012124
v -0.010313 0.092322 -0.000097
v -0.010947 0.090499 -0.012246
v -0.011613 0.089585 -0.020180
v -0.012287 0.089137 -0.028161
v -0.012831 0.089098 -0.034068
v -0.013383 0.089328 -0.039968
v -0.009414 0.089588 0.038960
v -0.011882 0.089112 0.036878
v -0.011851 0.089843 0.033513
v -0.009391 0.090166 0.036089
v -0.017561 0.088978 0.030702
v -0.018071 0.089850 0.024420
v -0.023451 0.087875 0.030819
v -0.024737 0.088016 0.025442
v -0.030486 0.084394 0.039222
v -0.026205 0.085516 0.035518
v -0.036175 0.084735 0.028625
v -0.028693 0.087434 0.021706
v -0.031753 0.085451 0.027710
v -0.035881 0.085416 0.031653
v -0.041815 0.087045 0.023404
v -0.034079 0.087004 0.014839
v -0.037088 0.085235 0.020763
v -0.040813 0.086941 0.024448
v -0.044213 0.083608 0.017026
v -0.039325 0.085305 0.013501
v -0.040271 0.084727 0.016054
v -0.043948 0.084386 0.018765
v -0.048091 0.087109 0.006928
v -0.037623 0.086678 0.002902
v -0.043108 0.086217 0.007626
v -0.047413 0.086967 0.008108
v -0.048794 0.081536 -0.004235
v -0.039589 0.085907 -0.006809
v -0.043047 0.083927 -0.002221
v -0.050129 0.082852 -0.000755
v -0.052938 0.086883 -0.012158
v -0.040653 0.085915 -0.015610
v -0.048192 0.084803 -0.011771
v -0.052626 0.086700 -0.010670
v -0.053133 0.082880 -0.022304
v -0.043118 0.084035 -0.025219
v -0.047356 0.084419 -0.020529
v -0.053893 0.084314 -0.019689
v -0.054886 0.086090 -0.029216
v -0.042734 0.084863 -0.032695
v -0.048939 0.083080 -0.028317
v -0.054452 0.085632 -0.027515
v -0.056706 0.086085 -0.036311
v -0.044518 0.083772 -0.040036
v -0.050260 0.082496 -0.035975
v -0.055504 0.085424 -0.034461
v -0.057314 0.083865 -0.045960
v -0.046178 0.082737 -0.050122
v -0.051377 0.081512 -0.044820
v -0.057532 0.084248 -0.043101
v -0.055237 0.084320 -0.052894
v -0.046987 0.084464 -0.054378
v -0.050456 0.083790 -0.054637
v -0.055870 0.084091 -0.051892
v -0.012901 0.090592 0.027889
v -0.022223 0.091021 0.010541
v -0.031387 0.087242 0.018273
v -0.023515 0.091266 0.004304
v -0.036708 0.086177 0.014173
v -0.031274 0.089383 0.000537
v -0.024739 0.091095 -0.001959
v -0.015675 0.092095 0.016415
v -0.016486 0.092584 0.010764
v -0.032507 0.089524 -0.004242
v -0.026061 0.090778 -0.006785
v -0.018185 0.091492 -0.003429
v -0.017206 0.092463 0.005079
v -0.034336 0.090005 -0.013303
v -0.027861 0.090275 -0.015877
v -0.027385 0.090502 -0.011612
v -0.033760 0.089700 -0.008997
v -0.019743 0.089731 -0.018003
v -0.019166 0.090377 -0.011911
v -0.037151 0.089664 -0.022048
v -0.031083 0.090317 -0.024133
v -0.028336 0.090050 -0.020142
v -0.034898 0.090228 -0.017673
v -0.021974 0.089011 -0.029058
v -0.020315 0.089232 -0.024120
v -0.039106 0.088971 -0.030265
v -0.033687 0.090868 -0.031832
v -0.033814 0.090737 -0.028126
v -0.039243 0.088562 -0.026567
v -0.023622 0.089003 -0.038050
v -0.023648 0.088986 -0.034038
v -0.040480 0.088328 -0.037838
v -0.036209 0.091298 -0.039538
v -0.033563 0.090983 -0.035539
v -0.038956 0.089421 -0.033956
v -0.042565 0.087236 -0.046713
v -0.039140 0.090530 -0.048535
v -0.038718 0.090350 -0.043608
v -0.041824 0.087304 -0.041770
v -0.031342 0.090589 -0.045269
v -0.014422 0.091655 -0.056350
v -0.026590 0.089828 -0.051001
v -0.027045 0.091744 -0.056163
v -0.043387 0.087288 -0.051538
v -0.043564 0.088667 -0.054998
v -0.039666 0.091795 -0.056714
v -0.039598 0.090793 -0.053449
v -0.055595 0.086089 -0.052875
v -0.039180 0.095301 -0.056278
v -0.027664 0.095383 -0.056002
v -0.016147 0.095450 -0.056216
v -0.055465 0.102581 -0.051231
v -0.052476 0.101436 -0.053665
v -0.054002 0.099160 -0.053072
v -0.017872 0.099244 -0.056083
v -0.028282 0.099021 -0.055841
v -0.048859 0.107234 -0.045447
v -0.039680 0.107321 0.015926
v -0.040691 0.105779 0.016702
v -0.039348 0.105690 0.020090
v -0.038447 0.107193 0.019639
v -0.045610 0.108416 -0.028220
v -0.046334 0.108365 -0.031156
v -0.039570 0.109068 -0.003106
v -0.040498 0.108784 -0.007508
v -0.043265 0.107482 -0.005217
v -0.037058 0.107006 0.023247
v -0.037904 0.105556 0.023401
v -0.047093 0.108247 -0.034965
v -0.047826 0.107974 -0.038775
v -0.043729 0.108402 -0.020924
v -0.044877 0.108422 -0.025288
v -0.045269 0.102250 -0.054765
v -0.048349 0.107645 -0.042115
v -0.041983 0.100532 -0.055331
v -0.038694 0.098807 -0.055842
v -0.036021 0.108232 0.022921
v -0.039755 0.109029 -0.013277
v -0.037947 0.109255 -0.014521
v -0.038726 0.109142 -0.018867
v -0.040675 0.108925 -0.017706
v -0.034178 0.110806 0.006667
v -0.035249 0.110226 -0.001021
v -0.036969 0.109930 0.000134
v -0.026914 0.111075 0.033163
v -0.023774 0.111991 0.035090
v -0.028378 0.112166 0.024301
v -0.030516 0.111120 0.025217
v -0.045734 0.107485 -0.046782
v -0.042589 0.107361 -0.048053
v -0.040217 0.106538 -0.053090
v -0.043408 0.106730 -0.052209
v -0.043481 0.105086 -0.054543
v -0.039827 0.104741 -0.054982
v -0.037910 0.109571 -0.004356
v -0.036209 0.109814 -0.005597
v -0.037173 0.109472 -0.010178
v -0.038853 0.109248 -0.008845
v -0.044947 0.108669 -0.036193
v -0.042771 0.108731 -0.037403
v -0.042925 0.108285 -0.041444
v -0.045389 0.108330 -0.040133
v -0.041831 0.108889 -0.022124
v -0.039909 0.109102 -0.023340
v -0.041093 0.109114 -0.027812
v -0.042999 0.108914 -0.026542
v -0.043749 0.108894 -0.029393
v -0.041854 0.109083 -0.030577
v -0.042614 0.108989 -0.033341
v -0.044488 0.108820 -0.032247
v -0.038434 0.108423 0.015002
v -0.037319 0.108355 0.019013
v -0.045563 0.107940 -0.043465
v -0.042757 0.107835 -0.044751
v -0.050928 0.104586 -0.024622
v -0.051617 0.104543 -0.027780
v -0.054043 0.103736 -0.038687
v -0.054736 0.103445 -0.042302
v -0.029869 0.107466 0.035943
v -0.041926 0.105770 0.013233
v -0.044135 0.105451 0.005485
v -0.047159 0.104763 -0.007760
v -0.048302 0.104713 -0.012962
v -0.052478 0.104286 -0.031427
v -0.053298 0.104002 -0.035089
v -0.055622 0.102684 -0.047601
v -0.049268 0.104670 -0.017213
v -0.050229 0.104621 -0.021468
v -0.045107 0.105165 0.001476
v -0.046062 0.104862 -0.002541
v -0.027441 0.108315 0.038426
v -0.018603 0.113349 0.023800
v -0.020303 0.110901 0.006051
v -0.019454 0.111856 0.014978
v -0.029915 0.111972 0.019755
v -0.032801 0.111228 0.010934
v -0.027776 0.110580 0.002512
v -0.012644 0.110843 -0.010625
v -0.012287 0.111126 -0.003142
v -0.021326 0.110113 -0.008954
v -0.020810 0.110436 -0.001449
v -0.028518 0.109960 -0.003499
v -0.012729 0.110095 -0.026523
v -0.012695 0.110653 -0.018582
v -0.022498 0.108880 -0.028318
v -0.021923 0.109640 -0.018645
v -0.029929 0.108984 -0.016549
v -0.029251 0.109449 -0.009532
v -0.019741 0.107043 -0.047080
v -0.020656 0.107678 -0.040821
v -0.021578 0.108300 -0.034572
v -0.030747 0.108308 -0.028927
v -0.030613 0.108596 -0.023566
v -0.036836 0.108341 -0.035837
v -0.031794 0.107569 -0.041095
v -0.020199 0.107365 -0.043951
v -0.031478 0.107308 -0.044320
v -0.031166 0.107021 -0.047546
v 0.039915 0.089117 0.024456
v 0.039069 0.088524 0.026203
v 0.036534 0.086479 0.028972
v 0.036831 0.087415 0.029335
v 0.035312 0.086143 0.030828
v 0.038004 0.088034 0.027723
v 0.032468 0.085536 0.023653
v 0.035276 0.085256 0.028563
v 0.033363 0.085558 0.022071
v 0.037648 0.086992 0.027000
v 0.029505 0.087244 0.018290
v 0.034840 0.086250 0.014202
v 0.037808 0.084955 0.016711
v 0.036890 0.085189 0.017233
v 0.041224 0.086728 0.021881
v 0.041824 0.085878 0.020633
v 0.041265 0.088022 0.022048
v 0.040876 0.088991 0.022370
v 0.041837 0.087137 0.020810
v 0.043231 0.085153 0.016942
v 0.042405 0.085990 0.019275
v 0.045762 0.086926 0.009706
v 0.041136 0.085321 0.011222
v 0.043538 0.084788 0.013260
v 0.044403 0.085326 0.013757
v 0.044674 0.086245 0.013696
v 0.036576 0.085962 0.008206
v 0.041000 0.085800 0.009387
v 0.044315 0.085785 0.011453
v 0.045077 0.086225 0.011809
v 0.047980 0.086687 0.002215
v 0.048490 0.085348 -0.000392
v 0.051055 0.086857 -0.010407
v 0.054606 0.084857 -0.051395
v 0.056040 0.084628 -0.045406
v 0.056035 0.084680 -0.042697
v 0.055123 0.086780 -0.035773
v 0.054635 0.086685 -0.034212
v 0.053012 0.085822 -0.029277
v 0.052802 0.085686 -0.027602
v 0.052307 0.087276 -0.016404
v 0.052480 0.085085 -0.019891
v 0.048020 0.085781 0.002828
v 0.047170 0.085326 0.002771
v 0.048734 0.084126 0.000291
v 0.049104 0.083099 -0.002481
v 0.050512 0.085945 -0.007658
v 0.049709 0.084619 -0.004510
v 0.049527 0.083572 -0.004614
v 0.052208 0.086673 -0.016319
v 0.051820 0.085942 -0.016494
v 0.052364 0.084660 -0.019671
v 0.051920 0.083465 -0.021946
v 0.051780 0.083546 -0.023692
v 0.052280 0.084462 -0.023487
v 0.052450 0.085050 -0.025616
v 0.053253 0.085783 -0.031170
v 0.053948 0.087311 -0.030445
v 0.054058 0.086332 -0.032846
v 0.055448 0.086466 -0.037193
v 0.055466 0.087472 -0.037339
v 0.055871 0.085343 -0.039962
v 0.055574 0.084260 -0.047878
v 0.034489 0.086159 0.032105
v 0.032951 0.087048 0.035122
v 0.033493 0.088148 0.035675
v 0.032341 0.087083 0.036275
v 0.033575 0.086912 0.034145
v 0.034210 0.088504 0.034621
v 0.031100 0.086487 0.037448
v 0.029796 0.085232 0.036377
v 0.029612 0.085599 0.040145
v 0.029927 0.086613 0.040416
v 0.028899 0.086561 0.041229
v 0.030121 0.085752 0.038475
v 0.027698 0.086387 0.041756
v 0.026677 0.087040 0.042253
v 0.025957 0.088735 0.044194
v 0.025687 0.087599 0.042930
v 0.024401 0.088183 0.044400
v 0.023267 0.088043 0.045450
v 0.020980 0.087287 0.047651
v 0.018853 0.086173 0.047670
v 0.018113 0.086862 0.048192
v 0.016747 0.088114 0.048963
v 0.015287 0.088527 0.049855
v 0.013811 0.087881 0.050935
v 0.012515 0.086999 0.052270
v 0.008133 0.090042 0.054152
v 0.008140 0.089329 0.053356
v 0.007567 0.087206 0.051916
v 0.006435 0.089825 0.053539
v 0.006002 0.087932 0.052715
v -0.000943 0.090212 0.056182
v 0.001542 0.087924 0.055475
v 0.000437 0.086248 0.055480
v -0.000950 0.087041 0.055988
v -0.002730 0.089213 0.056118
v -0.002341 0.087517 0.055825
v -0.002474 0.086670 0.055449
v -0.000922 0.084058 0.054818
v -0.010458 0.091440 0.053874
v -0.010420 0.090218 0.054247
v -0.009119 0.090809 0.054514
v -0.010231 0.089181 0.053521
v -0.009079 0.085442 0.050983
v -0.007938 0.086035 0.051595
v -0.008982 0.090008 0.053763
v -0.014215 0.086942 0.052188
v -0.015654 0.088061 0.050884
v -0.013476 0.084431 0.050216
v -0.017027 0.088786 0.049986
v -0.018473 0.087887 0.048844
v -0.020435 0.086319 0.047793
v -0.017986 0.085710 0.047879
v -0.022245 0.087109 0.047816
v -0.023350 0.087532 0.047161
v -0.025092 0.088080 0.045328
v -0.026029 0.088061 0.044241
v -0.027365 0.087700 0.043043
v -0.029482 0.086292 0.041696
v -0.030676 0.086518 0.041150
v -0.031954 0.085892 0.038773
v -0.033040 0.086674 0.037580
v -0.031598 0.085333 0.036302
v -0.031294 0.085247 0.038236
v -0.031234 0.085971 0.040521
v -0.031366 0.086869 0.040673
v -0.034195 0.087067 0.035873
v -0.035020 0.087011 0.034574
v -0.036107 0.085958 0.031992
v -0.033592 0.085230 0.033051
v -0.037218 0.085708 0.030252
v -0.039744 0.087522 0.027246
v -0.040536 0.087514 0.025916
v -0.039479 0.086997 0.026708
v -0.038135 0.086388 0.029038
v -0.038288 0.086905 0.029510
v -0.041544 0.087862 0.024710
v -0.043588 0.086562 0.020761
v -0.044247 0.085221 0.018839
v -0.043458 0.085738 0.020569
v -0.042771 0.087893 0.022539
v -0.042751 0.088162 0.022487
v -0.044845 0.084710 0.017041
v -0.045942 0.085467 0.014753
v -0.047759 0.087400 0.009674
v -0.045357 0.084476 0.014567
v -0.048536 0.087652 0.006928
v -0.049963 0.085434 0.002027
v -0.050589 0.084168 -0.000614
v -0.049669 0.084754 0.001867
v -0.050870 0.083399 -0.002994
v -0.049264 0.087032 0.004518
v -0.049150 0.087626 0.004375
v -0.052362 0.086263 -0.008027
v -0.052955 0.087226 -0.010545
v -0.051917 0.085745 -0.008322
v -0.051674 0.084806 -0.005327
v -0.051619 0.085397 -0.005058
v -0.053317 0.087657 -0.012037
v -0.053638 0.087203 -0.014443
v -0.053400 0.086816 -0.014343
v -0.053947 0.086293 -0.016977
v -0.054148 0.085038 -0.019464
v -0.053708 0.085849 -0.016998
v -0.053849 0.084097 -0.021938
v -0.054178 0.085124 -0.025698
v -0.054865 0.086427 -0.027386
v -0.053724 0.084526 -0.025832
v -0.054023 0.084594 -0.023957
v -0.054173 0.085440 -0.023820
v -0.055405 0.087660 -0.029275
v -0.055987 0.086874 -0.032616
v -0.056386 0.086711 -0.034384
v -0.055383 0.085882 -0.032766
v -0.056968 0.086774 -0.036323
v -0.055644 0.087171 -0.030613
v -0.055656 0.087929 -0.030362
v -0.057686 0.085559 -0.040401
v -0.057798 0.084833 -0.043131
v -0.057336 0.084611 -0.040610
v -0.057311 0.086435 -0.037922
v -0.057290 0.086920 -0.037827
v -0.057754 0.084761 -0.045406
v -0.057286 0.084508 -0.048115
v -0.056110 0.084954 -0.051809
v -0.056959 0.083742 -0.048304
v 0.025398 0.085792 0.033872
v 0.026259 0.086016 0.032180
v 0.029395 0.085029 0.038204
v 0.011449 0.087696 0.043744
v 0.011308 0.084136 0.050330
v 0.006338 0.087325 0.046720
v 0.005754 0.086085 0.051815
v 0.007417 0.087101 0.046408
v 0.007266 0.085391 0.050952
v 0.007400 0.088590 0.041766
v -0.000971 0.087353 0.043084
v 0.001027 0.085604 0.048843
v 0.000469 0.084546 0.054600
v -0.002839 0.085673 0.048753
v -0.009305 0.087038 0.046198
v -0.008293 0.087296 0.046716
v -0.009314 0.088623 0.041763
v -0.013459 0.087562 0.044564
v -0.018284 0.087073 0.042373
v -0.027574 0.086273 0.032104
v -0.032321 0.084926 0.034136
v -0.026908 0.085937 0.033837
v -0.029964 0.085886 0.029533
v -0.035380 0.085311 0.022621
v -0.033694 0.085503 0.024512
v -0.037795 0.085986 0.028405
v -0.039677 0.084850 0.017176
v -0.039085 0.084985 0.018298
v -0.042612 0.086521 0.021958
v -0.042899 0.084794 0.012500
v -0.047687 0.084333 -0.009782
v -0.047191 0.083848 -0.007795
v -0.051433 0.084171 -0.005588
v -0.040116 0.085903 -0.011211
v -0.043228 0.084528 0.000454
v -0.043354 0.085451 0.003015
v -0.048869 0.086344 0.004394
v -0.038625 0.086329 -0.001949
v -0.047307 0.084493 -0.018546
v -0.047328 0.084368 -0.016573
v -0.041923 0.085031 -0.020410
v -0.053425 0.083747 -0.024417
v -0.048206 0.083477 -0.025603
v -0.048574 0.083272 -0.026958
v -0.042886 0.084388 -0.028961
v -0.049342 0.082249 -0.034447
v -0.048393 0.082224 -0.032930
v -0.055065 0.085984 -0.030970
v -0.043629 0.084322 -0.036365
v -0.053297 0.082799 -0.041942
v -0.056252 0.084420 -0.038650
v -0.057054 0.085540 -0.038091
v -0.045337 0.083237 -0.045080
v -0.051276 0.081082 -0.049960
v 0.042196 0.086027 0.003623
v 0.042756 0.085297 0.001226
v 0.036796 0.086446 -0.001938
v 0.044561 0.083551 -0.007605
v 0.048559 0.082032 -0.004128
v 0.038301 0.086037 -0.011196
v 0.044695 0.083562 -0.009665
v 0.049753 0.084767 -0.006945
v 0.044630 0.083941 -0.016911
v 0.040099 0.085169 -0.020403
v 0.045154 0.084259 -0.018666
v 0.045977 0.083255 -0.025552
v 0.050941 0.083010 -0.023858
v 0.045798 0.082774 -0.027301
v 0.051939 0.084399 -0.025773
v 0.041058 0.084525 -0.028957
v 0.046844 0.082207 -0.033300
v 0.052813 0.085299 -0.031459
v 0.047289 0.082169 -0.034703
v 0.053714 0.085779 -0.033160
v 0.041812 0.084452 -0.036353
v 0.048695 0.082009 -0.039854
v 0.053919 0.084417 -0.037738
v 0.048974 0.081736 -0.042168
v 0.053245 0.083571 -0.040472
v 0.043519 0.083365 -0.045068
v 0.049366 0.081056 -0.050728
v 0.055194 0.083605 -0.048254
v 0.030925 0.111275 0.010936
v 0.032308 0.110847 0.006672
v 0.028034 0.112031 0.019760
v 0.029537 0.111673 0.015202
v 0.023967 0.111473 0.010593
v -0.053728 0.087752 -0.014369
v -0.030876 0.107999 -0.034286
v -0.031420 0.111622 0.015201
v -0.023584 0.089139 -0.042095
v 0.028995 0.107999 -0.034282
v 0.021673 0.089129 -0.042094
v 0.052040 0.087648 -0.014383
v 0.047389 0.087539 0.004934
v 0.034046 0.086691 0.033329
v 0.032438 0.102880 0.032267
v 0.033613 0.093751 0.033911
v 0.034049 0.089516 0.034852
v 0.033353 0.099228 0.032689
v 0.042958 0.106518 -0.003818
v -0.044784 0.106421 -0.003843
v 0.010779 0.082385 0.054845
v 0.010056 0.087979 0.053162
v 0.008416 0.088705 0.053883
v 0.009285 0.082562 0.056121
v 0.001055 0.076116 0.052995
v 0.002673 0.076375 0.052807
v 0.002051 0.071846 0.055022
v 0.000225 0.072197 0.054961
v 0.006861 0.084138 0.047552
v 0.008388 0.083473 0.048149
v 0.008675 0.080975 0.048748
v 0.007030 0.081489 0.048362
v 0.010060 0.076139 0.051423
v 0.009231 0.078835 0.049940
v 0.010022 0.078466 0.050181
v 0.010687 0.076476 0.051321
v -0.000228 0.080957 0.052776
v -0.000152 0.078082 0.053040
v -0.000534 0.077509 0.054227
v 0.007649 0.079343 0.049867
v 0.000182 0.076590 0.053011
v 0.000619 0.079002 0.051576
v 0.001399 0.079324 0.051072
v 0.009877 0.079926 0.049686
v -0.000697 0.074054 0.055241
v -0.000373 0.072469 0.055413
v -0.000632 0.073025 0.055875
v 0.009644 0.082399 0.049152
v 0.010999 0.073663 0.052967
v 0.010446 0.072637 0.053668
v -0.000559 0.082636 0.055993
v -0.000703 0.082784 0.055234
v -0.001132 0.076631 0.056347
v -0.000828 0.076083 0.056997
v -0.000479 0.079503 0.054036
v 0.010357 0.084577 0.050578
v 0.010039 0.088438 0.050391
v 0.010512 0.087212 0.052484
v 0.010838 0.083102 0.053127
v -0.000631 0.086742 0.053583
v -0.000590 0.085794 0.053068
v -0.000655 0.083210 0.054352
v 0.010839 0.077725 0.051329
v 0.011224 0.074019 0.053664
v 0.004625 0.087202 0.047850
v 0.004684 0.089059 0.049111
v 0.006938 0.088837 0.048928
v 0.006727 0.086771 0.047942
v 0.005229 0.083032 0.057497
v 0.005085 0.089516 0.054671
v -0.000546 0.083843 0.053365
v -0.000352 0.084559 0.052323
v 0.010705 0.080505 0.051150
v 0.011348 0.077271 0.053837
v -0.000944 0.077920 0.055321
v -0.000258 0.072506 0.056257
v 0.001272 0.075928 0.057787
v 0.001815 0.072236 0.056572
v 0.001121 0.086138 0.049323
v 0.000270 0.085385 0.050490
v 0.000269 0.087199 0.050596
v 0.001011 0.087995 0.050076
v -0.000743 0.075580 0.054858
v -0.000756 0.077532 0.054820
v 0.004800 0.090616 0.051040
v 0.002036 0.090320 0.051460
v 0.001766 0.088669 0.054595
v 0.008570 0.088315 0.048894
v 0.009389 0.087573 0.049058
v 0.009433 0.085348 0.048914
v 0.008320 0.086091 0.048226
v 0.004814 0.081480 0.048226
v 0.002595 0.081583 0.048773
v 0.002457 0.084257 0.048012
v 0.004719 0.084343 0.047086
v 0.008620 0.072174 0.054215
v 0.008478 0.076455 0.051664
v 0.011224 0.075753 0.056031
v 0.009122 0.075807 0.057285
v 0.008568 0.072406 0.056260
v 0.010653 0.072518 0.055465
v 0.000343 0.080545 0.050953
v 0.005391 0.071654 0.054753
v 0.005229 0.072187 0.056616
v 0.000202 0.082879 0.050578
v 0.001065 0.081342 0.049600
v 0.001107 0.082871 0.057157
v 0.000323 0.089638 0.051643
v 0.002510 0.088717 0.049537
v 0.002521 0.086868 0.048408
v 0.000009 0.087751 0.054202
v 0.002884 0.079628 0.050494
v -0.000344 0.087812 0.051870
v 0.005516 0.076454 0.051973
v 0.005275 0.079420 0.049873
v 0.001017 0.083775 0.049130
v 0.007743 0.090554 0.050724
v 0.005272 0.075937 0.058031
v 0.009445 0.090217 0.050526
v -0.012468 0.082385 0.054845
v -0.010974 0.082562 0.056121
v -0.010105 0.088705 0.053883
v -0.011745 0.087979 0.053162
v -0.002744 0.076116 0.052995
v -0.001914 0.072197 0.054961
v -0.003740 0.071846 0.055022
v -0.004362 0.076375 0.052807
v -0.008550 0.084138 0.047552
v -0.008720 0.081489 0.048362
v -0.010364 0.080975 0.048748
v -0.010077 0.083473 0.048149
v -0.011749 0.076139 0.051423
v -0.012376 0.076476 0.051321
v -0.011711 0.078466 0.050181
v -0.010920 0.078835 0.049940
v -0.001461 0.080957 0.052776
v -0.001155 0.077509 0.054227
v -0.001537 0.078082 0.053040
v -0.009338 0.079343 0.049867
v -0.003088 0.079324 0.051072
v -0.002308 0.079002 0.051576
v -0.001871 0.076590 0.053011
v -0.011566 0.079926 0.049686
v -0.000992 0.074054 0.055241
v -0.001057 0.073025 0.055875
v -0.001316 0.072469 0.055413
v -0.011333 0.082399 0.049152
v -0.012136 0.072637 0.053668
v -0.012688 0.073663 0.052968
v -0.001130 0.082636 0.055993
v -0.000861 0.076083 0.056997
v -0.000557 0.076631 0.056347
v -0.000986 0.082784 0.055234
v -0.001210 0.079503 0.054036
v -0.012047 0.084577 0.050578
v -0.012527 0.083102 0.053127
v -0.012201 0.087212 0.052484
v -0.011729 0.088438 0.050391
v -0.001034 0.083210 0.054352
v -0.001099 0.085794 0.053068
v -0.001058 0.086742 0.053583
v -0.012528 0.077725 0.051329
v -0.012913 0.074019 0.053664
v -0.006314 0.087202 0.047850
v -0.008416 0.086771 0.047942
v -0.008628 0.088837 0.048928
v -0.006373 0.089059 0.049111
v -0.006918 0.083032 0.057497
v -0.006774 0.089516 0.054671
v -0.001143 0.083843 0.053365
v -0.001337 0.084559 0.052323
v -0.013038 0.077271 0.053837
v -0.012394 0.080505 0.051150
v -0.000746 0.077920 0.055321
v -0.001431 0.072506 0.056257
v -0.002961 0.075928 0.057787
v -0.003504 0.072236 0.056572
v -0.002810 0.086138 0.049324
v -0.002700 0.087995 0.050076
v -0.001958 0.087199 0.050596
v -0.001959 0.085385 0.050490
v -0.000946 0.075580 0.054858
v -0.000933 0.077532 0.054820
v -0.006490 0.090616 0.051040
v -0.003455 0.088669 0.054595
v -0.003725 0.090320 0.051460
v -0.010259 0.088315 0.048894
v -0.010009 0.086091 0.048226
v -0.011123 0.085348 0.048914
v -0.011078 0.087573 0.049058
v -0.006503 0.081480 0.048226
v -0.006408 0.084343 0.047086
v -0.004146 0.084257 0.048012
v -0.004284 0.081583 0.048773
v -0.010167 0.076455 0.051664
v -0.010310 0.072174 0.054215
v -0.012913 0.075753 0.056031
v -0.012342 0.072518 0.055465
v -0.010257 0.072406 0.056260
v -0.010811 0.075807 0.057285
v -0.002032 0.080545 0.050953
v -0.006918 0.072187 0.056616
v -0.007080 0.071654 0.054753
v -0.001891 0.082879 0.050578
v -0.002754 0.081342 0.049600
v -0.002796 0.082871 0.057157
v -0.004199 0.088717 0.049537
v -0.002012 0.089638 0.051643
v -0.004210 0.086868 0.048408
v -0.001698 0.087751 0.054202
v -0.004573 0.079628 0.050494
v -0.001345 0.087812 0.051870
v -0.007205 0.076454 0.051973
v -0.006964 0.079420 0.049873
v -0.002706 0.083775 0.049130
v -0.009432 0.090554 0.050724
v -0.006961 0.075937 0.058031
v -0.011134 0.090217 0.050526
v 0.011172 0.076226 0.050236
v 0.012118 0.076155 0.050198
v 0.012662 0.072927 0.052981
v 0.011479 0.073381 0.052946
v 0.015678 0.081838 0.054303
v 0.014823 0.087680 0.051207
v 0.013033 0.087113 0.051804
v 0.013526 0.081680 0.054717
v 0.015510 0.082398 0.043696
v 0.015609 0.080172 0.044520
v 0.014156 0.080495 0.044585
v 0.014042 0.082819 0.043694
v 0.017008 0.075737 0.047441
v 0.015969 0.078197 0.045693
v 0.016903 0.077787 0.045472
v 0.018060 0.075836 0.046744
v 0.014467 0.078424 0.046280
v 0.012863 0.078355 0.047084
v 0.012590 0.080486 0.044963
v 0.016900 0.079084 0.044836
v 0.018470 0.076696 0.046424
v 0.016922 0.081344 0.044218
v 0.018456 0.079174 0.046123
v 0.018284 0.086270 0.048524
v 0.018745 0.085365 0.047526
v 0.017947 0.086543 0.045468
v 0.017014 0.088323 0.045844
v 0.010877 0.080409 0.047180
v 0.010908 0.082524 0.046517
v 0.011473 0.082855 0.045125
v 0.011477 0.080545 0.046002
v 0.019681 0.073392 0.048788
v 0.018911 0.072742 0.049836
v 0.020229 0.071779 0.051427
v 0.020399 0.073330 0.049240
v 0.020403 0.076066 0.049022
v 0.020255 0.074733 0.051361
v 0.016089 0.087135 0.044123
v 0.017038 0.086442 0.044008
v 0.016991 0.084221 0.043919
v 0.015645 0.084902 0.043496
v 0.012532 0.082936 0.044052
v 0.014706 0.087410 0.044773
v 0.015500 0.088875 0.046696
v 0.010537 0.079610 0.048436
v 0.010570 0.081684 0.048059
v 0.012000 0.081468 0.054322
v 0.011781 0.086466 0.051860
v 0.016667 0.072231 0.051241
v 0.015184 0.075937 0.048634
v 0.011730 0.075392 0.055417
v 0.011639 0.072292 0.055225
v 0.013033 0.071766 0.055178
v 0.013221 0.074954 0.055531
v 0.010914 0.074398 0.052261
v 0.010627 0.076605 0.050198
v 0.010899 0.074647 0.053100
v 0.010879 0.077347 0.053186
v 0.010627 0.078314 0.048870
v 0.011015 0.078463 0.048469
v 0.013822 0.088951 0.047661
v 0.016967 0.087247 0.049879
v 0.011074 0.084740 0.046509
v 0.011208 0.086661 0.047208
v 0.012106 0.087165 0.046441
v 0.011752 0.085156 0.045342
v 0.012374 0.088561 0.048469
v 0.010437 0.077690 0.050187
v 0.010463 0.080003 0.050054
v 0.011330 0.087863 0.049000
v 0.011734 0.078467 0.047907
v 0.011092 0.085744 0.051479
v 0.010785 0.086230 0.049362
v 0.010752 0.085925 0.047874
v 0.010586 0.083266 0.049736
v 0.011038 0.082070 0.052502
v 0.010665 0.084103 0.047839
v 0.019565 0.081452 0.048291
v 0.019569 0.080952 0.050492
v 0.018278 0.083025 0.045725
v 0.013392 0.076049 0.049722
v 0.014227 0.085236 0.043777
v 0.017749 0.081416 0.052687
v 0.017796 0.074423 0.053501
v 0.015492 0.074613 0.054866
v 0.012810 0.085337 0.044340
v 0.013292 0.087421 0.045581
v 0.015208 0.071261 0.054422
v 0.014411 0.072324 0.052380
v 0.017603 0.071215 0.053255
v -0.012861 0.076226 0.050236
v -0.013168 0.073381 0.052946
v -0.014351 0.072927 0.052981
v -0.013807 0.076155 0.050198
v -0.017367 0.081838 0.054303
v -0.015215 0.081680 0.054717
v -0.014722 0.087113 0.051804
v -0.016512 0.087680 0.051207
v -0.017199 0.082398 0.043696
v -0.015731 0.082819 0.043694
v -0.015845 0.080495 0.044585
v -0.017298 0.080172 0.044520
v -0.018697 0.075737 0.047441
v -0.019749 0.075836 0.046744
v -0.018592 0.077787 0.045472
v -0.017658 0.078197 0.045693
v -0.014280 0.080486 0.044963
v -0.014552 0.078355 0.047084
v -0.016156 0.078424 0.046280
v -0.018589 0.079084 0.044836
v -0.020159 0.076696 0.046424
v -0.020146 0.079174 0.046123
v -0.018611 0.081344 0.044218
v -0.019973 0.086270 0.048524
v -0.018703 0.088323 0.045844
v -0.019636 0.086543 0.045468
v -0.020434 0.085365 0.047526
v -0.012566 0.080409 0.047180
v -0.013166 0.080545 0.046002
v -0.013162 0.082855 0.045125
v -0.012597 0.082524 0.046517
v -0.020600 0.072742 0.049835
v -0.021370 0.073392 0.048788
v -0.021918 0.071779 0.051427
v -0.021944 0.074733 0.051361
v -0.022092 0.076066 0.049022
v -0.022089 0.073330 0.049240
v -0.017778 0.087135 0.044123
v -0.017334 0.084902 0.043496
v -0.018680 0.084221 0.043919
v -0.018727 0.086442 0.044008
v -0.014221 0.082936 0.044052
v -0.017189 0.088875 0.046696
v -0.016395 0.087410 0.044773
v -0.012260 0.081684 0.048059
v -0.012226 0.079610 0.048436
v -0.013689 0.081468 0.054322
v -0.013470 0.086466 0.051860
v -0.016873 0.075937 0.048634
v -0.018356 0.072231 0.051241
v -0.013419 0.075392 0.055417
v -0.014910 0.074954 0.055531
v -0.014722 0.071766 0.055178
v -0.013328 0.072292 0.055225
v -0.012316 0.076605 0.050198
v -0.012603 0.074398 0.052261
v -0.012588 0.074647 0.053100
v -0.012568 0.077347 0.053186
v -0.012704 0.078463 0.048469
v -0.012316 0.078314 0.048870
v -0.015511 0.088951 0.047661
v -0.018656 0.087247 0.049879
v -0.012763 0.084740 0.046509
v -0.013441 0.085156 0.045342
v -0.013795 0.087165 0.046441
v -0.012897 0.086661 0.047208
v -0.014063 0.088561 0.048469
v -0.012126 0.077690 0.050187
v -0.012152 0.080003 0.050054
v -0.013019 0.087863 0.049000
v -0.013423 0.078467 0.047907
v -0.012781 0.085744 0.051479
v -0.012474 0.086230 0.049362
v -0.012441 0.085925 0.047874
v -0.012728 0.082070 0.052502
v -0.012275 0.083266 0.049736
v -0.012354 0.084103 0.047839
v -0.021258 0.080952 0.050492
v -0.021254 0.081452 0.048291
v -0.019967 0.083025 0.045725
v -0.015081 0.076049 0.049722
v -0.015916 0.085236 0.043777
v -0.019438 0.081416 0.052687
v -0.019485 0.074423 0.053501
v -0.017181 0.074613 0.054866
v -0.014499 0.085337 0.044340
v -0.014981 0.087421 0.045581
v -0.016897 0.071261 0.054422
v -0.016100 0.072324 0.052380
v -0.019292 0.071215 0.053255
v 0.021684 0.080773 0.037477
v 0.020514 0.081533 0.038167
v 0.020444 0.083721 0.038043
v 0.021875 0.082950 0.037256
v 0.024269 0.068624 0.045827
v 0.023447 0.068132 0.045423
v 0.024205 0.068274 0.044190
v 0.025077 0.068777 0.044387
v 0.025089 0.071906 0.040690
v 0.024500 0.071928 0.041177
v 0.023950 0.074746 0.039940
v 0.024158 0.075141 0.039306
v 0.024129 0.072407 0.041281
v 0.023760 0.074422 0.040422
v 0.022425 0.085857 0.037139
v 0.023643 0.088642 0.037258
v 0.024421 0.087620 0.036984
v 0.023868 0.084797 0.037046
v 0.023431 0.074050 0.041024
v 0.023975 0.071311 0.041938
v 0.023145 0.076281 0.039241
v 0.022895 0.077062 0.038622
v 0.022793 0.077770 0.038088
v 0.022709 0.073498 0.041836
v 0.023407 0.070292 0.042941
v 0.018685 0.079997 0.041507
v 0.019513 0.078190 0.041882
v 0.019238 0.077738 0.043216
v 0.018313 0.079395 0.042999
v 0.020706 0.073954 0.044514
v 0.020471 0.074503 0.045021
v 0.020014 0.075775 0.044370
v 0.020033 0.075879 0.043677
v 0.020288 0.075897 0.042608
v 0.019482 0.076772 0.044372
v 0.021338 0.080531 0.049157
v 0.020985 0.085951 0.048125
v 0.020016 0.085428 0.048220
v 0.019795 0.081616 0.048612
v 0.024839 0.089658 0.040132
v 0.026046 0.089284 0.038572
v 0.022282 0.089217 0.038548
v 0.018580 0.078063 0.044419
v 0.021226 0.072206 0.045547
v 0.020874 0.073172 0.045660
v 0.021523 0.071014 0.046497
v 0.021553 0.070791 0.047403
v 0.020413 0.073186 0.046941
v 0.020790 0.073002 0.046199
v 0.020397 0.078537 0.040300
v 0.021348 0.078742 0.038909
v 0.022100 0.076738 0.040058
v 0.021047 0.076176 0.041357
v 0.020104 0.075113 0.045403
v 0.022054 0.078401 0.038277
v 0.022725 0.076748 0.039271
v 0.019404 0.075941 0.045815
v 0.026334 0.087443 0.037955
v 0.024684 0.069634 0.042413
v 0.025555 0.069572 0.042248
v 0.023260 0.080353 0.048433
v 0.022571 0.086374 0.047190
v 0.018447 0.089575 0.043228
v 0.017303 0.089461 0.044736
v 0.019205 0.089534 0.046575
v 0.020434 0.089845 0.045226
v 0.017992 0.083760 0.046993
v 0.018593 0.087696 0.046995
v 0.026996 0.086390 0.042476
v 0.027802 0.085885 0.040787
v 0.017145 0.088472 0.045514
v 0.021703 0.073113 0.042731
v 0.026743 0.070794 0.041306
v 0.027836 0.074576 0.040781
v 0.027383 0.074288 0.043048
v 0.026328 0.070706 0.043584
v 0.022684 0.089822 0.042752
v 0.020276 0.089591 0.040835
v 0.025220 0.078538 0.037897
v 0.027166 0.075944 0.039169
v 0.025968 0.072674 0.039739
v 0.024479 0.075884 0.038461
v 0.017804 0.079586 0.046757
v 0.018414 0.077105 0.046253
v 0.019778 0.074048 0.047845
v 0.019506 0.076488 0.048746
v 0.025022 0.086787 0.045173
v 0.026033 0.080523 0.046274
v 0.027711 0.080113 0.043231
v 0.018793 0.083941 0.039514
v 0.019078 0.086932 0.039859
v 0.020905 0.086563 0.038096
v 0.028305 0.079916 0.041272
v 0.016836 0.086544 0.043664
v 0.016962 0.083439 0.043150
v 0.017043 0.082080 0.044821
v 0.016891 0.085552 0.045148
v 0.027773 0.080701 0.039814
v 0.027678 0.085144 0.039777
v 0.025922 0.083228 0.037897
v 0.021021 0.073376 0.043725
v 0.021784 0.071099 0.045092
v 0.017469 0.081088 0.042956
v 0.017515 0.083936 0.041432
v 0.017932 0.081660 0.041350
v 0.017648 0.086893 0.041987
v 0.021753 0.079452 0.037822
v 0.025195 0.070833 0.045888
v 0.025945 0.074444 0.046131
v 0.023090 0.074090 0.048770
v 0.023260 0.071110 0.047767
v 0.023327 0.081348 0.037218
v 0.021280 0.071768 0.048540
v 0.021028 0.074444 0.049589
v 0.022561 0.069312 0.046233
v 0.022526 0.070236 0.044168
v 0.019765 0.080123 0.039801
v 0.020847 0.080060 0.038438
v 0.023172 0.069425 0.046943
v 0.019165 0.081686 0.039562
v 0.022918 0.078912 0.037561
v 0.017630 0.079614 0.044548
v -0.023373 0.080773 0.037477
v -0.023564 0.082950 0.037256
v -0.022133 0.083721 0.038043
v -0.022204 0.081533 0.038167
v -0.025958 0.068624 0.045827
v -0.026766 0.068777 0.044387
v -0.025894 0.068274 0.044190
v -0.025136 0.068132 0.045423
v -0.026778 0.071906 0.040690
v -0.025847 0.075141 0.039306
v -0.025639 0.074746 0.039940
v -0.026189 0.071928 0.041177
v -0.025449 0.074422 0.040422
v -0.025819 0.072407 0.041281
v -0.024114 0.085857 0.037139
v -0.025557 0.084797 0.037046
v -0.026110 0.087620 0.036984
v -0.025332 0.088642 0.037258
v -0.025120 0.074050 0.041024
v -0.025664 0.071311 0.041938
v -0.024584 0.077062 0.038622
v -0.024834 0.076281 0.039241
v -0.024482 0.077770 0.038088
v -0.024398 0.073498 0.041836
v -0.025097 0.070292 0.042941
v -0.020374 0.079997 0.041507
v -0.020002 0.079395 0.042999
v -0.020927 0.077738 0.043216
v -0.021203 0.078190 0.041882
v -0.022395 0.073954 0.044514
v -0.021722 0.075879 0.043677
v -0.021703 0.075775 0.044370
v -0.022160 0.074503 0.045021
v -0.021977 0.075897 0.042608
v -0.021171 0.076772 0.044372
v -0.023028 0.080531 0.049157
v -0.021484 0.081616 0.048612
v -0.021705 0.085428 0.048220
v -0.022674 0.085951 0.048125
v -0.026528 0.089658 0.040132
v -0.023971 0.089217 0.038548
v -0.027735 0.089284 0.038572
v -0.020269 0.078063 0.044419
v -0.022563 0.073172 0.045660
v -0.022915 0.072206 0.045547
v -0.023212 0.071014 0.046497
v -0.022479 0.073002 0.046199
v -0.022102 0.073186 0.046941
v -0.023242 0.070791 0.047403
v -0.022086 0.078537 0.040300
v -0.022736 0.076176 0.041357
v -0.023789 0.076738 0.040058
v -0.023037 0.078742 0.038909
v -0.021793 0.075113 0.045403
v -0.024414 0.076748 0.039271
v -0.023743 0.078401 0.038277
v -0.021094 0.075941 0.045815
v -0.028023 0.087443 0.037955
v -0.027244 0.069572 0.042248
v -0.026374 0.069634 0.042413
v -0.024260 0.086374 0.047190
v -0.024949 0.080353 0.048433
v -0.020136 0.089575 0.043228
v -0.022123 0.089845 0.045226
v -0.020894 0.089534 0.046575
v -0.018992 0.089461 0.044736
v -0.019681 0.083760 0.046993
v -0.020282 0.087696 0.046995
v -0.029491 0.085885 0.040787
v -0.028685 0.086390 0.042476
v -0.018834 0.088472 0.045514
v -0.023392 0.073113 0.042731
v -0.028432 0.070794 0.041306
v -0.028017 0.070706 0.043584
v -0.029072 0.074288 0.043048
v -0.029525 0.074576 0.040781
v -0.021965 0.089591 0.040835
v -0.024373 0.089822 0.042752
v -0.026909 0.078538 0.037897
v -0.026168 0.075884 0.038461
v -0.027657 0.072674 0.039739
v -0.028856 0.075944 0.039169
v -0.019493 0.079586 0.046757
v -0.021196 0.076488 0.048746
v -0.021467 0.074048 0.047845
v -0.020103 0.077105 0.046253
v -0.026711 0.086787 0.045173
v -0.027722 0.080523 0.046274
v -0.029400 0.080113 0.043231
v -0.020483 0.083941 0.039514
v -0.022594 0.086563 0.038096
v -0.020767 0.086932 0.039859
v -0.029994 0.079916 0.041272
v -0.018525 0.086544 0.043664
v -0.018580 0.085552 0.045148
v -0.018732 0.082080 0.044821
v -0.018651 0.083439 0.043150
v -0.029462 0.080701 0.039814
v -0.029367 0.085144 0.039777
v -0.027611 0.083228 0.037897
v -0.023473 0.071099 0.045092
v -0.022710 0.073376 0.043725
v -0.019158 0.081088 0.042956
v -0.019621 0.081660 0.041350
v -0.019204 0.083936 0.041432
v -0.019337 0.086893 0.041987
v -0.023443 0.079452 0.037822
v -0.026884 0.070833 0.045888
v -0.024949 0.071110 0.047767
v -0.024779 0.074090 0.048770
v -0.027634 0.074444 0.046131
v -0.025016 0.081348 0.037218
v -0.022969 0.071768 0.048540
v -0.022717 0.074444 0.049589
v -0.024215 0.070236 0.044168
v -0.024250 0.069312 0.046233
v -0.022536 0.080060 0.038438
v -0.021454 0.080123 0.039801
v -0.024861 0.069425 0.046943
v -0.020855 0.081686 0.039562
v -0.024607 0.078912 0.037561
v -0.019319 0.079614 0.044548
v 0.023546 0.079240 0.036266
v 0.025204 0.079960 0.037805
v 0.025361 0.083867 0.036810
v 0.023752 0.083055 0.035537
v 0.032179 0.088498 0.030247
v 0.029976 0.088228 0.029507
v 0.029155 0.088430 0.030864
v 0.031563 0.088702 0.031644
v 0.023924 0.076383 0.036568
v 0.025561 0.076280 0.038269
v 0.024950 0.073557 0.036087
v 0.024453 0.074459 0.036462
v 0.023916 0.075017 0.035449
v 0.024252 0.074677 0.034826
v 0.026147 0.073794 0.038050
v 0.023602 0.075942 0.034508
v 0.023015 0.078318 0.034178
v 0.023270 0.078451 0.033103
v 0.023644 0.075693 0.033758
v 0.023456 0.076261 0.035241
v 0.028342 0.071930 0.031658
v 0.026699 0.072888 0.029874
v 0.027649 0.073904 0.028404
v 0.029018 0.072611 0.029504
v 0.022950 0.078595 0.034970
v 0.024828 0.074819 0.030705
v 0.025570 0.072094 0.031550
v 0.024729 0.073018 0.032953
v 0.023977 0.075232 0.032111
v 0.028000 0.077608 0.027015
v 0.028086 0.075583 0.027315
v 0.027236 0.075389 0.027904
v 0.026891 0.077860 0.027704
v 0.029821 0.073080 0.027792
v 0.028451 0.074369 0.027522
v 0.029249 0.074925 0.026974
v 0.030339 0.074187 0.026957
v 0.024003 0.082412 0.031409
v 0.023439 0.082129 0.032666
v 0.024223 0.085661 0.032616
v 0.024887 0.085823 0.031410
v 0.029121 0.076049 0.026776
v 0.025475 0.087775 0.033050
v 0.023712 0.085374 0.033601
v 0.024800 0.087416 0.034068
v 0.028966 0.078113 0.026578
v 0.034171 0.071205 0.030739
v 0.035515 0.071620 0.031259
v 0.034954 0.071416 0.033318
v 0.033294 0.070893 0.032600
v 0.031294 0.084106 0.038027
v 0.030621 0.087226 0.036942
v 0.029762 0.086622 0.037467
v 0.029866 0.084135 0.038454
v 0.030345 0.071192 0.037698
v 0.032261 0.071406 0.038115
v 0.031186 0.071665 0.039085
v 0.029150 0.071538 0.038902
v 0.028712 0.088473 0.035919
v 0.026454 0.088295 0.034877
v 0.025844 0.086904 0.035796
v 0.028073 0.087186 0.036844
v 0.030249 0.078749 0.026385
v 0.032157 0.079143 0.026996
v 0.032521 0.075537 0.027083
v 0.030402 0.076077 0.026523
v 0.033767 0.079427 0.028472
v 0.034395 0.075702 0.028623
v 0.034644 0.072809 0.029203
v 0.035712 0.072703 0.030081
v 0.031593 0.079370 0.039079
v 0.032944 0.079087 0.038133
v 0.032592 0.084075 0.037116
v 0.032576 0.072985 0.027726
v 0.035915 0.075457 0.029726
v 0.023733 0.078512 0.031722
v 0.035267 0.079381 0.029506
v 0.036451 0.074991 0.030940
v 0.024796 0.082487 0.030122
v 0.024550 0.078550 0.030327
v 0.032251 0.071767 0.028608
v 0.025912 0.075290 0.029161
v 0.025616 0.078443 0.028915
v 0.031859 0.074692 0.039190
v 0.032932 0.074428 0.038299
v 0.030264 0.072673 0.039772
v 0.028490 0.072974 0.039545
v 0.031619 0.087453 0.035931
v 0.029569 0.088708 0.034787
v 0.025700 0.073338 0.035273
v 0.027576 0.072557 0.036922
v 0.026570 0.072639 0.037700
v 0.030322 0.075388 0.040021
v 0.026564 0.072929 0.034377
v 0.024497 0.074310 0.034393
v 0.030001 0.079880 0.039682
v 0.028111 0.076151 0.039969
v 0.030672 0.087964 0.028281
v 0.032670 0.088301 0.028995
v 0.033054 0.087862 0.028021
v 0.031167 0.087355 0.027359
v 0.035569 0.074455 0.033981
v 0.035955 0.074685 0.032896
v 0.036335 0.079202 0.031735
v 0.036126 0.079099 0.033148
v 0.036210 0.079294 0.030459
v 0.034557 0.083357 0.029231
v 0.035170 0.083416 0.030147
v 0.031456 0.085752 0.026988
v 0.033193 0.086348 0.027728
v 0.034353 0.086050 0.028544
v 0.034444 0.086639 0.029130
v 0.034173 0.086838 0.030213
v 0.032931 0.070649 0.033710
v 0.034635 0.071298 0.034298
v 0.034065 0.070788 0.035516
v 0.032350 0.070341 0.035056
v 0.028079 0.087325 0.029058
v 0.028888 0.086898 0.027879
v 0.027509 0.084910 0.027679
v 0.026597 0.085405 0.028843
v 0.033910 0.084061 0.035700
v 0.032705 0.087464 0.034456
v 0.025706 0.085736 0.030130
v 0.027187 0.087646 0.030375
v 0.030021 0.082154 0.026471
v 0.029869 0.084782 0.026615
v 0.031677 0.082911 0.027118
v 0.029509 0.086200 0.027029
v 0.028342 0.084369 0.026928
v 0.028893 0.083859 0.026601
v 0.031399 0.070720 0.036582
v 0.028864 0.072534 0.035615
v 0.027389 0.072232 0.033311
v 0.023452 0.084934 0.034238
v 0.024243 0.086047 0.034821
v 0.027655 0.084164 0.037987
v 0.027694 0.080267 0.039389
v 0.028828 0.081352 0.026534
v 0.035262 0.083496 0.031222
v 0.027916 0.081089 0.026899
v 0.034841 0.083878 0.033955
v 0.035461 0.079140 0.034818
v 0.035186 0.083638 0.032457
v 0.030661 0.088798 0.033224
v 0.033226 0.083350 0.028273
v 0.023037 0.081879 0.033719
v 0.022988 0.082132 0.034558
v 0.027241 0.088577 0.033766
v 0.033473 0.087235 0.032866
v 0.033985 0.074135 0.037060
v 0.034944 0.074126 0.035465
v 0.034273 0.079117 0.036690
v 0.031214 0.071903 0.031289
v 0.030628 0.071881 0.033175
v 0.029737 0.072168 0.034485
v 0.033219 0.070930 0.036947
v 0.028220 0.088562 0.032337
v 0.026298 0.087810 0.031757
v 0.025757 0.082150 0.028811
v 0.026857 0.081485 0.027630
v 0.033854 0.086980 0.031480
v -0.025235 0.079240 0.036266
v -0.025441 0.083055 0.035537
v -0.027050 0.083867 0.036810
v -0.026893 0.079960 0.037805
v -0.033868 0.088498 0.030247
v -0.033252 0.088702 0.031644
v -0.030845 0.088430 0.030864
v -0.031665 0.088228 0.029507
v -0.027250 0.076280 0.038269
v -0.025613 0.076383 0.036568
v -0.026639 0.073557 0.036087
v -0.025941 0.074677 0.034826
v -0.025605 0.075017 0.035449
v -0.026142 0.074459 0.036462
v -0.027836 0.073794 0.038050
v -0.025291 0.075942 0.034508
v -0.025333 0.075693 0.033758
v -0.024959 0.078451 0.033103
v -0.024704 0.078318 0.034178
v -0.025145 0.076261 0.035241
v -0.030031 0.071930 0.031658
v -0.030708 0.072611 0.029504
v -0.029338 0.073904 0.028404
v -0.028388 0.072888 0.029874
v -0.024639 0.078595 0.034970
v -0.026518 0.074819 0.030705
v -0.025667 0.075232 0.032111
v -0.026418 0.073018 0.032953
v -0.027259 0.072094 0.031550
v -0.029689 0.077608 0.027015
v -0.028580 0.077860 0.027704
v -0.028926 0.075389 0.027904
v -0.029775 0.075583 0.027315
v -0.031511 0.073080 0.027792
v -0.032028 0.074187 0.026957
v -0.030938 0.074925 0.026974
v -0.030140 0.074369 0.027522
v -0.025692 0.082412 0.031409
v -0.026576 0.085823 0.031410
v -0.025912 0.085661 0.032616
v -0.025128 0.082129 0.032666
v -0.030810 0.076049 0.026776
v -0.027165 0.087775 0.033050
v -0.026489 0.087416 0.034068
v -0.025401 0.085374 0.033601
v -0.030655 0.078113 0.026578
v -0.035860 0.071205 0.030739
v -0.034983 0.070893 0.032600
v -0.036643 0.071416 0.033318
v -0.037204 0.071620 0.031259
v -0.032983 0.084106 0.038027
v -0.031555 0.084135 0.038454
v -0.031451 0.086622 0.037467
v -0.032310 0.087226 0.036942
v -0.032034 0.071192 0.037698
v -0.030840 0.071538 0.038902
v -0.032875 0.071665 0.039085
v -0.033950 0.071406 0.038115
v -0.030401 0.088473 0.035919
v -0.029762 0.087186 0.036844
v -0.027533 0.086904 0.035796
v -0.028143 0.088295 0.034877
v -0.031938 0.078749 0.026385
v -0.032091 0.076077 0.026523
v -0.034210 0.075537 0.027083
v -0.033846 0.079143 0.026996
v -0.036084 0.075702 0.028623
v -0.035456 0.079427 0.028472
v -0.037401 0.072703 0.030081
v -0.036333 0.072809 0.029203
v -0.034281 0.084075 0.037116
v -0.034633 0.079087 0.038133
v -0.033282 0.079370 0.039079
v -0.034265 0.072985 0.027726
v -0.037604 0.075457 0.029726
v -0.025422 0.078512 0.031722
v -0.036956 0.079381 0.029506
v -0.038141 0.074991 0.030940
v -0.026485 0.082487 0.030122
v -0.026239 0.078550 0.030327
v -0.033940 0.071767 0.028608
v -0.027601 0.075290 0.029161
v -0.027305 0.078443 0.028915
v -0.034621 0.074428 0.038299
v -0.033548 0.074692 0.039190
v -0.030179 0.072974 0.039545
v -0.031953 0.072673 0.039772
v -0.031258 0.088708 0.034787
v -0.033308 0.087453 0.035931
v -0.027389 0.073338 0.035273
v -0.028259 0.072639 0.037700
v -0.029265 0.072557 0.036922
v -0.032011 0.075388 0.040021
v -0.028254 0.072929 0.034377
v -0.026187 0.074310 0.034393
v -0.031690 0.079880 0.039682
v -0.029800 0.076151 0.039969
v -0.032361 0.087964 0.028281
v -0.032856 0.087355 0.027359
v -0.034743 0.087862 0.028021
v -0.034359 0.088301 0.028995
v -0.037258 0.074455 0.033981
v -0.037815 0.079099 0.033148
v -0.038024 0.079202 0.031735
v -0.037644 0.074685 0.032896
v -0.037899 0.079294 0.030459
v -0.036860 0.083416 0.030147
v -0.036246 0.083357 0.029231
v -0.033145 0.085752 0.026988
v -0.034882 0.086348 0.027728
v -0.036042 0.086050 0.028544
v -0.036133 0.086639 0.029130
v -0.035862 0.086838 0.030213
v -0.034620 0.070649 0.033710
v -0.034039 0.070341 0.035056
v -0.035754 0.070788 0.035516
v -0.036324 0.071298 0.034298
v -0.029768 0.087325 0.029058
v -0.028286 0.085405 0.028843
v -0.029198 0.084910 0.027679
v -0.030577 0.086898 0.027879
v -0.035599 0.084061 0.035700
v -0.034394 0.087464 0.034456
v -0.028876 0.087646 0.030375
v -0.027395 0.085736 0.030130
v -0.031710 0.082154 0.026471
v -0.033366 0.082911 0.027118
v -0.031558 0.084782 0.026615
v -0.030031 0.084369 0.026928
v -0.031198 0.086200 0.027029
v -0.030582 0.083859 0.026601
v -0.033089 0.070720 0.036582
v -0.030553 0.072534 0.035615
v -0.029078 0.072232 0.033311
v -0.025932 0.086047 0.034821
v -0.025142 0.084934 0.034238
v -0.029344 0.084164 0.037987
v -0.029383 0.080267 0.039389
v -0.030517 0.081352 0.026534
v -0.036951 0.083496 0.031222
v -0.029605 0.081089 0.026899
v -0.036530 0.083878 0.033955
v -0.036875 0.083638 0.032457
v -0.037150 0.079140 0.034818
v -0.032350 0.088798 0.033224
v -0.034915 0.083350 0.028273
v -0.024726 0.081879 0.033719
v -0.024677 0.082132 0.034558
v -0.028930 0.088577 0.033766
v -0.035162 0.087235 0.032866
v -0.035675 0.074135 0.037060
v -0.035962 0.079117 0.036690
v -0.036633 0.074126 0.035465
v -0.032317 0.071881 0.033175
v -0.032903 0.071903 0.031289
v -0.031426 0.072168 0.034485
v -0.034908 0.070930 0.036947
v -0.027987 0.087810 0.031757
v -0.029909 0.088562 0.032337
v -0.027446 0.082150 0.028811
v -0.028546 0.081485 0.027630
v -0.035543 0.086980 0.031480
v 0.031931 0.080893 0.026032
v 0.033239 0.080912 0.027505
v 0.033250 0.086138 0.026929
v 0.032095 0.085521 0.025698
v 0.032337 0.076562 0.026082
v 0.033647 0.076098 0.027674
v 0.034002 0.073571 0.024390
v 0.033161 0.074296 0.025651
v 0.032107 0.074661 0.025056
v 0.032414 0.074031 0.023910
v 0.034306 0.073271 0.027346
v 0.031246 0.076658 0.025115
v 0.030971 0.080731 0.024947
v 0.030972 0.076255 0.023786
v 0.035382 0.079999 0.014486
v 0.035274 0.075254 0.014730
v 0.034597 0.074979 0.015416
v 0.034432 0.079901 0.015402
v 0.038040 0.072585 0.016288
v 0.036120 0.073075 0.015045
v 0.037032 0.073647 0.014204
v 0.038379 0.073627 0.015229
v 0.035497 0.072776 0.015791
v 0.036549 0.075715 0.013670
v 0.031188 0.075113 0.020619
v 0.031216 0.075851 0.022277
v 0.031005 0.080474 0.022131
v 0.031447 0.080476 0.020275
v 0.039864 0.090838 0.018108
v 0.038403 0.091651 0.017115
v 0.037535 0.091598 0.018758
v 0.039043 0.090864 0.019696
v 0.036580 0.080413 0.013663
v 0.037045 0.084261 0.027800
v 0.036855 0.089091 0.027299
v 0.036228 0.088455 0.027893
v 0.036127 0.084620 0.028188
v 0.037092 0.072186 0.027118
v 0.038166 0.072616 0.028175
v 0.037401 0.072963 0.028944
v 0.036293 0.071958 0.028373
v 0.035391 0.091170 0.026430
v 0.033821 0.091686 0.025474
v 0.033380 0.090141 0.026338
v 0.035004 0.089661 0.027330
v 0.038149 0.080725 0.013800
v 0.039880 0.080725 0.014745
v 0.039715 0.075689 0.015114
v 0.038174 0.075990 0.014053
v 0.041288 0.079617 0.016456
v 0.041854 0.075414 0.016538
v 0.037528 0.072161 0.016976
v 0.041637 0.072274 0.018068
v 0.041856 0.072972 0.017089
v 0.042957 0.073750 0.018264
v 0.042953 0.073313 0.019376
v 0.037150 0.079339 0.028644
v 0.038247 0.079017 0.027983
v 0.038138 0.084018 0.026878
v 0.039573 0.073388 0.015767
v 0.043142 0.075472 0.018129
v 0.042436 0.072945 0.020902
v 0.040974 0.072470 0.019568
v 0.042693 0.078906 0.017575
v 0.043277 0.075215 0.019638
v 0.039361 0.072332 0.016610
v 0.037520 0.075155 0.029139
v 0.038424 0.074867 0.028496
v 0.036777 0.073506 0.029276
v 0.035767 0.072879 0.028829
v 0.037645 0.088980 0.025996
v 0.036112 0.091232 0.025115
v 0.034419 0.073466 0.023552
v 0.035692 0.072818 0.025006
v 0.034811 0.072493 0.026704
v 0.036409 0.075655 0.029433
v 0.036062 0.079771 0.028942
v 0.035204 0.075702 0.029172
v 0.040898 0.084175 0.016426
v 0.039802 0.085495 0.014823
v 0.039568 0.089744 0.015008
v 0.040898 0.088740 0.016255
v 0.032642 0.073509 0.022625
v 0.040556 0.090725 0.016824
v 0.039104 0.091489 0.015798
v 0.042046 0.074368 0.023201
v 0.041572 0.072161 0.022536
v 0.042799 0.074934 0.021249
v 0.043196 0.078569 0.018785
v 0.041842 0.082690 0.017546
v 0.042351 0.082290 0.018542
v 0.041431 0.086491 0.017394
v 0.041368 0.087103 0.018094
v 0.041022 0.087449 0.019153
v 0.036504 0.091332 0.017825
v 0.035536 0.089164 0.017246
v 0.034552 0.089543 0.018960
v 0.035503 0.091409 0.019648
v 0.039465 0.083572 0.025335
v 0.038606 0.088500 0.024196
v 0.030680 0.080556 0.023672
v 0.038353 0.085522 0.014045
v 0.038371 0.089644 0.014090
v 0.036421 0.088998 0.015730
v 0.037385 0.091455 0.016149
v 0.038072 0.091392 0.014787
v 0.037139 0.088962 0.014491
v 0.037567 0.088359 0.013959
v 0.034926 0.085670 0.028148
v 0.034842 0.080331 0.028846
v 0.037172 0.085054 0.013990
v 0.042137 0.082434 0.019629
v 0.036231 0.084886 0.014562
v 0.031310 0.084988 0.023599
v 0.031434 0.084972 0.024680
v 0.031870 0.087871 0.024571
v 0.032083 0.088639 0.023797
v 0.032345 0.089317 0.025271
v 0.033548 0.089613 0.020812
v 0.032360 0.085798 0.020470
v 0.031689 0.085357 0.022214
v 0.032673 0.089207 0.022499
v 0.032391 0.080332 0.018305
v 0.032231 0.075240 0.018456
v 0.035308 0.072884 0.022029
v 0.032513 0.072153 0.021055
v 0.033524 0.072454 0.019019
v 0.036322 0.072303 0.019747
v 0.033349 0.085616 0.018565
v 0.033325 0.080139 0.016714
v 0.034355 0.085284 0.016926
v 0.042969 0.078447 0.020092
v 0.042056 0.078608 0.022303
v 0.040481 0.088030 0.020558
v 0.041590 0.082921 0.021195
v 0.041037 0.078764 0.024638
v 0.041173 0.073962 0.025308
v 0.040679 0.083274 0.023336
v 0.039636 0.088220 0.022274
v 0.039622 0.078833 0.026590
v 0.034469 0.091461 0.021517
v 0.035497 0.091671 0.022483
v 0.036541 0.091606 0.020598
v 0.033531 0.091522 0.023187
v 0.034550 0.091798 0.024172
v 0.038093 0.090957 0.021496
v 0.036783 0.071955 0.018872
v 0.034579 0.072213 0.017387
v 0.036272 0.072881 0.022717
v 0.037812 0.071962 0.025314
v 0.038400 0.072358 0.019207
v 0.037159 0.072405 0.020403
v 0.038951 0.072285 0.018529
v 0.032789 0.091307 0.024474
v 0.039130 0.071518 0.022716
v 0.040465 0.071604 0.024496
v 0.039215 0.071893 0.026521
v 0.037057 0.091076 0.023401
v 0.040328 0.071943 0.020802
v 0.039667 0.074352 0.027112
v 0.033322 0.075001 0.016713
v 0.035347 0.084978 0.015575
v -0.033620 0.080893 0.026032
v -0.033784 0.085521 0.025698
v -0.034940 0.086138 0.026929
v -0.034928 0.080912 0.027505
v -0.035336 0.076098 0.027674
v -0.034026 0.076562 0.026082
v -0.035691 0.073571 0.024390
v -0.034103 0.074031 0.023910
v -0.033796 0.074661 0.025056
v -0.034850 0.074296 0.025651
v -0.035995 0.073271 0.027346
v -0.032935 0.076658 0.025115
v -0.032660 0.080731 0.024947
v -0.032661 0.076255 0.023786
v -0.037071 0.079999 0.014486
v -0.036121 0.079901 0.015402
v -0.036286 0.074979 0.015416
v -0.036963 0.075254 0.014730
v -0.039729 0.072585 0.016288
v -0.040068 0.073627 0.015229
v -0.038721 0.073647 0.014204
v -0.037809 0.073075 0.015045
v -0.037187 0.072776 0.015791
v -0.038239 0.075715 0.013670
v -0.032877 0.075113 0.020619
v -0.033136 0.080476 0.020275
v -0.032694 0.080474 0.022131
v -0.032905 0.075851 0.022277
v -0.041553 0.090838 0.018108
v -0.040732 0.090864 0.019696
v -0.039224 0.091598 0.018758
v -0.040092 0.091651 0.017115
v -0.038269 0.080413 0.013663
v -0.038734 0.084261 0.027800
v -0.037816 0.084620 0.028188
v -0.037917 0.088455 0.027893
v -0.038545 0.089091 0.027299
v -0.038781 0.072186 0.027118
v -0.037982 0.071958 0.028373
v -0.039090 0.072963 0.028944
v -0.039855 0.072616 0.028175
v -0.037080 0.091170 0.026430
v -0.036693 0.089661 0.027330
v -0.035069 0.090141 0.026338
v -0.035510 0.091686 0.025474
v -0.039839 0.080725 0.013800
v -0.039863 0.075990 0.014053
v -0.041404 0.075689 0.015114
v -0.041569 0.080725 0.014745
v -0.043543 0.075414 0.016538
v -0.042977 0.079617 0.016456
v -0.039217 0.072161 0.016976
v -0.043326 0.072274 0.018068
v -0.044642 0.073313 0.019376
v -0.044646 0.073750 0.018264
v -0.043545 0.072972 0.017089
v -0.039827 0.084018 0.026878
v -0.039936 0.079017 0.027983
v -0.038839 0.079339 0.028644
v -0.041262 0.073388 0.015767
v -0.044831 0.075472 0.018129
v -0.042664 0.072470 0.019568
v -0.044125 0.072945 0.020902
v -0.044382 0.078906 0.017575
v -0.044966 0.075215 0.019638
v -0.041050 0.072332 0.016610
v -0.040113 0.074867 0.028496
v -0.039209 0.075155 0.029139
v -0.037456 0.072879 0.028829
v -0.038466 0.073506 0.029276
v -0.037801 0.091232 0.025115
v -0.039334 0.088980 0.025996
v -0.036108 0.073466 0.023552
v -0.036500 0.072493 0.026704
v -0.037381 0.072818 0.025006
v -0.038098 0.075655 0.029433
v -0.037751 0.079771 0.028942
v -0.036893 0.075702 0.029172
v -0.042587 0.084175 0.016426
v -0.042587 0.088740 0.016255
v -0.041257 0.089744 0.015008
v -0.041491 0.085495 0.014823
v -0.034331 0.073509 0.022625
v -0.040793 0.091489 0.015798
v -0.042245 0.090725 0.016824
v -0.043735 0.074368 0.023201
v -0.044488 0.074934 0.021249
v -0.043261 0.072161 0.022537
v -0.044885 0.078569 0.018785
v -0.044040 0.082290 0.018542
v -0.043531 0.082690 0.017546
v -0.043120 0.086491 0.017394
v -0.043057 0.087103 0.018094
v -0.042711 0.087449 0.019153
v -0.038193 0.091332 0.017825
v -0.037193 0.091409 0.019648
v -0.036241 0.089543 0.018960
v -0.037225 0.089164 0.017246
v -0.041154 0.083572 0.025335
v -0.040295 0.088500 0.024196
v -0.032369 0.080556 0.023672
v -0.040042 0.085522 0.014045
v -0.040060 0.089644 0.014090
v -0.038110 0.088998 0.015730
v -0.038828 0.088962 0.014491
v -0.039761 0.091392 0.014787
v -0.039074 0.091455 0.016149
v -0.039256 0.088359 0.013959
v -0.036615 0.085670 0.028148
v -0.036531 0.080331 0.028846
v -0.038861 0.085054 0.013990
v -0.043826 0.082434 0.019629
v -0.037920 0.084886 0.014562
v -0.032999 0.084988 0.023599
v -0.033772 0.088639 0.023797
v -0.033559 0.087871 0.024571
v -0.033123 0.084972 0.024680
v -0.034034 0.089317 0.025271
v -0.035237 0.089613 0.020812
v -0.034362 0.089207 0.022499
v -0.033378 0.085357 0.022214
v -0.034049 0.085798 0.020470
v -0.033920 0.075240 0.018456
v -0.034080 0.080332 0.018305
v -0.036998 0.072884 0.022029
v -0.038011 0.072303 0.019747
v -0.035213 0.072454 0.019019
v -0.034202 0.072153 0.021055
v -0.035038 0.085616 0.018565
v -0.035014 0.080139 0.016714
v -0.036044 0.085284 0.016926
v -0.043745 0.078608 0.022303
v -0.044658 0.078447 0.020092
v -0.042170 0.088030 0.020558
v -0.043279 0.082921 0.021195
v -0.042862 0.073962 0.025308
v -0.042726 0.078764 0.024638
v -0.042368 0.083274 0.023336
v -0.041325 0.088220 0.022274
v -0.041311 0.078833 0.026590
v -0.036158 0.091461 0.021517
v -0.038231 0.091606 0.020598
v -0.037186 0.091671 0.022483
v -0.036239 0.091798 0.024172
v -0.035221 0.091522 0.023187
v -0.039782 0.090957 0.021496
v -0.036268 0.072213 0.017387
v -0.038473 0.071955 0.018872
v -0.039501 0.071962 0.025314
v -0.037961 0.072881 0.022717
v -0.038848 0.072405 0.020403
v -0.040089 0.072358 0.019207
v -0.040640 0.072285 0.018529
v -0.034478 0.091307 0.024474
v -0.040904 0.071893 0.026521
v -0.042155 0.071604 0.024496
v -0.040819 0.071518 0.022716
v -0.038746 0.091076 0.023401
v -0.042017 0.071943 0.020802
v -0.041356 0.074352 0.027112
v -0.035011 0.075001 0.016713
v -0.037036 0.084978 0.015575
v 0.036721 0.082348 0.013662
v 0.038843 0.082853 0.014283
v 0.038796 0.086993 0.013803
v 0.037412 0.086829 0.013499
v 0.036430 0.078247 0.013795
v 0.038913 0.078030 0.015239
v 0.036666 0.073228 0.012544
v 0.036479 0.074877 0.013487
v 0.034806 0.075150 0.012900
v 0.034417 0.074308 0.011987
v 0.039786 0.074144 0.015397
v 0.034840 0.077860 0.012826
v 0.035483 0.081840 0.012649
v 0.034025 0.077332 0.011463
v 0.038200 0.080870 -0.002499
v 0.037929 0.076423 -0.002692
v 0.036871 0.076313 -0.001110
v 0.037170 0.080968 -0.001157
v 0.040393 0.071684 -0.002554
v 0.038560 0.073477 -0.002564
v 0.039293 0.073939 -0.003149
v 0.040998 0.073427 -0.003214
v 0.037255 0.073368 -0.001098
v 0.039056 0.076483 -0.003451
v 0.034022 0.076317 0.007321
v 0.033709 0.076854 0.009665
v 0.034496 0.081456 0.009438
v 0.034568 0.081396 0.007072
v 0.043873 0.091781 0.000893
v 0.042457 0.092581 0.000463
v 0.041828 0.092165 0.002534
v 0.043202 0.091142 0.002824
v 0.039233 0.080873 -0.003153
v 0.040927 0.076531 -0.004055
v 0.040871 0.081065 -0.003449
v 0.044631 0.071893 0.013401
v 0.045668 0.073853 0.012813
v 0.044903 0.074659 0.014109
v 0.043715 0.073051 0.014956
v 0.040561 0.091796 0.012248
v 0.039114 0.092984 0.012119
v 0.038820 0.090971 0.013248
v 0.040285 0.090020 0.013249
v 0.043654 0.082020 -0.002943
v 0.044074 0.077165 -0.004302
v 0.046104 0.082879 -0.002254
v 0.047222 0.078640 -0.003197
v 0.039134 0.071238 -0.001209
v 0.043485 0.085324 0.012238
v 0.042146 0.089139 0.012173
v 0.041642 0.088524 0.013028
v 0.042430 0.085517 0.013343
v 0.047991 0.073230 -0.001313
v 0.047609 0.075044 -0.002586
v 0.048524 0.076876 -0.001397
v 0.048311 0.076815 0.000578
v 0.044764 0.081522 0.013170
v 0.045715 0.081201 0.011466
v 0.044405 0.085343 0.010682
v 0.044177 0.073406 -0.003594
v 0.048366 0.079679 -0.001783
v 0.048403 0.075862 0.002914
v 0.047988 0.072601 0.001249
v 0.047675 0.083409 -0.001868
v 0.048277 0.079865 0.000475
v 0.044223 0.071311 -0.002518
v 0.045108 0.077558 0.013730
v 0.045753 0.076970 0.012258
v 0.044182 0.075403 0.014824
v 0.042917 0.074604 0.015600
v 0.042778 0.089101 0.010459
v 0.041086 0.091807 0.010464
v 0.036951 0.072233 0.011204
v 0.040856 0.072394 0.012173
v 0.040241 0.072310 0.014461
v 0.043965 0.077782 0.014833
v 0.043434 0.081617 0.014530
v 0.042054 0.077829 0.015590
v 0.045048 0.086827 -0.001176
v 0.043231 0.086544 -0.001935
v 0.043112 0.090709 -0.001678
v 0.044705 0.090494 -0.000989
v 0.034213 0.073679 0.010385
v 0.044454 0.092086 -0.000376
v 0.042899 0.092614 -0.000950
v 0.048784 0.077768 0.005990
v 0.048416 0.073785 0.006120
v 0.048261 0.079658 0.003226
v 0.048146 0.083508 -0.000703
v 0.046536 0.086847 -0.000800
v 0.046807 0.086735 -0.000016
v 0.045796 0.089468 -0.000360
v 0.045743 0.089907 0.000207
v 0.045396 0.089541 0.001311
v 0.040898 0.092354 0.001942
v 0.040006 0.090501 0.001477
v 0.039061 0.090731 0.004073
v 0.040067 0.092544 0.004478
v 0.045406 0.085503 0.008680
v 0.043763 0.089135 0.008207
v 0.034861 0.081538 0.011272
v 0.041548 0.086158 -0.002592
v 0.041907 0.090730 -0.002326
v 0.040592 0.090806 -0.000767
v 0.041499 0.092683 -0.000227
v 0.041867 0.092693 -0.001684
v 0.040997 0.090787 -0.002037
v 0.041178 0.089817 -0.002369
v 0.040559 0.086155 0.013751
v 0.041351 0.082066 0.014797
v 0.040456 0.085713 -0.002303
v 0.046718 0.086427 0.001505
v 0.039867 0.085665 -0.001727
v 0.036383 0.086191 0.011461
v 0.036609 0.086244 0.012584
v 0.037283 0.090004 0.012322
v 0.037381 0.091085 0.011350
v 0.037806 0.091071 0.012825
v 0.038224 0.091087 0.006894
v 0.036884 0.086432 0.007303
v 0.036452 0.086425 0.009841
v 0.037756 0.091265 0.009517
v 0.035371 0.081335 0.004535
v 0.035198 0.076144 0.004561
v 0.036678 0.072026 0.007845
v 0.034520 0.073588 0.007953
v 0.036098 0.074802 0.004366
v 0.037750 0.074401 0.004590
v 0.037442 0.086330 0.004371
v 0.036312 0.081151 0.001556
v 0.038327 0.085993 0.001631
v 0.047916 0.083037 0.002141
v 0.048311 0.082341 0.005408
v 0.044704 0.088703 0.003143
v 0.046546 0.085874 0.004076
v 0.047454 0.081345 0.007784
v 0.046870 0.076581 0.008624
v 0.046340 0.085795 0.006523
v 0.044485 0.088948 0.005629
v 0.046207 0.080801 0.009452
v 0.039234 0.093051 0.007246
v 0.040360 0.092874 0.007797
v 0.041106 0.092274 0.005042
v 0.038662 0.093300 0.009812
v 0.039626 0.093109 0.010318
v 0.042729 0.091339 0.005336
v 0.037921 0.071897 0.001954
v 0.036218 0.073732 0.001850
v 0.041554 0.073257 0.009084
v 0.045064 0.072451 0.010192
v 0.043496 0.072941 0.002985
v 0.042822 0.073090 0.006063
v 0.044146 0.071962 0.000090
v 0.038166 0.093118 0.011624
v 0.045451 0.072590 0.008415
v 0.046472 0.073525 0.008973
v 0.045755 0.073719 0.010536
v 0.041990 0.091652 0.008048
v 0.046683 0.071822 0.005321
v 0.045911 0.076536 0.010092
v 0.035858 0.076105 0.001743
v 0.039174 0.085813 -0.000597
v -0.038410 0.082348 0.013662
v -0.039101 0.086829 0.013499
v -0.040486 0.086993 0.013803
v -0.040532 0.082853 0.014283
v -0.040602 0.078030 0.015239
v -0.038119 0.078247 0.013795
v -0.038355 0.073228 0.012544
v -0.036106 0.074308 0.011987
v -0.036495 0.075150 0.012900
v -0.038168 0.074877 0.013487
v -0.041475 0.074144 0.015397
v -0.036529 0.077860 0.012826
v -0.037172 0.081840 0.012649
v -0.035714 0.077332 0.011463
v -0.039889 0.080870 -0.002499
v -0.038859 0.080968 -0.001157
v -0.038560 0.076313 -0.001110
v -0.039618 0.076423 -0.002692
v -0.042082 0.071684 -0.002554
v -0.042688 0.073427 -0.003214
v -0.040982 0.073939 -0.003149
v -0.040249 0.073477 -0.002564
v -0.038944 0.073368 -0.001098
v -0.040745 0.076483 -0.003451
v -0.035711 0.076317 0.007321
v -0.036257 0.081396 0.007072
v -0.036185 0.081456 0.009438
v -0.035398 0.076854 0.009665
v -0.045562 0.091781 0.000893
v -0.044891 0.091142 0.002824
v -0.043517 0.092165 0.002534
v -0.044146 0.092581 0.000463
v -0.040922 0.080873 -0.003153
v -0.042616 0.076531 -0.004055
v -0.042560 0.081065 -0.003449
v -0.046320 0.071893 0.013401
v -0.045404 0.073051 0.014956
v -0.046592 0.074659 0.014109
v -0.047357 0.073853 0.012813
v -0.042251 0.091796 0.012248
v -0.041974 0.090020 0.013249
v -0.040509 0.090971 0.013248
v -0.040803 0.092984 0.012119
v -0.045763 0.077165 -0.004302
v -0.045343 0.082020 -0.002943
v -0.048912 0.078640 -0.003197
v -0.047793 0.082879 -0.002254
v -0.040823 0.071238 -0.001209
v -0.045174 0.085324 0.012238
v -0.044119 0.085517 0.013343
v -0.043332 0.088524 0.013028
v -0.043836 0.089139 0.012173
v -0.049680 0.073230 -0.001313
v -0.050000 0.076815 0.000578
v -0.050213 0.076876 -0.001397
v -0.049298 0.075044 -0.002586
v -0.046094 0.085343 0.010682
v -0.047404 0.081201 0.011466
v -0.046453 0.081522 0.013170
v -0.045866 0.073406 -0.003594
v -0.050055 0.079679 -0.001783
v -0.049677 0.072601 0.001249
v -0.050092 0.075862 0.002914
v -0.049364 0.083409 -0.001868
v -0.049966 0.079865 0.000475
v -0.045912 0.071311 -0.002518
v -0.047442 0.076970 0.012258
v -0.046797 0.077558 0.013730
v -0.044606 0.074604 0.015600
v -0.045871 0.075403 0.014824
v -0.042775 0.091807 0.010464
v -0.044467 0.089101 0.010459
v -0.038640 0.072233 0.011204
v -0.041930 0.072310 0.014461
v -0.042545 0.072394 0.012173
v -0.045654 0.077782 0.014833
v -0.045123 0.081617 0.014530
v -0.043743 0.077829 0.015590
v -0.046737 0.086827 -0.001176
v -0.046394 0.090494 -0.000989
v -0.044801 0.090709 -0.001678
v -0.044920 0.086544 -0.001935
v -0.035902 0.073679 0.010385
v -0.044588 0.092614 -0.000950
v -0.046143 0.092086 -0.000376
v -0.050473 0.077768 0.005990
v -0.049950 0.079658 0.003226
v -0.050105 0.073785 0.006120
v -0.049835 0.083508 -0.000703
v -0.048496 0.086735 -0.000016
v -0.048225 0.086847 -0.000800
v -0.047485 0.089468 -0.000360
v -0.047432 0.089907 0.000207
v -0.047086 0.089541 0.001311
v -0.042587 0.092354 0.001942
v -0.041757 0.092544 0.004478
v -0.040750 0.090731 0.004073
v -0.041695 0.090501 0.001477
v -0.047095 0.085503 0.008680
v -0.045452 0.089135 0.008207
v -0.036550 0.081538 0.011272
v -0.043238 0.086158 -0.002592
v -0.043596 0.090730 -0.002326
v -0.042281 0.090806 -0.000767
v -0.042686 0.090787 -0.002037
v -0.043556 0.092693 -0.001684
v -0.043188 0.092683 -0.000227
v -0.042867 0.089817 -0.002369
v -0.042248 0.086155 0.013751
v -0.043040 0.082066 0.014797
v -0.042145 0.085713 -0.002303
v -0.048407 0.086427 0.001505
v -0.041556 0.085665 -0.001727
v -0.038072 0.086191 0.011461
v -0.039070 0.091085 0.011350
v -0.038972 0.090004 0.012322
v -0.038298 0.086244 0.012584
v -0.039495 0.091071 0.012825
v -0.039913 0.091087 0.006894
v -0.039445 0.091265 0.009517
v -0.038141 0.086425 0.009841
v -0.038573 0.086432 0.007303
v -0.036887 0.076144 0.004561
v -0.037060 0.081335 0.004535
v -0.038367 0.072026 0.007845
v -0.039439 0.074401 0.004590
v -0.037787 0.074802 0.004366
v -0.036209 0.073588 0.007953
v -0.039131 0.086330 0.004371
v -0.038001 0.081151 0.001556
v -0.040016 0.085993 0.001631
v -0.050000 0.082341 0.005408
v -0.049605 0.083037 0.002141
v -0.046393 0.088703 0.003143
v -0.048235 0.085874 0.004076
v -0.048559 0.076581 0.008624
v -0.049143 0.081345 0.007784
v -0.048029 0.085795 0.006523
v -0.046174 0.088948 0.005629
v -0.047896 0.080801 0.009452
v -0.040923 0.093051 0.007246
v -0.042795 0.092274 0.005042
v -0.042049 0.092874 0.007797
v -0.041315 0.093109 0.010318
v -0.040351 0.093300 0.009812
v -0.044418 0.091339 0.005336
v -0.037907 0.073732 0.001850
v -0.039610 0.071897 0.001954
v -0.046754 0.072451 0.010192
v -0.043243 0.073257 0.009084
v -0.044511 0.073090 0.006063
v -0.045185 0.072941 0.002985
v -0.045835 0.071962 0.000090
v -0.039855 0.093118 0.011624
v -0.047444 0.073719 0.010536
v -0.048161 0.073525 0.008973
v -0.047140 0.072590 0.008415
v -0.043679 0.091652 0.008048
v -0.048372 0.071822 0.005321
v -0.047600 0.076536 0.010092
v -0.037547 0.076105 0.001743
v -0.040863 0.085813 -0.000597
v 0.043553 0.083390 -0.004950
v 0.041215 0.082748 -0.005614
v 0.041037 0.078617 -0.005679
v 0.043709 0.078416 -0.004386
v 0.041263 0.073617 -0.007059
v 0.041136 0.075275 -0.006182
v 0.039496 0.075737 -0.006967
v 0.039105 0.074975 -0.007813
v 0.044609 0.074491 -0.004668
v 0.039342 0.078234 -0.006763
v 0.039888 0.082211 -0.006697
v 0.038528 0.077726 -0.008100
v 0.043546 0.088009 -0.005380
v 0.041797 0.087323 -0.005770
v 0.041441 0.081556 -0.022544
v 0.041398 0.076944 -0.022610
v 0.040356 0.076770 -0.020926
v 0.040455 0.081591 -0.021103
v 0.044592 0.072188 -0.022547
v 0.042164 0.073830 -0.022525
v 0.042952 0.074375 -0.023099
v 0.045371 0.073992 -0.023095
v 0.040864 0.073719 -0.020927
v 0.042535 0.076969 -0.023458
v 0.038096 0.076793 -0.011915
v 0.038039 0.077281 -0.009727
v 0.038519 0.081854 -0.009809
v 0.038347 0.081829 -0.012216
v 0.048298 0.094111 -0.018965
v 0.046402 0.094480 -0.019365
v 0.045766 0.094474 -0.016962
v 0.047627 0.094006 -0.016622
v 0.042453 0.081584 -0.023300
v 0.048583 0.072392 -0.007353
v 0.049628 0.074577 -0.007772
v 0.049138 0.075312 -0.006172
v 0.048030 0.073657 -0.005515
v 0.044165 0.081799 -0.023680
v 0.047232 0.082649 -0.023188
v 0.047708 0.077806 -0.023875
v 0.044728 0.077141 -0.023976
v 0.050045 0.083407 -0.022572
v 0.050496 0.078988 -0.023106
v 0.042961 0.071448 -0.021182
v 0.048805 0.087599 -0.006397
v 0.047576 0.092062 -0.006618
v 0.047130 0.091219 -0.005767
v 0.047867 0.087709 -0.005319
v 0.050701 0.074152 -0.021395
v 0.050514 0.075864 -0.022419
v 0.051787 0.077330 -0.021794
v 0.052134 0.076706 -0.020644
v 0.049662 0.082565 -0.005860
v 0.050441 0.082252 -0.007859
v 0.049490 0.087675 -0.008055
v 0.047671 0.074829 -0.022315
v 0.051809 0.079903 -0.021972
v 0.052495 0.075883 -0.018531
v 0.051233 0.073100 -0.019838
v 0.051462 0.083834 -0.021799
v 0.052333 0.080011 -0.020327
v 0.045537 0.094025 -0.006843
v 0.043546 0.094249 -0.007160
v 0.043429 0.092224 -0.005995
v 0.045451 0.092198 -0.005770
v 0.049649 0.078264 -0.006016
v 0.050119 0.077653 -0.007804
v 0.048667 0.075991 -0.005230
v 0.047530 0.075145 -0.004630
v 0.047963 0.092212 -0.008287
v 0.045885 0.094273 -0.008556
v 0.047378 0.073842 -0.021167
v 0.041456 0.072560 -0.008322
v 0.045500 0.071950 -0.008976
v 0.044991 0.072702 -0.005775
v 0.048704 0.078448 -0.004759
v 0.048480 0.082617 -0.004405
v 0.046949 0.078381 -0.004080
v 0.038713 0.074299 -0.009151
v 0.048781 0.094011 -0.020427
v 0.046752 0.094244 -0.020918
v 0.052727 0.078136 -0.015007
v 0.052460 0.074725 -0.015799
v 0.052693 0.079435 -0.017874
v 0.052050 0.083901 -0.020347
v 0.051017 0.088076 -0.021232
v 0.051440 0.088056 -0.020317
v 0.046934 0.092237 -0.021753
v 0.049061 0.092201 -0.021152
v 0.050457 0.091298 -0.020670
v 0.050468 0.091961 -0.020033
v 0.050230 0.092006 -0.018736
v 0.044469 0.094218 -0.017659
v 0.043305 0.092156 -0.018255
v 0.042363 0.092345 -0.015334
v 0.043554 0.094408 -0.014803
v 0.049461 0.088178 -0.021573
v 0.046979 0.087835 -0.022216
v 0.050156 0.087767 -0.010349
v 0.048506 0.092230 -0.010618
v 0.039081 0.081932 -0.008023
v 0.044781 0.087309 -0.022860
v 0.045281 0.092004 -0.022409
v 0.043845 0.092237 -0.020735
v 0.045063 0.094250 -0.020096
v 0.045326 0.094052 -0.021661
v 0.044187 0.092025 -0.022106
v 0.044359 0.091036 -0.022512
v 0.045843 0.088025 -0.005109
v 0.046389 0.082979 -0.004237
v 0.043561 0.086814 -0.022552
v 0.051468 0.088002 -0.018550
v 0.042951 0.086772 -0.021945
v 0.040566 0.086654 -0.007763
v 0.040888 0.086680 -0.006645
v 0.041458 0.090567 -0.006961
v 0.041418 0.091709 -0.007939
v 0.042080 0.091798 -0.006469
v 0.041744 0.092382 -0.012378
v 0.040529 0.087287 -0.012058
v 0.040440 0.087011 -0.009418
v 0.041576 0.092111 -0.009754
v 0.038917 0.081815 -0.015037
v 0.038951 0.076612 -0.014871
v 0.041088 0.072090 -0.011528
v 0.038653 0.074012 -0.011366
v 0.039931 0.075102 -0.015025
v 0.042019 0.074610 -0.014900
v 0.040764 0.087405 -0.015244
v 0.039692 0.081683 -0.018262
v 0.041475 0.087169 -0.018306
v 0.052337 0.083598 -0.018080
v 0.052490 0.082928 -0.015090
v 0.049558 0.091755 -0.016435
v 0.051313 0.087937 -0.015855
v 0.051884 0.082156 -0.012340
v 0.051655 0.077061 -0.012611
v 0.050963 0.088038 -0.012967
v 0.049133 0.092205 -0.013447
v 0.050857 0.081829 -0.010234
v 0.042846 0.094487 -0.011973
v 0.044249 0.094677 -0.011316
v 0.044916 0.094617 -0.014104
v 0.042565 0.094290 -0.009469
v 0.043874 0.094573 -0.008898
v 0.047032 0.094344 -0.013693
v 0.042109 0.072526 -0.017862
v 0.040022 0.074155 -0.017811
v 0.046346 0.072457 -0.012383
v 0.049767 0.073080 -0.011286
v 0.047850 0.073137 -0.017804
v 0.047446 0.073489 -0.014524
v 0.047530 0.072798 -0.020007
v 0.042278 0.093921 -0.007687
v 0.050332 0.072563 -0.013663
v 0.051332 0.074371 -0.013050
v 0.050292 0.074499 -0.010739
v 0.046386 0.094299 -0.010902
v 0.051439 0.072192 -0.017117
v 0.050557 0.077115 -0.010581
v 0.039452 0.076473 -0.017919
v 0.042261 0.086952 -0.020734
v -0.045242 0.083390 -0.004950
v -0.045398 0.078416 -0.004386
v -0.042726 0.078617 -0.005679
v -0.042904 0.082748 -0.005614
v -0.042952 0.073617 -0.007060
v -0.040794 0.074975 -0.007813
v -0.041185 0.075737 -0.006967
v -0.042826 0.075275 -0.006182
v -0.046298 0.074491 -0.004668
v -0.041032 0.078234 -0.006763
v -0.041577 0.082211 -0.006697
v -0.040217 0.077726 -0.008100
v -0.043487 0.087323 -0.005770
v -0.045236 0.088009 -0.005380
v -0.043130 0.081556 -0.022544
v -0.042144 0.081591 -0.021103
v -0.042045 0.076770 -0.020926
v -0.043087 0.076944 -0.022610
v -0.046281 0.072188 -0.022547
v -0.047060 0.073992 -0.023095
v -0.044641 0.074375 -0.023099
v -0.043853 0.073830 -0.022525
v -0.042553 0.073719 -0.020927
v -0.044224 0.076969 -0.023458
v -0.039785 0.076793 -0.011915
v -0.040036 0.081829 -0.012216
v -0.040208 0.081854 -0.009809
v -0.039728 0.077281 -0.009727
v -0.049987 0.094111 -0.018965
v -0.049316 0.094006 -0.016622
v -0.047455 0.094474 -0.016962
v -0.048091 0.094480 -0.019365
v -0.044142 0.081584 -0.023300
v -0.050272 0.072392 -0.007353
v -0.049719 0.073657 -0.005515
v -0.050827 0.075312 -0.006172
v -0.051317 0.074577 -0.007772
v -0.045854 0.081799 -0.023680
v -0.046417 0.077141 -0.023976
v -0.049397 0.077806 -0.023875
v -0.048921 0.082649 -0.023188
v -0.052186 0.078988 -0.023106
v -0.051734 0.083407 -0.022572
v -0.044650 0.071448 -0.021182
v -0.050494 0.087599 -0.006397
v -0.049556 0.087709 -0.005319
v -0.048819 0.091219 -0.005767
v -0.049266 0.092062 -0.006618
v -0.052390 0.074152 -0.021395
v -0.053823 0.076706 -0.020644
v -0.053476 0.077330 -0.021794
v -0.052203 0.075864 -0.022419
v -0.051179 0.087675 -0.008055
v -0.052130 0.082252 -0.007859
v -0.051351 0.082565 -0.005860
v -0.049360 0.074829 -0.022315
v -0.053499 0.079903 -0.021972
v -0.052922 0.073100 -0.019838
v -0.054184 0.075883 -0.018531
v -0.053151 0.083834 -0.021799
v -0.054022 0.080011 -0.020327
v -0.047226 0.094025 -0.006843
v -0.047140 0.092198 -0.005770
v -0.045118 0.092224 -0.005995
v -0.045235 0.094249 -0.007160
v -0.051808 0.077653 -0.007804
v -0.051338 0.078264 -0.006016
v -0.049219 0.075145 -0.004630
v -0.050356 0.075991 -0.005230
v -0.047574 0.094273 -0.008556
v -0.049652 0.092212 -0.008287
v -0.049067 0.073842 -0.021167
v -0.043145 0.072560 -0.008322
v -0.046680 0.072702 -0.005775
v -0.047190 0.071950 -0.008976
v -0.050393 0.078448 -0.004759
v -0.050169 0.082617 -0.004405
v -0.048638 0.078381 -0.004080
v -0.040402 0.074299 -0.009151
v -0.048441 0.094244 -0.020918
v -0.050470 0.094011 -0.020427
v -0.054417 0.078136 -0.015007
v -0.054382 0.079435 -0.017874
v -0.054149 0.074725 -0.015799
v -0.053739 0.083901 -0.020347
v -0.053129 0.088056 -0.020317
v -0.052706 0.088076 -0.021232
v -0.048623 0.092237 -0.021753
v -0.050750 0.092201 -0.021152
v -0.052146 0.091298 -0.020670
v -0.052157 0.091961 -0.020033
v -0.051919 0.092006 -0.018736
v -0.046158 0.094218 -0.017659
v -0.045243 0.094408 -0.014803
v -0.044052 0.092345 -0.015334
v -0.044995 0.092156 -0.018255
v -0.051150 0.088178 -0.021573
v -0.048669 0.087835 -0.022216
v -0.051845 0.087767 -0.010349
v -0.050195 0.092230 -0.010618
v -0.040770 0.081932 -0.008023
v -0.046470 0.087309 -0.022860
v -0.046971 0.092004 -0.022409
v -0.045534 0.092237 -0.020735
v -0.045877 0.092025 -0.022106
v -0.047015 0.094052 -0.021661
v -0.046752 0.094250 -0.020096
v -0.046048 0.091036 -0.022512
v -0.047532 0.088025 -0.005109
v -0.048078 0.082979 -0.004237
v -0.045250 0.086814 -0.022552
v -0.053157 0.088002 -0.018550
v -0.044641 0.086772 -0.021945
v -0.042255 0.086654 -0.007763
v -0.043107 0.091709 -0.007939
v -0.043147 0.090567 -0.006961
v -0.042577 0.086680 -0.006645
v -0.043769 0.091798 -0.006469
v -0.043433 0.092382 -0.012378
v -0.043265 0.092111 -0.009754
v -0.042129 0.087011 -0.009418
v -0.042218 0.087287 -0.012058
v -0.040641 0.076612 -0.014871
v -0.040606 0.081815 -0.015037
v -0.042777 0.072090 -0.011528
v -0.043708 0.074610 -0.014900
v -0.041620 0.075102 -0.015025
v -0.040342 0.074012 -0.011366
v -0.042453 0.087405 -0.015244
v -0.041381 0.081683 -0.018262
v -0.043164 0.087169 -0.018306
v -0.054179 0.082928 -0.015090
v -0.054027 0.083598 -0.018080
v -0.051247 0.091755 -0.016435
v -0.053002 0.087937 -0.015855
v -0.053344 0.077061 -0.012611
v -0.053573 0.082156 -0.012340
v -0.052652 0.088038 -0.012967
v -0.050822 0.092205 -0.013447
v -0.052546 0.081829 -0.010234
v -0.044535 0.094487 -0.011973
v -0.046605 0.094617 -0.014104
v -0.045938 0.094677 -0.011316
v -0.045563 0.094573 -0.008898
v -0.044254 0.094290 -0.009469
v -0.048721 0.094344 -0.013693
v -0.041712 0.074155 -0.017811
v -0.043798 0.072526 -0.017862
v -0.051456 0.073080 -0.011286
v -0.048035 0.072457 -0.012383
v -0.049135 0.073489 -0.014524
v -0.049539 0.073137 -0.017804
v -0.049219 0.072798 -0.020007
v -0.043967 0.093921 -0.007687
v -0.051981 0.074499 -0.010739
v -0.053021 0.074371 -0.013050
v -0.052021 0.072563 -0.013663
v -0.048075 0.094299 -0.010902
v -0.053128 0.072192 -0.017117
v -0.052246 0.077115 -0.010581
v -0.041141 0.076473 -0.017919
v -0.043950 0.086952 -0.020734
v 0.045039 0.082772 -0.024525
v 0.047242 0.083367 -0.024148
v 0.047194 0.087650 -0.024545
v 0.045557 0.087014 -0.024729
v 0.044870 0.078941 -0.024567
v 0.047439 0.078755 -0.023641
v 0.044943 0.074305 -0.025871
v 0.044912 0.075843 -0.025044
v 0.043336 0.076271 -0.025604
v 0.042897 0.075565 -0.026349
v 0.048234 0.075115 -0.023994
v 0.043216 0.078586 -0.025399
v 0.043721 0.082274 -0.025394
v 0.042341 0.078115 -0.026556
v 0.043608 0.081666 -0.040249
v 0.043561 0.077390 -0.040306
v 0.042772 0.077228 -0.038638
v 0.042846 0.081699 -0.038812
v 0.046488 0.072980 -0.040573
v 0.044270 0.074502 -0.040305
v 0.044935 0.075007 -0.040918
v 0.047148 0.074652 -0.041161
v 0.043236 0.074400 -0.038690
v 0.044519 0.077413 -0.041209
v 0.041577 0.077250 -0.030050
v 0.041736 0.077703 -0.028015
v 0.042168 0.081943 -0.028140
v 0.041778 0.081920 -0.030355
v 0.050226 0.093308 -0.037630
v 0.048453 0.093650 -0.037807
v 0.048104 0.093645 -0.035514
v 0.049838 0.093211 -0.035388
v 0.044461 0.081692 -0.041053
v 0.046474 0.077572 -0.041912
v 0.045989 0.081892 -0.041580
v 0.051608 0.073169 -0.026889
v 0.052523 0.075194 -0.027384
v 0.052230 0.075876 -0.025850
v 0.051280 0.074342 -0.025129
v 0.048874 0.093229 -0.026106
v 0.047022 0.093436 -0.026197
v 0.047028 0.091558 -0.025104
v 0.048899 0.091534 -0.025102
v 0.048841 0.082680 -0.041437
v 0.049210 0.078188 -0.042123
v 0.051473 0.083382 -0.041153
v 0.051834 0.079285 -0.041694
v 0.045129 0.072294 -0.039141
v 0.051905 0.087269 -0.026026
v 0.050760 0.091408 -0.026105
v 0.050434 0.090627 -0.025271
v 0.051151 0.087371 -0.024930
v 0.052186 0.074800 -0.040128
v 0.051916 0.076388 -0.041058
v 0.053141 0.077747 -0.040609
v 0.053569 0.077168 -0.039578
v 0.052740 0.082601 -0.025615
v 0.053259 0.082311 -0.027548
v 0.052371 0.087339 -0.027633
v 0.049326 0.075428 -0.040673
v 0.053144 0.080133 -0.040776
v 0.054104 0.076406 -0.037655
v 0.052823 0.073825 -0.038739
v 0.052844 0.083778 -0.040580
v 0.053782 0.080233 -0.039304
v 0.049169 0.074513 -0.039578
v 0.052713 0.078613 -0.025758
v 0.052969 0.078047 -0.027464
v 0.051891 0.076506 -0.024929
v 0.050909 0.075722 -0.024256
v 0.050952 0.091547 -0.027692
v 0.049026 0.093458 -0.027730
v 0.044996 0.073325 -0.027061
v 0.048632 0.072759 -0.028080
v 0.048476 0.073456 -0.025060
v 0.051970 0.078784 -0.024496
v 0.051800 0.082649 -0.024145
v 0.050431 0.078722 -0.023687
v 0.051036 0.087806 -0.040167
v 0.048705 0.087488 -0.040510
v 0.048709 0.091570 -0.040076
v 0.050712 0.091537 -0.039735
v 0.042409 0.074938 -0.027550
v 0.050526 0.093215 -0.039035
v 0.048623 0.093432 -0.039283
v 0.054658 0.078495 -0.034411
v 0.054337 0.075331 -0.035118
v 0.054349 0.079699 -0.037066
v 0.053522 0.083840 -0.039294
v 0.052492 0.087711 -0.040009
v 0.052967 0.087693 -0.039204
v 0.052035 0.090699 -0.039431
v 0.052106 0.091314 -0.038841
v 0.052014 0.091356 -0.037614
v 0.046851 0.093407 -0.036028
v 0.045729 0.091495 -0.036462
v 0.045150 0.091670 -0.033657
v 0.046290 0.093583 -0.033286
v 0.052758 0.087425 -0.029828
v 0.051223 0.091563 -0.029909
v 0.042854 0.082015 -0.026541
v 0.046632 0.087001 -0.040883
v 0.047134 0.091354 -0.040515
v 0.045982 0.091570 -0.038817
v 0.047157 0.093437 -0.038348
v 0.047247 0.093253 -0.039827
v 0.046163 0.091374 -0.040123
v 0.046280 0.090456 -0.040517
v 0.049320 0.087664 -0.024529
v 0.049904 0.082986 -0.023775
v 0.045546 0.086542 -0.040473
v 0.053164 0.087643 -0.037568
v 0.045047 0.086503 -0.039848
v 0.044238 0.086394 -0.026452
v 0.044641 0.086418 -0.025448
v 0.045132 0.090022 -0.025799
v 0.045000 0.091081 -0.026702
v 0.045748 0.091163 -0.025406
v 0.044869 0.091705 -0.030852
v 0.043789 0.086981 -0.030432
v 0.043963 0.086725 -0.027974
v 0.044970 0.091454 -0.028401
v 0.042026 0.081907 -0.033030
v 0.042073 0.077082 -0.032879
v 0.044350 0.072889 -0.029997
v 0.042139 0.074672 -0.029598
v 0.042954 0.075682 -0.033122
v 0.044876 0.075225 -0.033219
v 0.043695 0.087090 -0.033410
v 0.042423 0.081784 -0.036100
v 0.044050 0.086871 -0.036322
v 0.054004 0.083559 -0.037221
v 0.054433 0.082938 -0.034463
v 0.051622 0.091123 -0.035412
v 0.053283 0.087582 -0.035053
v 0.054145 0.082222 -0.031851
v 0.053909 0.077498 -0.032080
v 0.053243 0.087676 -0.032339
v 0.051523 0.091540 -0.032597
v 0.053410 0.081919 -0.029794
v 0.045916 0.093656 -0.030589
v 0.047263 0.093833 -0.030123
v 0.047603 0.093777 -0.032776
v 0.045902 0.093475 -0.028238
v 0.047154 0.093737 -0.027842
v 0.049578 0.093524 -0.032611
v 0.044671 0.073293 -0.035975
v 0.042768 0.074804 -0.035715
v 0.049076 0.073229 -0.031326
v 0.052310 0.073806 -0.030658
v 0.049927 0.073860 -0.036507
v 0.049875 0.074186 -0.033424
v 0.049421 0.073545 -0.038518
v 0.045812 0.093132 -0.026556
v 0.052597 0.073327 -0.032919
v 0.053571 0.075004 -0.032454
v 0.052843 0.075122 -0.030204
v 0.049257 0.093482 -0.029957
v 0.053274 0.072983 -0.036236
v 0.053101 0.077548 -0.030084
v 0.042236 0.076953 -0.035757
v 0.044533 0.086670 -0.038654
v -0.046728 0.082772 -0.024525
v -0.047246 0.087014 -0.024729
v -0.048884 0.087650 -0.024545
v -0.048931 0.083367 -0.024148
v -0.049128 0.078755 -0.023641
v -0.046559 0.078941 -0.024567
v -0.046632 0.074305 -0.025871
v -0.044586 0.075565 -0.026349
v -0.045025 0.076271 -0.025604
v -0.046601 0.075843 -0.025044
v -0.049923 0.075115 -0.023994
v -0.044905 0.078586 -0.025399
v -0.045410 0.082274 -0.025394
v -0.044031 0.078115 -0.026556
v -0.045297 0.081666 -0.040249
v -0.044535 0.081699 -0.038812
v -0.044461 0.077228 -0.038638
v -0.045250 0.077390 -0.040306
v -0.048177 0.072980 -0.040573
v -0.048837 0.074652 -0.041161
v -0.046624 0.075007 -0.040918
v -0.045959 0.074502 -0.040305
v -0.044925 0.074400 -0.038690
v -0.046208 0.077413 -0.041209
v -0.043266 0.077250 -0.030050
v -0.043467 0.081920 -0.030355
v -0.043857 0.081943 -0.028140
v -0.043426 0.077703 -0.028015
v -0.051915 0.093308 -0.037630
v -0.051527 0.093210 -0.035388
v -0.049793 0.093645 -0.035514
v -0.050142 0.093650 -0.037807
v -0.046150 0.081692 -0.041053
v -0.048163 0.077572 -0.041912
v -0.047678 0.081892 -0.041580
v -0.053297 0.073169 -0.026889
v -0.052969 0.074342 -0.025129
v -0.053919 0.075876 -0.025850
v -0.054213 0.075194 -0.027384
v -0.050563 0.093229 -0.026106
v -0.050588 0.091534 -0.025102
v -0.048717 0.091558 -0.025104
v -0.048711 0.093436 -0.026197
v -0.050899 0.078188 -0.042123
v -0.050530 0.082680 -0.041437
v -0.053523 0.079285 -0.041694
v -0.053163 0.083382 -0.041153
v -0.046818 0.072294 -0.039141
v -0.053594 0.087269 -0.026026
v -0.052840 0.087371 -0.024930
v -0.052124 0.090627 -0.025271
v -0.052449 0.091408 -0.026105
v -0.053875 0.074800 -0.040128
v -0.055258 0.077168 -0.039578
v -0.054830 0.077747 -0.040609
v -0.053605 0.076388 -0.041058
v -0.054060 0.087339 -0.027633
v -0.054948 0.082311 -0.027548
v -0.054429 0.082601 -0.025615
v -0.051015 0.075428 -0.040673
v -0.054833 0.080133 -0.040776
v -0.054513 0.073825 -0.038739
v -0.055793 0.076406 -0.037655
v -0.054533 0.083778 -0.040580
v -0.055471 0.080233 -0.039304
v -0.050858 0.074513 -0.039578
v -0.054658 0.078047 -0.027464
v -0.054402 0.078613 -0.025758
v -0.052598 0.075722 -0.024256
v -0.053580 0.076506 -0.024929
v -0.050715 0.093458 -0.027730
v -0.052641 0.091547 -0.027692
v -0.046686 0.073325 -0.027061
v -0.050165 0.073456 -0.025060
v -0.050321 0.072759 -0.028080
v -0.053659 0.078784 -0.024496
v -0.053489 0.082649 -0.024145
v -0.052120 0.078722 -0.023687
v -0.052725 0.087806 -0.040167
v -0.052401 0.091537 -0.039735
v -0.050398 0.091570 -0.040076
v -0.050394 0.087488 -0.040510
v -0.044098 0.074938 -0.027550
v -0.050312 0.093432 -0.039283
v -0.052215 0.093215 -0.039035
v -0.056347 0.078495 -0.034411
v -0.056038 0.079699 -0.037066
v -0.056026 0.075331 -0.035118
v -0.055211 0.083840 -0.039294
v -0.054656 0.087693 -0.039204
v -0.054181 0.087711 -0.040009
v -0.053724 0.090699 -0.039431
v -0.053795 0.091314 -0.038841
v -0.053704 0.091356 -0.037614
v -0.048540 0.093407 -0.036028
v -0.047979 0.093583 -0.033286
v -0.046839 0.091670 -0.033657
v -0.047418 0.091495 -0.036462
v -0.054447 0.087425 -0.029828
v -0.052912 0.091563 -0.029909
v -0.044544 0.082015 -0.026541
v -0.048321 0.087001 -0.040883
v -0.048823 0.091354 -0.040515
v -0.047671 0.091570 -0.038817
v -0.047852 0.091374 -0.040123
v -0.048936 0.093253 -0.039827
v -0.048846 0.093437 -0.038348
v -0.047969 0.090456 -0.040517
v -0.051009 0.087664 -0.024529
v -0.051593 0.082986 -0.023775
v -0.047235 0.086542 -0.040473
v -0.054853 0.087643 -0.037568
v -0.046736 0.086503 -0.039848
v -0.045927 0.086394 -0.026452
v -0.046689 0.091081 -0.026702
v -0.046821 0.090022 -0.025799
v -0.046330 0.086418 -0.025448
v -0.047437 0.091163 -0.025406
v -0.046558 0.091705 -0.030852
v -0.046659 0.091454 -0.028401
v -0.045652 0.086725 -0.027974
v -0.045478 0.086981 -0.030432
v -0.043762 0.077082 -0.032879
v -0.043715 0.081907 -0.033030
v -0.046039 0.072889 -0.029997
v -0.046565 0.075225 -0.033219
v -0.044643 0.075682 -0.033122
v -0.043828 0.074672 -0.029598
v -0.045384 0.087090 -0.033410
v -0.044112 0.081784 -0.036100
v -0.045739 0.086871 -0.036322
v -0.056122 0.082938 -0.034463
v -0.055693 0.083559 -0.037221
v -0.053312 0.091123 -0.035412
v -0.054972 0.087582 -0.035053
v -0.055598 0.077498 -0.032080
v -0.055834 0.082222 -0.031851
v -0.054932 0.087676 -0.032339
v -0.053212 0.091540 -0.032597
v -0.055099 0.081919 -0.029794
v -0.047605 0.093656 -0.030589
v -0.049292 0.093777 -0.032776
v -0.048952 0.093833 -0.030123
v -0.048843 0.093737 -0.027842
v -0.047591 0.093475 -0.028238
v -0.051267 0.093524 -0.032611
v -0.044457 0.074804 -0.035715
v -0.046360 0.073293 -0.035975
v -0.053999 0.073806 -0.030658
v -0.050765 0.073229 -0.031326
v -0.051564 0.074186 -0.033424
v -0.051616 0.073860 -0.036507
v -0.051110 0.073545 -0.038518
v -0.047501 0.093132 -0.026556
v -0.054533 0.075122 -0.030204
v -0.055260 0.075004 -0.032454
v -0.054286 0.073327 -0.032919
v -0.050946 0.093482 -0.029957
v -0.054964 0.072983 -0.036236
v -0.054790 0.077548 -0.030084
v -0.043925 0.076953 -0.035757
v -0.046222 0.086670 -0.038654
v -0.000000 0.016869 0.052521
v 0.004566 0.015044 0.052574
v 0.004408 0.017869 0.052885
v 0.000000 0.020067 0.052766
v 0.005202 0.002963 0.051192
v 0.005253 0.001472 0.050611
v 0.009564 0.001649 0.049998
v 0.009613 0.003444 0.050496
v 0.013317 0.001751 0.048872
v 0.013367 0.003295 0.049257
v 0.017275 0.001892 0.047051
v 0.017365 0.003752 0.047297
v 0.021559 0.001444 0.043877
v 0.021699 0.003126 0.044164
v 0.025033 0.001560 0.040637
v 0.025185 0.003541 0.040940
v 0.029531 0.001882 0.035525
v 0.029737 0.003519 0.035751
v 0.033027 0.002080 0.030837
v 0.033216 0.004003 0.031136
v 0.036456 0.002156 0.025404
v 0.036683 0.003916 0.025625
v 0.039500 0.001971 0.019354
v 0.039764 0.003874 0.019578
v 0.042137 0.002084 0.012742
v 0.042318 0.003879 0.012917
v 0.044389 0.002182 0.004849
v 0.044628 0.004036 0.005074
v 0.046548 0.002185 -0.003782
v 0.046980 0.003786 -0.003661
v 0.049176 0.002192 -0.013689
v 0.049559 0.004041 -0.013508
v 0.051310 0.001899 -0.022434
v 0.051759 0.003704 -0.022260
v 0.054077 0.002121 -0.033025
v 0.054315 0.004036 -0.032845
v 0.055717 0.001762 -0.040992
v 0.056147 0.003531 -0.040807
v 0.056197 0.001871 -0.047668
v 0.056247 0.003716 -0.047946
v 0.056847 0.021238 -0.040048
v 0.057761 0.017624 -0.039828
v 0.056984 0.018400 -0.048770
v 0.055395 0.021804 -0.048311
v 0.053230 0.022867 -0.032157
v 0.055576 0.019204 -0.031720
v 0.054287 0.021554 -0.021187
v 0.054842 0.017932 -0.021088
v 0.049742 0.022440 -0.012948
v 0.052562 0.019016 -0.012063
v 0.049799 0.019693 -0.002971
v 0.049881 0.016532 -0.002851
v 0.045566 0.022128 0.006230
v 0.046391 0.018798 0.007017
v 0.044252 0.021456 0.014704
v 0.044466 0.018166 0.014555
v 0.040151 0.022655 0.020482
v 0.041371 0.019186 0.021281
v 0.037615 0.021274 0.026781
v 0.038308 0.018023 0.027237
v 0.032933 0.022593 0.032088
v 0.033875 0.019843 0.033102
v 0.030987 0.019660 0.037162
v 0.031258 0.016634 0.037426
v 0.025282 0.022402 0.041903
v 0.025530 0.019947 0.043103
v 0.022140 0.019724 0.045519
v 0.022726 0.016565 0.046231
v 0.017385 0.021348 0.047735
v 0.017652 0.019357 0.049065
v 0.013216 0.018588 0.050967
v 0.013305 0.015698 0.050929
v 0.009463 0.021225 0.051843
v 0.009497 0.017857 0.051794
v -0.000001 0.003180 0.051400
v 0.003931 0.020030 0.051428
v 0.000138 0.021688 0.052087
v 0.024197 0.023328 0.040256
v 0.021003 0.021030 0.044214
v 0.042254 0.021465 0.012900
v 0.038502 0.023064 0.020701
v 0.052430 0.023164 -0.032864
v 0.052681 0.021874 -0.022186
v 0.016660 0.022861 0.046380
v 0.012338 0.020292 0.049225
v 0.036144 0.021984 0.026454
v 0.031744 0.023261 0.031316
v 0.047614 0.023041 -0.013897
v 0.048015 0.020881 -0.005004
v 0.008519 0.022823 0.050419
v 0.029772 0.020702 0.036240
v 0.043686 0.022750 0.004416
v 0.054920 0.021366 -0.040624
v 0.054176 0.022113 -0.049123
v 0.003848 0.022891 0.049434
v 0.000011 0.023330 0.049164
v 0.008547 0.023448 0.048111
v 0.030270 0.023681 0.030210
v 0.028222 0.022635 0.034714
v 0.050967 0.023469 -0.033314
v 0.050445 0.022001 -0.023634
v 0.035029 0.022767 0.024722
v 0.053302 0.022489 -0.041148
v 0.036684 0.023668 0.019865
v 0.011426 0.022824 0.047854
v 0.051441 0.022976 -0.048529
v 0.040889 0.021900 0.012242
v 0.015679 0.023500 0.044639
v 0.041912 0.023296 0.003162
v 0.019960 0.023199 0.042256
v 0.046292 0.021383 -0.005345
v 0.023175 0.023583 0.038794
v 0.045220 0.023438 -0.014784
v 0.014987 0.019264 0.039847
v 0.018709 0.019215 0.036552
v 0.017627 0.014445 0.031094
v 0.013321 0.014492 0.033496
v -0.000044 0.019289 0.045358
v 0.003650 0.018431 0.044514
v 0.003304 0.014832 0.037968
v -0.000000 0.014938 0.038506
v 0.037838 0.020971 -0.003268
v 0.040533 0.022205 -0.012061
v 0.038604 0.017525 -0.016738
v 0.036757 0.017135 -0.008380
v 0.021999 0.019570 0.033192
v 0.020919 0.014491 0.027651
v 0.007685 0.018908 0.043855
v 0.006301 0.014870 0.038051
v 0.041297 0.021409 -0.019280
v 0.039774 0.017444 -0.023672
v 0.025855 0.019049 0.028006
v 0.024302 0.014908 0.024794
v 0.044320 0.022657 -0.028103
v 0.041355 0.017612 -0.031762
v 0.028553 0.019874 0.024183
v 0.028208 0.015757 0.019911
v 0.010387 0.018688 0.042616
v 0.009055 0.014714 0.036643
v 0.045243 0.022155 -0.036550
v 0.042460 0.017391 -0.039044
v 0.031543 0.019727 0.017856
v 0.031250 0.016325 0.012964
v 0.047821 0.022665 -0.045726
v 0.044616 0.015448 -0.050424
v 0.033518 0.020621 0.013410
v 0.033038 0.016872 0.008216
v 0.049943 0.022022 -0.049543
v 0.049230 0.015444 -0.050645
v 0.035409 0.019859 0.005262
v 0.034964 0.016974 0.000021
v -0.000000 0.014305 0.025787
v 0.003514 0.014305 0.025998
v 0.005820 0.014305 0.013666
v -0.000000 0.014305 0.012848
v 0.011880 0.014306 0.025984
v 0.016346 0.014305 0.015945
v 0.010031 0.014305 -0.000845
v 0.010792 0.014305 -0.009225
v -0.000000 0.014305 -0.010744
v -0.000000 0.014305 -0.002880
v 0.011586 0.014305 -0.017316
v 0.012630 0.014305 -0.026014
v -0.000000 0.014305 -0.028866
v -0.000000 0.014305 -0.019805
v 0.016376 0.014305 -0.033571
v 0.020122 0.014305 -0.041127
v -0.000000 0.014305 -0.043505
v -0.000000 0.014305 -0.036185
v 0.020014 0.014088 -0.050367
v -0.000000 0.014161 -0.050292
v 0.023432 0.014321 0.002487
v 0.024247 0.014318 -0.005902
v 0.020579 0.014307 0.010117
v 0.008368 0.014305 0.007065
v -0.000000 0.014305 0.004984
v 0.026369 0.014333 -0.015268
v 0.027766 0.014345 -0.023351
v 0.030264 0.014375 -0.038837
v 0.029186 0.014362 -0.031421
v 0.053695 0.019453 -0.050238
v 0.053518 0.003182 -0.049520
v 0.020127 0.003365 -0.051479
v 0.019727 0.000254 -0.050946
v -0.000000 0.000647 -0.051508
v -0.000000 0.002768 -0.051765
v 0.053259 0.001257 -0.049398
v 0.052947 0.000385 -0.044204
v 0.042512 -0.000271 -0.044068
v 0.042889 0.001417 -0.050754
v -0.000000 0.001472 0.050857
v 0.006110 0.000111 0.046242
v 0.010610 0.000136 0.045647
v 0.026843 -0.000050 0.032341
v 0.030357 0.000031 0.027666
v 0.000000 0.000243 0.047559
v 0.003798 0.000365 0.048091
v 0.041700 0.000329 0.001657
v 0.043846 0.000399 -0.006978
v 0.018845 -0.000082 0.040656
v 0.022323 -0.000109 0.037430
v 0.036803 0.000145 0.016162
v 0.039447 0.000217 0.009551
v 0.048569 0.000368 -0.025642
v 0.051361 0.000417 -0.036225
v 0.014918 0.000038 0.043674
v 0.033788 0.000107 0.022232
v 0.046475 0.000406 -0.016884
v 0.009906 -0.000266 0.040210
v 0.011666 -0.000350 0.035660
v 0.017480 -0.000384 -0.014661
v -0.000000 -0.000384 -0.013815
v -0.000000 -0.000384 -0.025103
v 0.019030 -0.000384 -0.025404
v 0.017000 -0.000384 -0.005045
v -0.000000 -0.000384 -0.004115
v 0.016581 -0.000384 0.002479
v -0.000000 -0.000384 0.002237
v 0.015794 -0.000384 0.009814
v -0.000000 -0.000384 0.010213
v 0.015300 -0.000384 0.015699
v -0.000000 -0.000384 0.016431
v 0.014427 -0.000384 0.021527
v -0.000000 -0.000384 0.022173
v 0.014069 -0.000384 0.026760
v -0.000000 -0.000384 0.026599
v 0.013011 -0.000379 0.031000
v -0.000000 -0.000379 0.031078
v -0.000000 -0.000350 0.035879
v -0.000000 -0.000278 0.040075
v 0.008144 -0.000099 0.043828
v -0.000000 -0.000139 0.043644
v 0.000000 0.000035 0.045930
v 0.032380 0.014081 -0.050378
v 0.032417 0.002881 -0.051208
v 0.031199 0.000313 -0.050716
v 0.043147 0.003482 -0.050805
v 0.030437 -0.000380 -0.044124
v 0.019674 -0.000384 -0.044696
v -0.000000 -0.000384 -0.044794
v 0.019352 -0.000384 -0.035050
v -0.000000 -0.000384 -0.034948
v 0.029986 -0.000381 -0.039133
v 0.042848 -0.000247 -0.039379
v -0.004408 0.017869 0.052886
v -0.004565 0.015044 0.052570
v -0.005202 0.002962 0.051193
v -0.009613 0.003445 0.050497
v -0.009564 0.001649 0.049998
v -0.005253 0.001472 0.050610
v -0.013368 0.003295 0.049259
v -0.013316 0.001752 0.048869
v -0.017366 0.003752 0.047300
v -0.017274 0.001892 0.047049
v -0.021700 0.003124 0.044166
v -0.021557 0.001445 0.043874
v -0.025186 0.003541 0.040942
v -0.025032 0.001560 0.040635
v -0.029738 0.003519 0.035752
v -0.029530 0.001882 0.035523
v -0.033219 0.004003 0.031139
v -0.033024 0.002081 0.030835
v -0.036685 0.003916 0.025626
v -0.036455 0.002157 0.025403
v -0.039763 0.003874 0.019578
v -0.039501 0.001970 0.019355
v -0.042318 0.003879 0.012917
v -0.042138 0.002084 0.012743
v -0.044628 0.004036 0.005073
v -0.044389 0.002182 0.004849
v -0.046979 0.003786 -0.003662
v -0.046549 0.002184 -0.003782
v -0.049558 0.004041 -0.013508
v -0.049179 0.002190 -0.013688
v -0.051759 0.003704 -0.022260
v -0.051311 0.001898 -0.022433
v -0.054315 0.004036 -0.032845
v -0.054078 0.002121 -0.033024
v -0.056147 0.003531 -0.040807
v -0.055718 0.001761 -0.040992
v -0.056247 0.003717 -0.047945
v -0.056202 0.001869 -0.047672
v -0.056847 0.021238 -0.040048
v -0.055395 0.021804 -0.048311
v -0.056984 0.018400 -0.048770
v -0.057761 0.017624 -0.039828
v -0.053230 0.022867 -0.032157
v -0.055577 0.019204 -0.031721
v -0.054287 0.021554 -0.021187
v -0.054843 0.017932 -0.021087
v -0.049742 0.022440 -0.012948
v -0.052562 0.019015 -0.012063
v -0.049800 0.019694 -0.002971
v -0.049880 0.016533 -0.002851
v -0.045566 0.022128 0.006230
v -0.046392 0.018797 0.007015
v -0.044253 0.021457 0.014705
v -0.044466 0.018165 0.014556
v -0.040151 0.022657 0.020483
v -0.041371 0.019184 0.021281
v -0.037615 0.021274 0.026781
v -0.038309 0.018023 0.027237
v -0.032933 0.022593 0.032087
v -0.033874 0.019845 0.033102
v -0.030987 0.019659 0.037162
v -0.031259 0.016635 0.037429
v -0.025282 0.022403 0.041904
v -0.025528 0.019945 0.043100
v -0.022139 0.019723 0.045517
v -0.022727 0.016567 0.046233
v -0.017385 0.021348 0.047735
v -0.017666 0.019032 0.049166
v -0.013215 0.018587 0.050966
v -0.013305 0.015699 0.050930
v -0.009463 0.021225 0.051843
v -0.009497 0.017858 0.051795
v -0.003931 0.020030 0.051428
v -0.021002 0.021029 0.044213
v -0.024197 0.023328 0.040256
v -0.038502 0.023061 0.020701
v -0.042254 0.021465 0.012900
v -0.052681 0.021874 -0.022186
v -0.052430 0.023164 -0.032864
v -0.012338 0.020292 0.049224
v -0.016660 0.022859 0.046380
v -0.031745 0.023262 0.031316
v -0.036144 0.021984 0.026454
v -0.048015 0.020882 -0.005004
v -0.047614 0.023041 -0.013897
v -0.008518 0.022822 0.050420
v -0.029772 0.020702 0.036240
v -0.043686 0.022749 0.004416
v -0.054920 0.021366 -0.040624
v -0.054176 0.022113 -0.049123
v -0.003848 0.022891 0.049434
v -0.008547 0.023448 0.048111
v -0.028222 0.022635 0.034714
v -0.030270 0.023681 0.030210
v -0.050445 0.022001 -0.023634
v -0.050967 0.023469 -0.033314
v -0.035029 0.022767 0.024722
v -0.053302 0.022489 -0.041148
v -0.036684 0.023668 0.019865
v -0.011426 0.022824 0.047855
v -0.051441 0.022976 -0.048529
v -0.040889 0.021901 0.012243
v -0.015679 0.023500 0.044639
v -0.041912 0.023296 0.003162
v -0.019959 0.023197 0.042256
v -0.046292 0.021383 -0.005345
v -0.023175 0.023583 0.038794
v -0.045220 0.023439 -0.014784
v -0.014988 0.019264 0.039847
v -0.013321 0.014492 0.033496
v -0.017627 0.014445 0.031094
v -0.018709 0.019215 0.036552
v -0.003304 0.014832 0.037968
v -0.003650 0.018432 0.044514
v -0.037838 0.020971 -0.003268
v -0.036757 0.017135 -0.008380
v -0.038604 0.017525 -0.016738
v -0.040533 0.022205 -0.012061
v -0.020919 0.014491 0.027651
v -0.021999 0.019570 0.033192
v -0.006301 0.014870 0.038051
v -0.007685 0.018908 0.043854
v -0.039774 0.017444 -0.023672
v -0.041297 0.021409 -0.019280
v -0.024302 0.014908 0.024794
v -0.025855 0.019049 0.028006
v -0.041355 0.017612 -0.031762
v -0.044320 0.022657 -0.028103
v -0.028208 0.015757 0.019911
v -0.028553 0.019874 0.024183
v -0.010387 0.018688 0.042616
v -0.009055 0.014714 0.036643
v -0.042460 0.017391 -0.039044
v -0.045243 0.022155 -0.036550
v -0.031250 0.016325 0.012964
v -0.031543 0.019727 0.017856
v -0.044616 0.015448 -0.050424
v -0.047821 0.022665 -0.045726
v -0.033038 0.016872 0.008216
v -0.033518 0.020621 0.013410
v -0.049230 0.015444 -0.050645
v -0.049943 0.022022 -0.049543
v -0.034964 0.016974 0.000021
v -0.035409 0.019859 0.005262
v -0.005820 0.014305 0.013666
v -0.003514 0.014305 0.025998
v -0.011880 0.014306 0.025984
v -0.016346 0.014305 0.015945
v -0.010031 0.014305 -0.000845
v -0.010792 0.014305 -0.009225
v -0.011586 0.014305 -0.017316
v -0.012630 0.014305 -0.026014
v -0.016376 0.014305 -0.033571
v -0.020122 0.014305 -0.041127
v -0.020014 0.014088 -0.050367
v -0.024247 0.014318 -0.005902
v -0.023432 0.014321 0.002487
v -0.008368 0.014305 0.007065
v -0.020579 0.014307 0.010117
v -0.026369 0.014333 -0.015268
v -0.027766 0.014345 -0.023351
v -0.029186 0.014362 -0.031421
v -0.030264 0.014375 -0.038837
v -0.053695 0.019454 -0.050238
v -0.053518 0.003182 -0.049520
v -0.020127 0.003365 -0.051479
v -0.019727 0.000254 -0.050946
v -0.053259 0.001257 -0.049398
v -0.042889 0.001417 -0.050754
v -0.042512 -0.000271 -0.044068
v -0.052947 0.000385 -0.044204
v -0.010610 0.000134 0.045647
v -0.006110 0.000110 0.046242
v -0.030357 0.000031 0.027666
v -0.026843 -0.000051 0.032341
v -0.003798 0.000366 0.048091
v -0.043846 0.000399 -0.006978
v -0.041700 0.000328 0.001657
v -0.022323 -0.000109 0.037431
v -0.018845 -0.000083 0.040656
v -0.039447 0.000217 0.009551
v -0.036803 0.000145 0.016162
v -0.051361 0.000417 -0.036225
v -0.048569 0.000368 -0.025642
v -0.014918 0.000037 0.043674
v -0.033788 0.000107 0.022231
v -0.046475 0.000406 -0.016884
v -0.011666 -0.000350 0.035660
v -0.009906 -0.000266 0.040210
v -0.017480 -0.000384 -0.014661
v -0.019030 -0.000384 -0.025404
v -0.017000 -0.000384 -0.005045
v -0.016581 -0.000384 0.002479
v -0.015794 -0.000384 0.009814
v -0.015300 -0.000384 0.015699
v -0.014427 -0.000384 0.021527
v -0.014069 -0.000384 0.026760
v -0.013011 -0.000379 0.031000
v -0.008144 -0.000099 0.043828
v -0.032380 0.014081 -0.050378
v -0.032417 0.002881 -0.051208
v -0.031199 0.000313 -0.050716
v -0.043147 0.003482 -0.050805
v -0.030437 -0.000380 -0.044124
v -0.019674 -0.000384 -0.044696
v -0.019352 -0.000384 -0.035050
v -0.042849 -0.000247 -0.039379
v -0.029986 -0.000381 -0.039133
v 0.027232 0.024849 0.028464
v 0.027358 0.020984 0.027722
v 0.029007 0.020163 0.028746
v 0.028954 0.024121 0.029741
v 0.034847 0.015467 0.021351
v 0.034396 0.015261 0.022809
v 0.032037 0.015536 0.022381
v 0.032685 0.015740 0.020935
v 0.029336 0.027848 0.030143
v 0.027620 0.027742 0.028704
v 0.028547 0.030604 0.028086
v 0.027763 0.029469 0.026948
v 0.027505 0.029125 0.027606
v 0.028112 0.029691 0.028525
v 0.029864 0.030319 0.029841
v 0.027116 0.028188 0.026728
v 0.027084 0.028440 0.025986
v 0.026666 0.025645 0.025397
v 0.026527 0.025780 0.026489
v 0.027048 0.027865 0.027468
v 0.031339 0.032191 0.023262
v 0.031775 0.031538 0.021053
v 0.030369 0.030247 0.020168
v 0.029609 0.031277 0.021743
v 0.026542 0.025501 0.027275
v 0.027914 0.029322 0.022822
v 0.027242 0.028905 0.024322
v 0.028036 0.031148 0.025041
v 0.028699 0.032082 0.023545
v 0.030570 0.026494 0.018758
v 0.029583 0.026239 0.019590
v 0.029930 0.028743 0.019737
v 0.030680 0.028545 0.019039
v 0.032372 0.031065 0.019262
v 0.032783 0.029947 0.018370
v 0.031750 0.029210 0.018540
v 0.031046 0.029774 0.019190
v 0.027199 0.021632 0.023635
v 0.028039 0.018177 0.023515
v 0.027525 0.018342 0.024792
v 0.026785 0.021920 0.024948
v 0.031610 0.028073 0.018365
v 0.028755 0.016202 0.025043
v 0.028211 0.016565 0.026137
v 0.027134 0.018634 0.025830
v 0.031444 0.025982 0.018194
v 0.036995 0.032191 0.021270
v 0.036318 0.032270 0.023275
v 0.038167 0.031650 0.023715
v 0.038462 0.031720 0.021540
v 0.034755 0.019919 0.029107
v 0.033441 0.019893 0.029726
v 0.033247 0.017372 0.028775
v 0.034012 0.016761 0.028139
v 0.033718 0.031891 0.028790
v 0.032714 0.031960 0.030224
v 0.034752 0.031669 0.030273
v 0.035798 0.031530 0.029055
v 0.032102 0.015497 0.027404
v 0.031584 0.016801 0.028401
v 0.029368 0.017086 0.027685
v 0.029859 0.015677 0.026699
v 0.032643 0.025338 0.017825
v 0.032801 0.028041 0.017937
v 0.034875 0.028532 0.018177
v 0.034512 0.024932 0.018157
v 0.036885 0.028111 0.019321
v 0.036205 0.024558 0.019352
v 0.038415 0.030809 0.020413
v 0.037235 0.030862 0.019775
v 0.035899 0.019942 0.028030
v 0.036338 0.024454 0.029095
v 0.035208 0.024207 0.030243
v 0.035014 0.031033 0.018766
v 0.038495 0.028168 0.020111
v 0.026972 0.025582 0.023977
v 0.037764 0.024483 0.020111
v 0.039263 0.028503 0.021159
v 0.027828 0.021555 0.022261
v 0.027614 0.025543 0.022494
v 0.034811 0.032200 0.019650
v 0.028794 0.028844 0.021156
v 0.028490 0.025650 0.020959
v 0.036377 0.028585 0.029412
v 0.035665 0.028492 0.030251
v 0.032177 0.030747 0.030955
v 0.033946 0.030768 0.031105
v 0.032806 0.015258 0.026173
v 0.034861 0.016530 0.027006
v 0.029181 0.030822 0.027181
v 0.030225 0.031422 0.029433
v 0.031081 0.031296 0.028519
v 0.034158 0.028124 0.031611
v 0.029914 0.031210 0.026180
v 0.027955 0.029840 0.026488
v 0.033762 0.023815 0.031192
v 0.031888 0.027766 0.031439
v 0.033228 0.016006 0.019634
v 0.033609 0.016622 0.018659
v 0.035463 0.016109 0.019043
v 0.035192 0.015665 0.020054
v 0.038790 0.028697 0.024273
v 0.038982 0.024527 0.023512
v 0.039034 0.024499 0.022096
v 0.039066 0.028546 0.023149
v 0.038773 0.024499 0.020885
v 0.037678 0.020602 0.020826
v 0.037006 0.020670 0.020016
v 0.033847 0.018245 0.018252
v 0.035567 0.017642 0.018735
v 0.036746 0.017945 0.019373
v 0.036888 0.017348 0.019935
v 0.036736 0.017148 0.021036
v 0.036051 0.032397 0.024393
v 0.035535 0.032708 0.025844
v 0.037504 0.032446 0.026158
v 0.037913 0.031640 0.024685
v 0.030841 0.016653 0.020759
v 0.029415 0.018598 0.020756
v 0.030167 0.019099 0.019485
v 0.031496 0.017086 0.019489
v 0.037013 0.019954 0.026456
v 0.035750 0.016517 0.025406
v 0.030121 0.016330 0.022178
v 0.028692 0.018265 0.022144
v 0.032435 0.021889 0.017944
v 0.034069 0.021123 0.018346
v 0.032305 0.019227 0.018109
v 0.030886 0.019646 0.018631
v 0.032003 0.017792 0.018567
v 0.031378 0.020162 0.018231
v 0.034636 0.032302 0.027628
v 0.032157 0.031075 0.027034
v 0.030594 0.031890 0.025017
v 0.027755 0.017953 0.026952
v 0.026949 0.019079 0.026491
v 0.031298 0.019863 0.029578
v 0.031466 0.023798 0.030944
v 0.031309 0.022702 0.018173
v 0.037871 0.020511 0.021865
v 0.030479 0.022968 0.018659
v 0.037729 0.020143 0.024611
v 0.037918 0.020370 0.023087
v 0.038524 0.024473 0.025290
v 0.033693 0.015166 0.024486
v 0.035651 0.020679 0.019263
v 0.026505 0.022173 0.026037
v 0.026539 0.021918 0.026868
v 0.030499 0.015390 0.025498
v 0.036327 0.016748 0.023738
v 0.037491 0.028967 0.027913
v 0.037511 0.024446 0.027407
v 0.038393 0.028995 0.026051
v 0.033663 0.031670 0.024436
v 0.034108 0.031823 0.022396
v 0.032869 0.031378 0.025806
v 0.036696 0.032377 0.027802
v 0.029411 0.016165 0.023659
v 0.031291 0.015404 0.023958
v 0.028614 0.021895 0.020840
v 0.029544 0.022567 0.019525
v 0.036555 0.017006 0.022325
v -0.027232 0.024849 0.028464
v -0.028954 0.024121 0.029741
v -0.029007 0.020163 0.028746
v -0.027358 0.020984 0.027722
v -0.034847 0.015467 0.021351
v -0.032685 0.015740 0.020935
v -0.032037 0.015536 0.022381
v -0.034396 0.015261 0.022809
v -0.027620 0.027742 0.028704
v -0.029336 0.027848 0.030143
v -0.028547 0.030604 0.028086
v -0.028112 0.029691 0.028525
v -0.027505 0.029125 0.027606
v -0.027763 0.029469 0.026948
v -0.029864 0.030319 0.029841
v -0.027116 0.028188 0.026728
v -0.026527 0.025780 0.026489
v -0.026666 0.025645 0.025397
v -0.027084 0.028440 0.025986
v -0.027048 0.027865 0.027468
v -0.031339 0.032191 0.023262
v -0.029609 0.031277 0.021743
v -0.030369 0.030247 0.020168
v -0.031775 0.031538 0.021053
v -0.026542 0.025501 0.027275
v -0.027914 0.029322 0.022822
v -0.028699 0.032082 0.023545
v -0.028036 0.031148 0.025041
v -0.027242 0.028905 0.024322
v -0.030570 0.026494 0.018758
v -0.030680 0.028545 0.019039
v -0.029930 0.028743 0.019736
v -0.029583 0.026239 0.019590
v -0.032372 0.031065 0.019262
v -0.031046 0.029774 0.019190
v -0.031750 0.029210 0.018540
v -0.032783 0.029947 0.018370
v -0.027199 0.021632 0.023635
v -0.026785 0.021920 0.024948
v -0.027524 0.018342 0.024792
v -0.028039 0.018177 0.023515
v -0.031610 0.028073 0.018365
v -0.028755 0.016202 0.025043
v -0.027134 0.018634 0.025830
v -0.028211 0.016565 0.026137
v -0.031444 0.025982 0.018194
v -0.036994 0.032191 0.021270
v -0.038462 0.031720 0.021540
v -0.038167 0.031650 0.023715
v -0.036318 0.032270 0.023275
v -0.034755 0.019919 0.029107
v -0.034012 0.016761 0.028139
v -0.033247 0.017372 0.028775
v -0.033440 0.019893 0.029726
v -0.033718 0.031891 0.028790
v -0.035798 0.031530 0.029055
v -0.034752 0.031669 0.030273
v -0.032714 0.031960 0.030224
v -0.032102 0.015497 0.027404
v -0.029859 0.015677 0.026699
v -0.029368 0.017086 0.027685
v -0.031584 0.016801 0.028401
v -0.032643 0.025338 0.017825
v -0.034512 0.024932 0.018157
v -0.034875 0.028532 0.018177
v -0.032801 0.028041 0.017937
v -0.036205 0.024558 0.019352
v -0.036884 0.028111 0.019321
v -0.037235 0.030862 0.019775
v -0.038415 0.030809 0.020413
v -0.035208 0.024207 0.030243
v -0.036338 0.024454 0.029095
v -0.035899 0.019942 0.028030
v -0.035014 0.031033 0.018766
v -0.038495 0.028168 0.020111
v -0.026972 0.025582 0.023977
v -0.037764 0.024483 0.020111
v -0.039263 0.028503 0.021159
v -0.027828 0.021555 0.022261
v -0.027614 0.025543 0.022494
v -0.034811 0.032200 0.019650
v -0.028794 0.028844 0.021156
v -0.028490 0.025650 0.020959
v -0.035665 0.028492 0.030251
v -0.036377 0.028585 0.029412
v -0.033946 0.030768 0.031105
v -0.032177 0.030747 0.030955
v -0.034861 0.016530 0.027006
v -0.032806 0.015258 0.026173
v -0.029181 0.030822 0.027181
v -0.031081 0.031296 0.028519
v -0.030225 0.031422 0.029433
v -0.034157 0.028124 0.031611
v -0.029914 0.031210 0.026180
v -0.027955 0.029840 0.026488
v -0.033762 0.023815 0.031192
v -0.031888 0.027766 0.031439
v -0.033228 0.016006 0.019634
v -0.035192 0.015665 0.020054
v -0.035463 0.016109 0.019043
v -0.033609 0.016622 0.018659
v -0.038789 0.028697 0.024273
v -0.039066 0.028546 0.023149
v -0.039034 0.024499 0.022096
v -0.038982 0.024527 0.023512
v -0.038773 0.024499 0.020885
v -0.037006 0.020670 0.020016
v -0.037678 0.020602 0.020826
v -0.033847 0.018245 0.018252
v -0.035567 0.017642 0.018735
v -0.036746 0.017945 0.019373
v -0.036888 0.017348 0.019935
v -0.036736 0.017148 0.021036
v -0.036051 0.032397 0.024393
v -0.037913 0.031640 0.024685
v -0.037504 0.032446 0.026158
v -0.035535 0.032708 0.025844
v -0.030841 0.016653 0.020759
v -0.031496 0.017086 0.019489
v -0.030167 0.019099 0.019485
v -0.029414 0.018598 0.020756
v -0.037013 0.019954 0.026456
v -0.035750 0.016517 0.025406
v -0.028692 0.018265 0.022144
v -0.030121 0.016330 0.022178
v -0.032435 0.021889 0.017944
v -0.032305 0.019227 0.018109
v -0.034069 0.021123 0.018346
v -0.032003 0.017792 0.018567
v -0.030886 0.019646 0.018631
v -0.031378 0.020162 0.018231
v -0.034636 0.032302 0.027628
v -0.032157 0.031075 0.027034
v -0.030594 0.031890 0.025017
v -0.026949 0.019079 0.026491
v -0.027755 0.017953 0.026952
v -0.031298 0.019863 0.029578
v -0.031466 0.023798 0.030944
v -0.031309 0.022702 0.018173
v -0.037871 0.020511 0.021865
v -0.030479 0.022968 0.018659
v -0.037729 0.020143 0.024611
v -0.038524 0.024473 0.025290
v -0.037918 0.020370 0.023087
v -0.033693 0.015166 0.024486
v -0.035650 0.020679 0.019263
v -0.026505 0.022173 0.026037
v -0.026539 0.021918 0.026868
v -0.030499 0.015390 0.025498
v -0.036327 0.016748 0.023738
v -0.037491 0.028967 0.027913
v -0.038393 0.028995 0.026051
v -0.037511 0.024446 0.027407
v -0.034107 0.031823 0.022396
v -0.033663 0.031670 0.024436
v -0.032868 0.031378 0.025806
v -0.036696 0.032377 0.027802
v -0.031291 0.015404 0.023958
v -0.029411 0.016165 0.023659
v -0.028614 0.021895 0.020840
v -0.029544 0.022567 0.019525
v -0.036555 0.017006 0.022325
v 0.008700 0.022137 0.051451
v 0.007562 0.021756 0.052431
v 0.007221 0.016729 0.050001
v 0.008463 0.017455 0.049448
v 0.001217 0.027576 0.050189
v 0.000550 0.030680 0.052378
v 0.001847 0.031021 0.052400
v 0.002480 0.027383 0.049998
v 0.005833 0.021205 0.044557
v 0.005879 0.023472 0.045609
v 0.007150 0.023947 0.046046
v 0.007007 0.021791 0.045210
v 0.008085 0.027983 0.049053
v 0.008577 0.027732 0.048944
v 0.008120 0.026081 0.047672
v 0.007515 0.025752 0.047394
v 0.007310 0.017467 0.045394
v 0.007041 0.019477 0.044999
v 0.007888 0.020108 0.045742
v 0.007927 0.018134 0.045638
v 0.006298 0.025264 0.047247
v 0.008055 0.024831 0.047053
v 0.007955 0.022691 0.046286
v 0.008380 0.030830 0.051494
v 0.008747 0.029939 0.050748
v 0.008665 0.030983 0.052936
v 0.008846 0.027747 0.052767
v 0.008985 0.026616 0.051030
v 0.008916 0.029636 0.051342
v 0.008585 0.020674 0.047400
v 0.008903 0.021768 0.049911
v 0.008793 0.018197 0.048906
v 0.008464 0.017274 0.046813
v 0.008734 0.026652 0.048824
v 0.004183 0.018402 0.044485
v 0.005815 0.018848 0.044640
v 0.006050 0.016947 0.045352
v 0.004292 0.016657 0.045478
v 0.004842 0.021312 0.053362
v 0.004707 0.015923 0.050562
v 0.008720 0.024228 0.048365
v 0.004143 0.023415 0.045458
v 0.004161 0.020990 0.044072
v 0.002386 0.020902 0.044936
v 0.002411 0.023202 0.045938
v 0.000695 0.021983 0.052069
v 0.000725 0.017472 0.050251
v 0.002147 0.016679 0.050522
v 0.002136 0.021713 0.052854
v 0.001914 0.027683 0.053962
v 0.001720 0.031143 0.053840
v 0.000276 0.030755 0.053664
v 0.000423 0.027417 0.053539
v 0.000535 0.027180 0.050170
v 0.000165 0.029586 0.051832
v 0.000095 0.029147 0.052361
v 0.000162 0.025854 0.051888
v 0.001436 0.024953 0.048240
v 0.000835 0.025250 0.048728
v 0.001406 0.019088 0.045956
v 0.002523 0.018570 0.045029
v 0.002579 0.016845 0.045895
v 0.001384 0.017387 0.046465
v 0.004441 0.015129 0.047128
v 0.002272 0.015269 0.047524
v 0.000313 0.025927 0.050056
v 0.007190 0.031363 0.053405
v 0.007431 0.027838 0.053412
v 0.000613 0.023907 0.048023
v 0.004452 0.031666 0.053718
v 0.004392 0.031529 0.052005
v 0.000597 0.021861 0.047452
v 0.000301 0.023500 0.049582
v 0.001211 0.023303 0.046718
v 0.000912 0.015803 0.047751
v 0.002586 0.024790 0.047715
v 0.000157 0.018351 0.049790
v 0.000340 0.017399 0.048139
v 0.000782 0.018031 0.047027
v 0.007024 0.031135 0.051766
v 0.006882 0.027610 0.049184
v 0.004616 0.027467 0.049339
v 0.004448 0.025125 0.047209
v 0.006738 0.015304 0.046873
v 0.001247 0.021185 0.046025
v 0.004725 0.027963 0.053971
v 0.008058 0.015674 0.046744
v 0.000262 0.020314 0.048863
v 0.000727 0.019646 0.047115
v 0.000180 0.021539 0.050725
v -0.008700 0.022137 0.051451
v -0.008463 0.017455 0.049448
v -0.007221 0.016729 0.050001
v -0.007562 0.021756 0.052431
v -0.001217 0.027576 0.050189
v -0.002480 0.027383 0.049998
v -0.001847 0.031021 0.052400
v -0.000550 0.030680 0.052378
v -0.005833 0.021205 0.044557
v -0.007007 0.021791 0.045210
v -0.007149 0.023947 0.046046
v -0.005879 0.023472 0.045609
v -0.008084 0.027983 0.049053
v -0.007515 0.025752 0.047394
v -0.008120 0.026081 0.047672
v -0.008577 0.027732 0.048944
v -0.007310 0.017467 0.045394
v -0.007927 0.018134 0.045638
v -0.007888 0.020108 0.045742
v -0.007041 0.019477 0.044999
v -0.006298 0.025264 0.047247
v -0.008055 0.024831 0.047053
v -0.007955 0.022691 0.046286
v -0.008747 0.029939 0.050748
v -0.008380 0.030830 0.051494
v -0.008665 0.030983 0.052936
v -0.008916 0.029636 0.051342
v -0.008985 0.026616 0.051030
v -0.008846 0.027747 0.052767
v -0.008585 0.020674 0.047400
v -0.008464 0.017274 0.046813
v -0.008793 0.018197 0.048906
v -0.008903 0.021768 0.049911
v -0.008734 0.026652 0.048824
v -0.004183 0.018402 0.044485
v -0.004291 0.016657 0.045478
v -0.006050 0.016947 0.045352
v -0.005815 0.018848 0.044640
v -0.004842 0.021312 0.053362
v -0.004707 0.015923 0.050562
v -0.008720 0.024228 0.048365
v -0.004143 0.023415 0.045458
v -0.002411 0.023202 0.045938
v -0.002386 0.020902 0.044936
v -0.004161 0.020990 0.044072
v -0.000695 0.021983 0.052069
v -0.002136 0.021713 0.052854
v -0.002147 0.016679 0.050522
v -0.000725 0.017472 0.050251
v -0.001914 0.027683 0.053962
v -0.000423 0.027417 0.053539
v -0.000276 0.030755 0.053664
v -0.001720 0.031143 0.053840
v -0.000165 0.029586 0.051832
v -0.000535 0.027180 0.050170
v -0.000095 0.029147 0.052361
v -0.000162 0.025854 0.051888
v -0.000834 0.025250 0.048728
v -0.001436 0.024953 0.048240
v -0.001406 0.019088 0.045956
v -0.001384 0.017387 0.046465
v -0.002578 0.016845 0.045895
v -0.002523 0.018570 0.045029
v -0.004441 0.015129 0.047128
v -0.002272 0.015269 0.047524
v -0.000313 0.025927 0.050056
v -0.007431 0.027838 0.053412
v -0.007190 0.031363 0.053405
v -0.000613 0.023907 0.048023
v -0.004392 0.031529 0.052005
v -0.004452 0.031666 0.053718
v -0.000301 0.023500 0.049582
v -0.000597 0.021861 0.047452
v -0.001211 0.023303 0.046718
v -0.000912 0.015803 0.047751
v -0.002586 0.024790 0.047715
v -0.000157 0.018351 0.049790
v -0.000340 0.017399 0.048139
v -0.000782 0.018031 0.047027
v -0.004616 0.027467 0.049339
v -0.006882 0.027610 0.049184
v -0.007024 0.031135 0.051766
v -0.004448 0.025125 0.047209
v -0.006738 0.015304 0.046873
v -0.001247 0.021185 0.046025
v -0.004725 0.027963 0.053971
v -0.008058 0.015674 0.046744
v -0.000262 0.020314 0.048863
v -0.000726 0.019646 0.047115
v -0.000180 0.021539 0.050725
v 0.009468 0.027442 0.047038
v 0.009433 0.030088 0.049569
v 0.010397 0.030491 0.049825
v 0.010243 0.027491 0.047181
v 0.012544 0.022118 0.051547
v 0.010746 0.022304 0.051522
v 0.010614 0.017246 0.048760
v 0.012133 0.016685 0.048549
v 0.013694 0.021607 0.041880
v 0.012494 0.021241 0.041602
v 0.012515 0.023407 0.042444
v 0.013709 0.023681 0.042657
v 0.014562 0.027792 0.045592
v 0.015501 0.027680 0.045154
v 0.014684 0.025882 0.043774
v 0.013891 0.025517 0.043798
v 0.011197 0.023444 0.042495
v 0.011193 0.025426 0.044482
v 0.012594 0.025333 0.044050
v 0.014738 0.024673 0.043190
v 0.015859 0.026871 0.044936
v 0.015845 0.024559 0.044649
v 0.014795 0.022564 0.042623
v 0.015297 0.017938 0.046765
v 0.014559 0.016048 0.044084
v 0.015392 0.017692 0.043925
v 0.015809 0.018775 0.045949
v 0.009534 0.023546 0.044189
v 0.010163 0.023410 0.043230
v 0.010230 0.021255 0.042423
v 0.009606 0.021572 0.043583
v 0.015865 0.030550 0.048135
v 0.016608 0.029929 0.047324
v 0.016757 0.031422 0.049830
v 0.016739 0.028665 0.049761
v 0.017123 0.027420 0.047659
v 0.017138 0.029974 0.047869
v 0.014036 0.017175 0.042354
v 0.013788 0.019268 0.041713
v 0.014841 0.019878 0.042351
v 0.014833 0.017805 0.042430
v 0.011221 0.021160 0.041646
v 0.013215 0.015560 0.044573
v 0.012828 0.016944 0.042686
v 0.009157 0.022361 0.044924
v 0.009117 0.024297 0.045270
v 0.009557 0.022531 0.050880
v 0.009600 0.017873 0.048580
v 0.012930 0.027638 0.046334
v 0.013877 0.031067 0.048994
v 0.009302 0.028206 0.051851
v 0.010507 0.028586 0.052235
v 0.010449 0.031565 0.051894
v 0.009302 0.031100 0.051674
v 0.009023 0.027098 0.046901
v 0.009041 0.029151 0.048837
v 0.008922 0.028918 0.049595
v 0.008851 0.026398 0.049658
v 0.009520 0.025358 0.045394
v 0.009158 0.025505 0.045687
v 0.011732 0.015520 0.045136
v 0.014046 0.017049 0.047745
v 0.009706 0.019502 0.043596
v 0.010393 0.019102 0.042661
v 0.010515 0.017219 0.043716
v 0.009699 0.017706 0.044248
v 0.010462 0.015910 0.045601
v 0.008853 0.026089 0.046850
v 0.008853 0.023931 0.046724
v 0.009560 0.016581 0.045892
v 0.010173 0.025342 0.045017
v 0.009098 0.018560 0.048109
v 0.009099 0.018114 0.046127
v 0.009259 0.018400 0.044770
v 0.008988 0.021989 0.049045
v 0.008939 0.020883 0.046443
v 0.009222 0.020102 0.044730
v 0.016187 0.022875 0.048816
v 0.016445 0.022410 0.046814
v 0.015686 0.020968 0.044237
v 0.011338 0.027566 0.046987
v 0.012596 0.018982 0.041702
v 0.014432 0.022474 0.050467
v 0.014483 0.028999 0.051248
v 0.012441 0.028863 0.052056
v 0.011373 0.018914 0.041948
v 0.011580 0.016959 0.043155
v 0.012318 0.031997 0.051616
v 0.011902 0.031021 0.049608
v 0.014408 0.031996 0.051003
v -0.009468 0.027442 0.047038
v -0.010243 0.027491 0.047181
v -0.010397 0.030491 0.049825
v -0.009432 0.030088 0.049569
v -0.012544 0.022118 0.051547
v -0.012133 0.016685 0.048549
v -0.010614 0.017246 0.048760
v -0.010746 0.022304 0.051522
v -0.013694 0.021607 0.041880
v -0.013709 0.023681 0.042657
v -0.012515 0.023407 0.042444
v -0.012494 0.021241 0.041602
v -0.014562 0.027792 0.045592
v -0.013891 0.025517 0.043798
v -0.014684 0.025882 0.043774
v -0.015501 0.027680 0.045154
v -0.012594 0.025333 0.044050
v -0.011193 0.025426 0.044482
v -0.011197 0.023444 0.042495
v -0.014738 0.024673 0.043190
v -0.015859 0.026871 0.044936
v -0.014795 0.022564 0.042623
v -0.015845 0.024559 0.044649
v -0.015297 0.017938 0.046765
v -0.015808 0.018775 0.045949
v -0.015392 0.017692 0.043925
v -0.014559 0.016048 0.044084
v -0.009534 0.023546 0.044189
v -0.009606 0.021572 0.043583
v -0.010230 0.021255 0.042423
v -0.010163 0.023410 0.043230
v -0.016608 0.029929 0.047324
v -0.015865 0.030550 0.048135
v -0.016757 0.031422 0.049830
v -0.017138 0.029974 0.047869
v -0.017123 0.027420 0.047659
v -0.016739 0.028665 0.049761
v -0.014036 0.017175 0.042354
v -0.014833 0.017805 0.042430
v -0.014841 0.019878 0.042351
v -0.013788 0.019268 0.041713
v -0.011221 0.021160 0.041646
v -0.012828 0.016944 0.042686
v -0.013215 0.015560 0.044573
v -0.009117 0.024297 0.045270
v -0.009157 0.022361 0.044924
v -0.009557 0.022531 0.050880
v -0.009600 0.017873 0.048580
v -0.013877 0.031067 0.048994
v -0.012930 0.027638 0.046334
v -0.009302 0.028206 0.051851
v -0.009302 0.031100 0.051674
v -0.010449 0.031565 0.051894
v -0.010507 0.028586 0.052235
v -0.009040 0.029151 0.048837
v -0.009023 0.027098 0.046901
v -0.008922 0.028918 0.049595
v -0.008851 0.026398 0.049658
v -0.009158 0.025505 0.045687
v -0.009520 0.025358 0.045394
v -0.011732 0.015520 0.045136
v -0.014046 0.017049 0.047745
v -0.009706 0.019502 0.043596
v -0.009699 0.017706 0.044248
v -0.010514 0.017219 0.043716
v -0.010393 0.019102 0.042661
v -0.010462 0.015910 0.045601
v -0.008853 0.026089 0.046850
v -0.008853 0.023931 0.046724
v -0.009560 0.016581 0.045892
v -0.010173 0.025342 0.045017
v -0.009098 0.018560 0.048109
v -0.009099 0.018114 0.046127
v -0.009259 0.018400 0.044770
v -0.008939 0.020883 0.046443
v -0.008988 0.021989 0.049045
v -0.009222 0.020102 0.044730
v -0.016445 0.022410 0.046814
v -0.016187 0.022875 0.048816
v -0.015686 0.020968 0.044237
v -0.011338 0.027566 0.046987
v -0.012595 0.018982 0.041702
v -0.014432 0.022474 0.050467
v -0.014483 0.028999 0.051248
v -0.012441 0.028863 0.052056
v -0.011373 0.018914 0.041948
v -0.011580 0.016959 0.043155
v -0.012318 0.031997 0.051616
v -0.011902 0.031021 0.049608
v -0.014408 0.031996 0.051003
v 0.023671 0.023007 0.042226
v 0.023098 0.022487 0.043614
v 0.021530 0.017105 0.041578
v 0.022304 0.018117 0.040575
v 0.016405 0.026928 0.043608
v 0.017307 0.029688 0.046225
v 0.018487 0.030523 0.045963
v 0.017297 0.027250 0.043004
v 0.018526 0.021205 0.036963
v 0.018747 0.023378 0.037530
v 0.020185 0.023915 0.037435
v 0.019931 0.021710 0.036790
v 0.022070 0.028332 0.040114
v 0.022699 0.027955 0.039676
v 0.021659 0.026298 0.038554
v 0.020839 0.025995 0.038561
v 0.020392 0.016772 0.036884
v 0.019993 0.019167 0.036496
v 0.020970 0.019998 0.037108
v 0.020950 0.017625 0.037050
v 0.019498 0.025490 0.038872
v 0.021455 0.024976 0.037993
v 0.021172 0.022828 0.037505
v 0.023712 0.030734 0.041790
v 0.023862 0.029757 0.041024
v 0.024918 0.031292 0.043274
v 0.024641 0.028367 0.043092
v 0.024025 0.026789 0.041259
v 0.024368 0.029298 0.041417
v 0.022064 0.021265 0.038782
v 0.023245 0.022622 0.040720
v 0.022479 0.019042 0.039952
v 0.021649 0.017849 0.038414
v 0.022877 0.026822 0.039462
v 0.017078 0.018629 0.037830
v 0.018689 0.018775 0.036952
v 0.019219 0.016428 0.037571
v 0.017591 0.016227 0.038685
v 0.021460 0.021800 0.045566
v 0.020037 0.016064 0.043021
v 0.022566 0.024626 0.039209
v 0.016964 0.023252 0.037910
v 0.016836 0.021075 0.037515
v 0.015653 0.021199 0.038815
v 0.015777 0.023213 0.039246
v 0.017668 0.022227 0.047070
v 0.017371 0.016962 0.044770
v 0.018380 0.016351 0.044231
v 0.019097 0.021998 0.046768
v 0.019197 0.028463 0.047793
v 0.019158 0.031596 0.047812
v 0.017815 0.030939 0.048039
v 0.017780 0.028049 0.047956
v 0.015990 0.026480 0.043859
v 0.016662 0.028550 0.045701
v 0.016774 0.028426 0.046343
v 0.016684 0.025874 0.046273
v 0.015584 0.025169 0.041594
v 0.015428 0.025252 0.042328
v 0.015066 0.019112 0.040097
v 0.015780 0.018758 0.038990
v 0.016137 0.016269 0.039764
v 0.015325 0.016663 0.040601
v 0.018555 0.014813 0.040407
v 0.016976 0.014723 0.041547
v 0.015776 0.025445 0.043869
v 0.023867 0.031697 0.044592
v 0.023810 0.028592 0.044550
v 0.015151 0.024176 0.041902
v 0.021640 0.031838 0.046291
v 0.020630 0.031306 0.044491
v 0.014992 0.022244 0.041568
v 0.015609 0.023392 0.043639
v 0.015149 0.023595 0.040504
v 0.016141 0.015132 0.042189
v 0.016279 0.024993 0.040569
v 0.016691 0.017905 0.044614
v 0.015812 0.016950 0.042665
v 0.015146 0.017434 0.041277
v 0.022691 0.031044 0.042948
v 0.020939 0.028085 0.040873
v 0.019014 0.027910 0.041790
v 0.017617 0.025175 0.039326
v 0.020169 0.015352 0.039193
v 0.015010 0.021587 0.040095
v 0.021802 0.028504 0.046442
v 0.021177 0.016047 0.038472
v 0.015599 0.020331 0.043233
v 0.015015 0.019667 0.041364
v 0.016613 0.021610 0.045769
v -0.023671 0.023007 0.042226
v -0.022303 0.018117 0.040575
v -0.021530 0.017105 0.041578
v -0.023098 0.022487 0.043614
v -0.016405 0.026928 0.043608
v -0.017297 0.027250 0.043004
v -0.018487 0.030523 0.045963
v -0.017307 0.029688 0.046225
v -0.018525 0.021205 0.036963
v -0.019931 0.021710 0.036790
v -0.020185 0.023915 0.037435
v -0.018746 0.023378 0.037530
v -0.022070 0.028332 0.040114
v -0.020839 0.025995 0.038561
v -0.021659 0.026298 0.038554
v -0.022699 0.027955 0.039676
v -0.020392 0.016772 0.036884
v -0.020950 0.017625 0.037050
v -0.020970 0.019998 0.037108
v -0.019993 0.019167 0.036496
v -0.019498 0.025490 0.038872
v -0.021455 0.024976 0.037993
v -0.021172 0.022828 0.037505
v -0.023862 0.029757 0.041024
v -0.023712 0.030734 0.041790
v -0.024918 0.031292 0.043274
v -0.024368 0.029298 0.041417
v -0.024025 0.026789 0.041259
v -0.024641 0.028367 0.043092
v -0.022064 0.021265 0.038782
v -0.021649 0.017849 0.038414
v -0.022479 0.019042 0.039952
v -0.023245 0.022622 0.040720
v -0.022877 0.026822 0.039462
v -0.017078 0.018629 0.037830
v -0.017591 0.016227 0.038685
v -0.019219 0.016428 0.037571
v -0.018689 0.018775 0.036951
v -0.021460 0.021800 0.045566
v -0.020037 0.016064 0.043021
v -0.022566 0.024626 0.039209
v -0.016964 0.023252 0.037910
v -0.015777 0.023213 0.039246
v -0.015653 0.021199 0.038815
v -0.016836 0.021075 0.037515
v -0.017668 0.022227 0.047070
v -0.019097 0.021998 0.046768
v -0.018380 0.016351 0.044231
v -0.017371 0.016962 0.044770
v -0.019196 0.028463 0.047793
v -0.017780 0.028049 0.047956
v -0.017815 0.030939 0.048039
v -0.019158 0.031596 0.047812
v -0.016662 0.028550 0.045701
v -0.015990 0.026480 0.043859
v -0.016774 0.028426 0.046343
v -0.016684 0.025874 0.046273
v -0.015428 0.025252 0.042328
v -0.015584 0.025169 0.041594
v -0.015066 0.019112 0.040097
v -0.015325 0.016663 0.040601
v -0.016137 0.016269 0.039764
v -0.015780 0.018758 0.038990
v -0.018555 0.014813 0.040407
v -0.016976 0.014723 0.041547
v -0.015776 0.025445 0.043869
v -0.023809 0.028592 0.044550
v -0.023867 0.031697 0.044592
v -0.015151 0.024176 0.041902
v -0.020630 0.031306 0.044491
v -0.021640 0.031838 0.046291
v -0.015609 0.023392 0.043639
v -0.014992 0.022244 0.041568
v -0.015149 0.023595 0.040504
v -0.016141 0.015132 0.042189
v -0.016279 0.024993 0.040569
v -0.016691 0.017905 0.044614
v -0.015812 0.016950 0.042665
v -0.015146 0.017434 0.041277
v -0.019014 0.027910 0.041790
v -0.020939 0.028085 0.040873
v -0.022691 0.031044 0.042948
v -0.017617 0.025175 0.039326
v -0.020169 0.015352 0.039193
v -0.015010 0.021587 0.040095
v -0.021802 0.028504 0.046442
v -0.021177 0.016047 0.038472
v -0.015599 0.020331 0.043233
v -0.015015 0.019667 0.041364
v -0.016613 0.021610 0.045769
v 0.021266 0.022357 0.034877
v 0.021734 0.021877 0.033620
v 0.021767 0.019958 0.033295
v 0.021258 0.020411 0.034804
v 0.028422 0.033589 0.037522
v 0.027871 0.034059 0.036903
v 0.026902 0.033734 0.037753
v 0.027276 0.033229 0.038447
v 0.024154 0.030111 0.038610
v 0.024490 0.030199 0.038001
v 0.023473 0.027661 0.037329
v 0.022965 0.027230 0.037560
v 0.024552 0.029827 0.037590
v 0.023852 0.028012 0.037126
v 0.021462 0.017802 0.034946
v 0.021992 0.015258 0.035673
v 0.021812 0.016048 0.036547
v 0.021563 0.018578 0.036400
v 0.024311 0.028432 0.036787
v 0.025040 0.030868 0.037493
v 0.022805 0.026325 0.036509
v 0.022255 0.025603 0.036275
v 0.021804 0.024938 0.036173
v 0.024876 0.029069 0.036084
v 0.025772 0.031919 0.036961
v 0.024318 0.023743 0.031665
v 0.024677 0.025281 0.032589
v 0.025803 0.025840 0.032199
v 0.025558 0.024459 0.031184
v 0.026971 0.029140 0.033817
v 0.027428 0.028735 0.033458
v 0.026848 0.027600 0.032979
v 0.026230 0.027436 0.033086
v 0.025309 0.027286 0.033474
v 0.026824 0.026780 0.032370
v 0.031769 0.023799 0.032853
v 0.031161 0.018986 0.031993
v 0.031033 0.019549 0.031171
v 0.031073 0.022945 0.031401
v 0.024887 0.014546 0.036194
v 0.023665 0.014595 0.037565
v 0.022956 0.015020 0.034177
v 0.026797 0.025744 0.031383
v 0.027876 0.030724 0.034356
v 0.027984 0.029925 0.033897
v 0.028704 0.031836 0.034635
v 0.029514 0.032121 0.034555
v 0.029061 0.030089 0.033288
v 0.028445 0.030138 0.033762
v 0.023429 0.024729 0.033579
v 0.022356 0.024313 0.034620
v 0.023389 0.026111 0.035384
v 0.024333 0.026839 0.034311
v 0.027752 0.028277 0.032992
v 0.021887 0.024478 0.035396
v 0.022790 0.025961 0.036066
v 0.028057 0.027663 0.032192
v 0.023026 0.016115 0.038153
v 0.025478 0.032314 0.038278
v 0.025481 0.032267 0.039097
v 0.031448 0.023693 0.034720
v 0.030633 0.018365 0.033512
v 0.026526 0.015562 0.029967
v 0.027677 0.015929 0.028723
v 0.029692 0.015867 0.030158
v 0.028716 0.015337 0.031430
v 0.029434 0.021080 0.029738
v 0.029829 0.017578 0.029777
v 0.027165 0.017434 0.038211
v 0.025745 0.017624 0.039256
v 0.028281 0.016890 0.028591
v 0.025476 0.029596 0.035091
v 0.024932 0.030985 0.040154
v 0.024928 0.027515 0.040736
v 0.026879 0.028044 0.040025
v 0.026915 0.031336 0.039451
v 0.026881 0.014882 0.033835
v 0.024690 0.015124 0.031975
v 0.022127 0.024009 0.038296
v 0.023446 0.026219 0.040197
v 0.023508 0.029255 0.039447
v 0.022312 0.026462 0.037881
v 0.028884 0.024727 0.030138
v 0.028359 0.026786 0.031083
v 0.029827 0.029491 0.032469
v 0.030771 0.027474 0.031776
v 0.029280 0.017556 0.035975
v 0.030008 0.023051 0.037526
v 0.027525 0.022933 0.039548
v 0.022816 0.020077 0.031556
v 0.023397 0.017468 0.031378
v 0.022104 0.017431 0.033340
v 0.025844 0.022847 0.040403
v 0.026409 0.018417 0.028835
v 0.025742 0.021068 0.029422
v 0.027173 0.022421 0.029420
v 0.027693 0.019432 0.028790
v 0.024484 0.022063 0.040039
v 0.024754 0.018181 0.039390
v 0.022593 0.019836 0.038329
v 0.026272 0.029535 0.034293
v 0.027484 0.031592 0.035070
v 0.025489 0.023056 0.030211
v 0.024322 0.020404 0.030115
v 0.024158 0.022346 0.030796
v 0.025063 0.017860 0.029774
v 0.021496 0.023542 0.035058
v 0.028806 0.031572 0.038066
v 0.029422 0.028364 0.038246
v 0.031270 0.029224 0.035317
v 0.030177 0.031712 0.036003
v 0.021371 0.021666 0.036327
v 0.030565 0.031409 0.034014
v 0.031663 0.029201 0.033287
v 0.028530 0.033196 0.035830
v 0.026720 0.032179 0.035988
v 0.022977 0.023352 0.032880
v 0.021934 0.023161 0.034069
v 0.029292 0.033110 0.036262
v 0.022764 0.022019 0.032174
v 0.021432 0.023873 0.036218
v 0.026853 0.024493 0.030308
v -0.021266 0.022357 0.034877
v -0.021258 0.020411 0.034804
v -0.021767 0.019958 0.033295
v -0.021734 0.021877 0.033620
v -0.028422 0.033589 0.037522
v -0.027276 0.033229 0.038447
v -0.026902 0.033734 0.037753
v -0.027871 0.034059 0.036903
v -0.024154 0.030111 0.038610
v -0.022965 0.027230 0.037560
v -0.023473 0.027661 0.037329
v -0.024490 0.030199 0.038001
v -0.023852 0.028012 0.037126
v -0.024552 0.029827 0.037590
v -0.021462 0.017802 0.034946
v -0.021563 0.018578 0.036400
v -0.021812 0.016048 0.036547
v -0.021992 0.015258 0.035673
v -0.024311 0.028432 0.036787
v -0.025040 0.030868 0.037493
v -0.022255 0.025603 0.036275
v -0.022805 0.026325 0.036509
v -0.021804 0.024938 0.036173
v -0.024876 0.029069 0.036084
v -0.025772 0.031919 0.036961
v -0.024318 0.023743 0.031665
v -0.025558 0.024459 0.031184
v -0.025803 0.025840 0.032199
v -0.024677 0.025281 0.032589
v -0.026971 0.029140 0.033817
v -0.026230 0.027436 0.033086
v -0.026847 0.027600 0.032979
v -0.027428 0.028735 0.033458
v -0.025309 0.027286 0.033474
v -0.026824 0.026780 0.032370
v -0.031769 0.023799 0.032853
v -0.031073 0.022945 0.031401
v -0.031033 0.019549 0.031171
v -0.031161 0.018986 0.031993
v -0.024887 0.014546 0.036194
v -0.022956 0.015020 0.034177
v -0.023665 0.014595 0.037565
v -0.026797 0.025744 0.031383
v -0.027984 0.029925 0.033897
v -0.027875 0.030724 0.034356
v -0.028704 0.031836 0.034635
v -0.028445 0.030138 0.033762
v -0.029061 0.030089 0.033288
v -0.029514 0.032121 0.034555
v -0.023429 0.024729 0.033579
v -0.024333 0.026839 0.034311
v -0.023389 0.026111 0.035384
v -0.022356 0.024313 0.034620
v -0.027752 0.028277 0.032992
v -0.022790 0.025961 0.036066
v -0.021887 0.024478 0.035396
v -0.028057 0.027663 0.032192
v -0.023026 0.016115 0.038153
v -0.025481 0.032267 0.039097
v -0.025478 0.032314 0.038278
v -0.030633 0.018365 0.033512
v -0.031448 0.023693 0.034720
v -0.026526 0.015562 0.029967
v -0.028716 0.015337 0.031430
v -0.029692 0.015867 0.030158
v -0.027677 0.015929 0.028723
v -0.029434 0.021080 0.029738
v -0.029829 0.017578 0.029777
v -0.025745 0.017624 0.039256
v -0.027165 0.017434 0.038211
v -0.028281 0.016890 0.028591
v -0.025476 0.029596 0.035091
v -0.024932 0.030985 0.040154
v -0.026915 0.031336 0.039451
v -0.026879 0.028044 0.040025
v -0.024928 0.027515 0.040736
v -0.024690 0.015124 0.031975
v -0.026881 0.014882 0.033835
v -0.022127 0.024009 0.038296
v -0.022312 0.026462 0.037881
v -0.023508 0.029255 0.039447
v -0.023446 0.026219 0.040197
v -0.028884 0.024727 0.030138
v -0.030771 0.027474 0.031776
v -0.029827 0.029491 0.032469
v -0.028359 0.026786 0.031083
v -0.029280 0.017556 0.035975
v -0.030008 0.023051 0.037526
v -0.027525 0.022933 0.039548
v -0.022816 0.020077 0.031556
v -0.022104 0.017431 0.033340
v -0.023397 0.017468 0.031378
v -0.025844 0.022847 0.040403
v -0.026409 0.018417 0.028835
v -0.027692 0.019432 0.028790
v -0.027173 0.022421 0.029420
v -0.025742 0.021068 0.029422
v -0.024483 0.022063 0.040039
v -0.024754 0.018181 0.039390
v -0.022593 0.019836 0.038329
v -0.027484 0.031592 0.035070
v -0.026272 0.029535 0.034293
v -0.025489 0.023056 0.030211
v -0.024158 0.022346 0.030796
v -0.024322 0.020404 0.030115
v -0.025063 0.017860 0.029774
v -0.021496 0.023542 0.035058
v -0.028806 0.031572 0.038066
v -0.030177 0.031712 0.036003
v -0.031270 0.029224 0.035317
v -0.029422 0.028364 0.038246
v -0.021371 0.021666 0.036327
v -0.030565 0.031409 0.034014
v -0.031663 0.029201 0.033287
v -0.026720 0.032179 0.035988
v -0.028530 0.033196 0.035830
v -0.021934 0.023161 0.034069
v -0.022977 0.023352 0.032880
v -0.029292 0.033110 0.036262
v -0.022764 0.022019 0.032174
v -0.021432 0.023873 0.036218
v -0.026853 0.024493 0.030308
v 0.033960 0.023516 0.016544
v 0.034063 0.019197 0.016208
v 0.035560 0.018622 0.017275
v 0.035671 0.023499 0.017829
v 0.036116 0.028024 0.017974
v 0.034382 0.027577 0.016567
v 0.035808 0.030349 0.014732
v 0.034013 0.029919 0.014437
v 0.033907 0.029375 0.015612
v 0.035185 0.029675 0.016041
v 0.036753 0.030662 0.017578
v 0.033007 0.027498 0.015756
v 0.032703 0.023666 0.015597
v 0.032451 0.027843 0.014473
v 0.035134 0.024341 0.005020
v 0.034321 0.024434 0.006007
v 0.034498 0.029027 0.005998
v 0.035071 0.028770 0.005264
v 0.038352 0.031263 0.006474
v 0.038485 0.030289 0.005415
v 0.036828 0.030269 0.004568
v 0.036039 0.030804 0.005477
v 0.035538 0.031084 0.006264
v 0.036199 0.028340 0.004105
v 0.031995 0.028906 0.011388
v 0.032197 0.023901 0.011032
v 0.032129 0.023904 0.012872
v 0.032385 0.028218 0.012987
v 0.040691 0.014228 0.008053
v 0.040161 0.014205 0.009674
v 0.038353 0.013519 0.008929
v 0.038921 0.013468 0.007248
v 0.036231 0.023954 0.004098
v 0.039959 0.020185 0.017957
v 0.039009 0.019853 0.018485
v 0.038943 0.016454 0.017901
v 0.039479 0.015865 0.017252
v 0.039687 0.031644 0.017038
v 0.039105 0.031879 0.018352
v 0.040666 0.031227 0.019256
v 0.041175 0.031398 0.018054
v 0.037731 0.013924 0.016569
v 0.037514 0.015334 0.017479
v 0.035570 0.014885 0.016693
v 0.035853 0.013442 0.015812
v 0.037932 0.023663 0.004064
v 0.038012 0.028082 0.004302
v 0.039882 0.028365 0.005163
v 0.039979 0.023664 0.004793
v 0.042468 0.028622 0.006312
v 0.041848 0.024699 0.006296
v 0.037957 0.031659 0.007192
v 0.042568 0.031554 0.007811
v 0.044252 0.030586 0.008935
v 0.044015 0.030177 0.007861
v 0.042588 0.030902 0.006842
v 0.040821 0.020543 0.016759
v 0.041297 0.025102 0.017938
v 0.040328 0.024631 0.019000
v 0.039872 0.030513 0.005807
v 0.044183 0.028569 0.007712
v 0.042187 0.031372 0.009330
v 0.044031 0.030930 0.010464
v 0.043586 0.025364 0.007227
v 0.044653 0.028811 0.009156
v 0.039829 0.031499 0.006644
v 0.041686 0.029117 0.018526
v 0.040908 0.028651 0.019597
v 0.038621 0.031097 0.018929
v 0.039914 0.030641 0.019697
v 0.038214 0.013866 0.015222
v 0.040036 0.015968 0.015909
v 0.036070 0.030446 0.013877
v 0.037167 0.031363 0.016885
v 0.037740 0.031052 0.015146
v 0.039560 0.028275 0.019910
v 0.039112 0.024301 0.019395
v 0.038084 0.028384 0.019356
v 0.041427 0.020445 0.006312
v 0.041391 0.016184 0.006150
v 0.039705 0.015246 0.005087
v 0.039914 0.019212 0.004881
v 0.033978 0.030405 0.013171
v 0.039383 0.013619 0.005902
v 0.041150 0.014332 0.006738
v 0.044114 0.029604 0.012728
v 0.044494 0.029074 0.010763
v 0.043473 0.031675 0.012136
v 0.044383 0.025680 0.008343
v 0.043432 0.022206 0.008200
v 0.042675 0.021832 0.007293
v 0.042204 0.018284 0.007192
v 0.042290 0.017714 0.007876
v 0.042150 0.017392 0.008937
v 0.037053 0.013766 0.008136
v 0.036383 0.013696 0.010004
v 0.035221 0.015438 0.009439
v 0.035897 0.015789 0.007678
v 0.041830 0.021015 0.015072
v 0.040670 0.016414 0.014067
v 0.032117 0.023828 0.014397
v 0.038202 0.019186 0.004283
v 0.038232 0.015339 0.004328
v 0.036511 0.015944 0.006119
v 0.037007 0.015976 0.004846
v 0.038064 0.013708 0.005034
v 0.037629 0.013650 0.006423
v 0.037347 0.016538 0.004286
v 0.037608 0.019056 0.018282
v 0.037656 0.024008 0.019084
v 0.036933 0.019623 0.004354
v 0.043439 0.022073 0.009274
v 0.036055 0.019781 0.005007
v 0.032773 0.019692 0.014262
v 0.033639 0.016284 0.014374
v 0.033580 0.017002 0.015144
v 0.033139 0.019707 0.015294
v 0.034237 0.015653 0.015771
v 0.034553 0.015374 0.011336
v 0.033987 0.015753 0.013058
v 0.032876 0.019346 0.012884
v 0.033213 0.018934 0.011128
v 0.032638 0.028786 0.009188
v 0.032776 0.024034 0.009029
v 0.036687 0.030988 0.012311
v 0.037273 0.031529 0.009998
v 0.034135 0.031387 0.009592
v 0.033500 0.031669 0.011666
v 0.033853 0.019102 0.009182
v 0.033427 0.024213 0.007392
v 0.034570 0.019411 0.007492
v 0.043952 0.025637 0.011867
v 0.044443 0.025786 0.009633
v 0.041879 0.016850 0.010352
v 0.043196 0.021620 0.010845
v 0.043668 0.030003 0.014875
v 0.043433 0.025457 0.014259
v 0.042689 0.021291 0.013011
v 0.041350 0.016675 0.012099
v 0.042339 0.025392 0.016310
v 0.035686 0.013649 0.011920
v 0.037694 0.013513 0.010812
v 0.036990 0.013454 0.012745
v 0.036347 0.013336 0.014477
v 0.035049 0.013593 0.013633
v 0.039539 0.014120 0.011514
v 0.034906 0.031610 0.007902
v 0.037574 0.031853 0.009103
v 0.040064 0.031851 0.015218
v 0.037862 0.030991 0.012874
v 0.038305 0.031434 0.010543
v 0.039367 0.031477 0.009255
v 0.039807 0.031544 0.008541
v 0.034537 0.013795 0.014955
v 0.041843 0.031985 0.016254
v 0.042727 0.032213 0.014151
v 0.040904 0.032264 0.012568
v 0.038850 0.014010 0.013465
v 0.041766 0.031865 0.010591
v 0.042500 0.029659 0.016815
v 0.033421 0.029008 0.007388
v 0.035333 0.019695 0.006080
v -0.033960 0.023516 0.016544
v -0.035671 0.023499 0.017829
v -0.035560 0.018622 0.017275
v -0.034062 0.019197 0.016208
v -0.034382 0.027577 0.016567
v -0.036116 0.028024 0.017974
v -0.035807 0.030349 0.014732
v -0.035185 0.029675 0.016041
v -0.033907 0.029375 0.015612
v -0.034013 0.029919 0.014437
v -0.036753 0.030662 0.017578
v -0.033007 0.027498 0.015756
v -0.032703 0.023666 0.015597
v -0.032451 0.027843 0.014473
v -0.035134 0.024341 0.005020
v -0.035071 0.028770 0.005264
v -0.034498 0.029027 0.005998
v -0.034321 0.024434 0.006007
v -0.038352 0.031263 0.006474
v -0.036039 0.030804 0.005477
v -0.036828 0.030269 0.004568
v -0.038484 0.030289 0.005415
v -0.035538 0.031084 0.006264
v -0.036199 0.028340 0.004105
v -0.031995 0.028906 0.011388
v -0.032385 0.028218 0.012987
v -0.032129 0.023904 0.012872
v -0.032197 0.023901 0.011032
v -0.040691 0.014228 0.008053
v -0.038921 0.013468 0.007248
v -0.038352 0.013519 0.008929
v -0.040161 0.014205 0.009674
v -0.036231 0.023954 0.004098
v -0.039959 0.020185 0.017957
v -0.039479 0.015865 0.017252
v -0.038943 0.016454 0.017901
v -0.039009 0.019853 0.018485
v -0.039687 0.031644 0.017038
v -0.041175 0.031398 0.018054
v -0.040666 0.031227 0.019256
v -0.039105 0.031879 0.018352
v -0.037731 0.013924 0.016569
v -0.035853 0.013442 0.015812
v -0.035570 0.014885 0.016693
v -0.037514 0.015334 0.017479
v -0.037932 0.023663 0.004064
v -0.039979 0.023664 0.004793
v -0.039882 0.028365 0.005163
v -0.038011 0.028082 0.004302
v -0.041848 0.024699 0.006296
v -0.042468 0.028622 0.006312
v -0.037956 0.031659 0.007192
v -0.042568 0.031554 0.007811
v -0.042588 0.030902 0.006842
v -0.044015 0.030177 0.007861
v -0.044252 0.030586 0.008935
v -0.040328 0.024631 0.019000
v -0.041297 0.025102 0.017938
v -0.040821 0.020543 0.016759
v -0.039872 0.030513 0.005807
v -0.044183 0.028569 0.007712
v -0.044031 0.030930 0.010464
v -0.042186 0.031372 0.009330
v -0.043586 0.025364 0.007227
v -0.044653 0.028811 0.009156
v -0.039828 0.031499 0.006644
v -0.040908 0.028651 0.019597
v -0.041686 0.029117 0.018526
v -0.039914 0.030641 0.019697
v -0.038621 0.031097 0.018929
v -0.040036 0.015968 0.015909
v -0.038214 0.013866 0.015222
v -0.036070 0.030446 0.013877
v -0.037740 0.031052 0.015146
v -0.037166 0.031363 0.016885
v -0.039560 0.028275 0.019910
v -0.039112 0.024301 0.019395
v -0.038084 0.028384 0.019356
v -0.041427 0.020445 0.006312
v -0.039914 0.019212 0.004881
v -0.039705 0.015246 0.005087
v -0.041391 0.016184 0.006150
v -0.033978 0.030405 0.013171
v -0.041150 0.014332 0.006738
v -0.039383 0.013619 0.005902
v -0.044114 0.029604 0.012728
v -0.043473 0.031675 0.012136
v -0.044494 0.029074 0.010763
v -0.044383 0.025680 0.008343
v -0.042675 0.021832 0.007293
v -0.043432 0.022206 0.008200
v -0.042204 0.018284 0.007192
v -0.042290 0.017714 0.007876
v -0.042150 0.017392 0.008937
v -0.037053 0.013766 0.008136
v -0.035897 0.015789 0.007678
v -0.035221 0.015438 0.009439
v -0.036383 0.013696 0.010004
v -0.041830 0.021015 0.015072
v -0.040670 0.016414 0.014067
v -0.032117 0.023828 0.014397
v -0.038202 0.019186 0.004283
v -0.038232 0.015339 0.004328
v -0.036511 0.015944 0.006119
v -0.037629 0.013650 0.006423
v -0.038064 0.013708 0.005034
v -0.037007 0.015976 0.004846
v -0.037347 0.016538 0.004286
v -0.037608 0.019056 0.018282
v -0.037656 0.024008 0.019084
v -0.036933 0.019623 0.004354
v -0.043439 0.022073 0.009274
v -0.036055 0.019781 0.005007
v -0.032773 0.019692 0.014262
v -0.033138 0.019707 0.015294
v -0.033580 0.017002 0.015144
v -0.033639 0.016284 0.014374
v -0.034237 0.015653 0.015771
v -0.034552 0.015374 0.011336
v -0.033213 0.018934 0.011128
v -0.032876 0.019346 0.012884
v -0.033986 0.015753 0.013058
v -0.032776 0.024034 0.009029
v -0.032638 0.028786 0.009188
v -0.036687 0.030988 0.012311
v -0.033500 0.031669 0.011666
v -0.034135 0.031387 0.009592
v -0.037272 0.031529 0.009998
v -0.033853 0.019102 0.009182
v -0.033427 0.024213 0.007392
v -0.034570 0.019411 0.007492
v -0.044443 0.025786 0.009633
v -0.043952 0.025637 0.011867
v -0.041878 0.016850 0.010352
v -0.043196 0.021620 0.010845
v -0.043433 0.025457 0.014259
v -0.043668 0.030003 0.014875
v -0.042689 0.021291 0.013011
v -0.041350 0.016675 0.012099
v -0.042339 0.025392 0.016310
v -0.035686 0.013649 0.011920
v -0.036990 0.013454 0.012745
v -0.037693 0.013513 0.010812
v -0.035049 0.013593 0.013633
v -0.036347 0.013336 0.014477
v -0.039539 0.014120 0.011514
v -0.037574 0.031853 0.009103
v -0.034906 0.031610 0.007902
v -0.037862 0.030991 0.012874
v -0.040064 0.031851 0.015218
v -0.039367 0.031477 0.009255
v -0.038305 0.031434 0.010543
v -0.039807 0.031544 0.008541
v -0.034537 0.013795 0.014955
v -0.040904 0.032264 0.012568
v -0.042727 0.032213 0.014151
v -0.041843 0.031985 0.016254
v -0.038849 0.014010 0.013465
v -0.041766 0.031865 0.010591
v -0.042500 0.029659 0.016815
v -0.033421 0.029008 0.007388
v -0.035333 0.019695 0.006080
v 0.038691 0.021664 0.003749
v 0.039426 0.017482 0.003582
v 0.040965 0.017330 0.003843
v 0.041065 0.021194 0.004298
v 0.041239 0.025696 0.005208
v 0.038387 0.025492 0.003880
v 0.038515 0.030176 0.002674
v 0.036009 0.029167 0.002190
v 0.036526 0.028383 0.003057
v 0.038409 0.028638 0.003582
v 0.042206 0.029323 0.005337
v 0.036556 0.025853 0.002987
v 0.037239 0.022138 0.002807
v 0.035529 0.026345 0.001700
v 0.038634 0.023032 -0.011746
v 0.037651 0.022941 -0.010440
v 0.037329 0.027286 -0.010392
v 0.038319 0.027182 -0.011929
v 0.041015 0.031605 -0.011854
v 0.041606 0.029978 -0.012498
v 0.039757 0.029500 -0.012397
v 0.039018 0.029932 -0.011822
v 0.037749 0.030035 -0.010391
v 0.039468 0.027126 -0.012680
v 0.035098 0.027289 -0.002263
v 0.035667 0.022548 -0.002510
v 0.035833 0.022494 -0.000244
v 0.034999 0.026789 -0.000014
v 0.045161 0.012850 -0.008616
v 0.044630 0.013449 -0.006755
v 0.043104 0.012493 -0.007002
v 0.043575 0.012103 -0.008996
v 0.039691 0.023028 -0.012395
v 0.047275 0.031422 0.003319
v 0.046438 0.030343 0.004829
v 0.047645 0.028841 0.003994
v 0.048344 0.029593 0.002735
v 0.042727 0.012845 0.002321
v 0.042529 0.014504 0.003283
v 0.040934 0.013616 0.003315
v 0.041138 0.011736 0.002229
v 0.041443 0.022849 -0.012714
v 0.041442 0.027080 -0.013298
v 0.044843 0.026488 -0.013602
v 0.044526 0.021958 -0.012289
v 0.048385 0.025112 -0.012613
v 0.047264 0.021156 -0.011683
v 0.039783 0.032022 -0.010540
v 0.045908 0.018886 0.002243
v 0.044874 0.018707 0.003322
v 0.043984 0.015900 0.003041
v 0.044445 0.015325 0.002212
v 0.049415 0.030163 -0.010831
v 0.049959 0.026819 -0.009026
v 0.049987 0.026760 -0.010920
v 0.048868 0.028469 -0.012039
v 0.046749 0.018867 0.000733
v 0.048256 0.022733 0.001452
v 0.047397 0.022435 0.003103
v 0.045027 0.029997 -0.012930
v 0.049775 0.024144 -0.011284
v 0.049676 0.030753 -0.008380
v 0.050300 0.027710 -0.006793
v 0.049015 0.020662 -0.011347
v 0.049911 0.023972 -0.009121
v 0.045188 0.031954 -0.011904
v 0.048378 0.026683 0.002205
v 0.047829 0.026135 0.003628
v 0.045635 0.028893 0.005463
v 0.046933 0.028148 0.004694
v 0.043114 0.012834 0.000602
v 0.044955 0.015359 0.000558
v 0.038687 0.031103 0.001384
v 0.042604 0.031034 0.004430
v 0.043038 0.030954 0.002227
v 0.046698 0.025927 0.004709
v 0.046089 0.022347 0.004433
v 0.044696 0.025884 0.005475
v 0.046226 0.017473 -0.010625
v 0.045873 0.014050 -0.010436
v 0.044068 0.013849 -0.011060
v 0.044170 0.017736 -0.011312
v 0.043910 0.012072 -0.010357
v 0.045663 0.012565 -0.009843
v 0.051032 0.025933 -0.003857
v 0.050177 0.024168 -0.006489
v 0.050645 0.029651 -0.003727
v 0.049648 0.020571 -0.010243
v 0.048261 0.017560 -0.009553
v 0.047885 0.017455 -0.010298
v 0.047125 0.015009 -0.009859
v 0.047126 0.014599 -0.009314
v 0.046863 0.014942 -0.008251
v 0.042030 0.012316 -0.007547
v 0.041388 0.012141 -0.005102
v 0.040250 0.013833 -0.005470
v 0.041011 0.014046 -0.007974
v 0.035622 0.029754 0.000662
v 0.047632 0.018716 -0.001204
v 0.045796 0.015326 -0.001618
v 0.036419 0.022419 0.001502
v 0.042270 0.018097 -0.011904
v 0.042688 0.013829 -0.011654
v 0.041417 0.013759 -0.010134
v 0.041728 0.013776 -0.011357
v 0.042712 0.011997 -0.011037
v 0.042461 0.012008 -0.009636
v 0.041891 0.014682 -0.011679
v 0.042879 0.018111 0.003754
v 0.043849 0.021928 0.004735
v 0.041111 0.018512 -0.011604
v 0.048321 0.017848 -0.008096
v 0.040529 0.018557 -0.011040
v 0.038096 0.018076 0.001654
v 0.039172 0.013508 0.001529
v 0.039165 0.014518 0.002461
v 0.038458 0.018027 0.002724
v 0.039786 0.013523 0.002932
v 0.039630 0.013503 -0.002752
v 0.039391 0.013339 -0.000232
v 0.038004 0.017857 0.000102
v 0.038213 0.017848 -0.002335
v 0.036093 0.027448 -0.004930
v 0.036280 0.022603 -0.004954
v 0.038043 0.031294 -0.001823
v 0.038875 0.029075 -0.004959
v 0.037053 0.028700 -0.005138
v 0.035705 0.029836 -0.001672
v 0.038518 0.017941 -0.005153
v 0.036996 0.022773 -0.007825
v 0.039199 0.018253 -0.007794
v 0.050457 0.021665 -0.004400
v 0.049690 0.021013 -0.007517
v 0.046297 0.015725 -0.006484
v 0.048399 0.018367 -0.005633
v 0.049220 0.027044 -0.001296
v 0.049770 0.022596 -0.002109
v 0.048427 0.018442 -0.003288
v 0.046315 0.015499 -0.004100
v 0.048584 0.023106 -0.000486
v 0.040766 0.011670 -0.002435
v 0.042577 0.012394 -0.004586
v 0.042049 0.011836 -0.001933
v 0.041509 0.011619 0.000495
v 0.040408 0.011440 0.000032
v 0.044374 0.013267 -0.004340
v 0.036925 0.029697 -0.007548
v 0.038788 0.031410 -0.007487
v 0.047416 0.030899 0.000240
v 0.043480 0.030146 -0.000743
v 0.044548 0.030299 -0.003662
v 0.044965 0.030436 -0.006621
v 0.045373 0.031347 -0.009406
v 0.040055 0.011611 0.001777
v 0.048203 0.029716 0.000555
v 0.048822 0.029896 -0.000956
v 0.047653 0.030768 -0.001468
v 0.043849 0.012976 -0.001729
v 0.048675 0.031483 -0.004456
v 0.048328 0.027086 0.000130
v 0.036521 0.027482 -0.007641
v 0.039891 0.018420 -0.009944
v -0.038691 0.021664 0.003749
v -0.041065 0.021194 0.004298
v -0.040965 0.017330 0.003843
v -0.039426 0.017482 0.003582
v -0.038387 0.025492 0.003880
v -0.041239 0.025696 0.005208
v -0.038514 0.030176 0.002674
v -0.038409 0.028638 0.003582
v -0.036526 0.028383 0.003057
v -0.036009 0.029167 0.002190
v -0.042206 0.029323 0.005337
v -0.036556 0.025853 0.002987
v -0.037239 0.022138 0.002807
v -0.035529 0.026345 0.001700
v -0.038634 0.023032 -0.011746
v -0.038319 0.027182 -0.011929
v -0.037329 0.027286 -0.010392
v -0.037651 0.022941 -0.010440
v -0.041015 0.031605 -0.011854
v -0.039018 0.029932 -0.011822
v -0.039757 0.029500 -0.012397
v -0.041606 0.029978 -0.012498
v -0.037749 0.030035 -0.010391
v -0.039468 0.027126 -0.012680
v -0.035098 0.027289 -0.002263
v -0.034999 0.026789 -0.000014
v -0.035833 0.022494 -0.000244
v -0.035667 0.022548 -0.002510
v -0.045161 0.012850 -0.008616
v -0.043575 0.012103 -0.008996
v -0.043104 0.012493 -0.007002
v -0.044630 0.013449 -0.006755
v -0.039691 0.023028 -0.012395
v -0.047275 0.031422 0.003319
v -0.048344 0.029593 0.002735
v -0.047645 0.028841 0.003994
v -0.046438 0.030343 0.004829
v -0.042727 0.012845 0.002321
v -0.041138 0.011736 0.002229
v -0.040934 0.013616 0.003315
v -0.042529 0.014504 0.003283
v -0.041443 0.022849 -0.012714
v -0.044526 0.021958 -0.012289
v -0.044843 0.026488 -0.013602
v -0.041442 0.027080 -0.013298
v -0.047264 0.021156 -0.011683
v -0.048385 0.025112 -0.012613
v -0.039783 0.032022 -0.010540
v -0.045908 0.018886 0.002243
v -0.044445 0.015325 0.002212
v -0.043984 0.015900 0.003041
v -0.044874 0.018707 0.003322
v -0.049415 0.030163 -0.010831
v -0.048868 0.028469 -0.012039
v -0.049987 0.026760 -0.010920
v -0.049959 0.026819 -0.009026
v -0.047396 0.022435 0.003103
v -0.048256 0.022733 0.001452
v -0.046749 0.018867 0.000733
v -0.045027 0.029997 -0.012930
v -0.049775 0.024144 -0.011284
v -0.050300 0.027710 -0.006793
v -0.049676 0.030753 -0.008380
v -0.049015 0.020662 -0.011347
v -0.049911 0.023972 -0.009121
v -0.045188 0.031954 -0.011904
v -0.047829 0.026135 0.003628
v -0.048378 0.026683 0.002205
v -0.046933 0.028148 0.004694
v -0.045635 0.028893 0.005463
v -0.044955 0.015359 0.000558
v -0.043114 0.012834 0.000602
v -0.038687 0.031103 0.001384
v -0.043038 0.030954 0.002227
v -0.042604 0.031034 0.004430
v -0.046697 0.025927 0.004709
v -0.046089 0.022347 0.004433
v -0.044696 0.025884 0.005475
v -0.046226 0.017473 -0.010625
v -0.044169 0.017736 -0.011312
v -0.044068 0.013849 -0.011060
v -0.045873 0.014050 -0.010436
v -0.045663 0.012565 -0.009843
v -0.043910 0.012072 -0.010357
v -0.051032 0.025933 -0.003857
v -0.050645 0.029651 -0.003727
v -0.050177 0.024168 -0.006489
v -0.049648 0.020571 -0.010243
v -0.047885 0.017455 -0.010298
v -0.048261 0.017560 -0.009553
v -0.047125 0.015009 -0.009859
v -0.047126 0.014599 -0.009314
v -0.046862 0.014942 -0.008251
v -0.042030 0.012316 -0.007547
v -0.041011 0.014046 -0.007974
v -0.040250 0.013833 -0.005470
v -0.041388 0.012141 -0.005102
v -0.035622 0.029754 0.000662
v -0.047632 0.018716 -0.001204
v -0.045796 0.015326 -0.001618
v -0.036419 0.022419 0.001502
v -0.042270 0.018097 -0.011904
v -0.042688 0.013829 -0.011654
v -0.041417 0.013759 -0.010134
v -0.042461 0.012008 -0.009636
v -0.042712 0.011997 -0.011037
v -0.041727 0.013776 -0.011357
v -0.041891 0.014682 -0.011679
v -0.042879 0.018111 0.003754
v -0.043849 0.021928 0.004735
v -0.041111 0.018512 -0.011604
v -0.048321 0.017848 -0.008096
v -0.040529 0.018557 -0.011040
v -0.038096 0.018076 0.001654
v -0.038458 0.018027 0.002724
v -0.039165 0.014518 0.002461
v -0.039172 0.013508 0.001529
v -0.039786 0.013523 0.002932
v -0.039629 0.013503 -0.002752
v -0.038213 0.017848 -0.002335
v -0.038004 0.017857 0.000102
v -0.039391 0.013339 -0.000232
v -0.036280 0.022603 -0.004954
v -0.036093 0.027448 -0.004930
v -0.038043 0.031294 -0.001823
v -0.035704 0.029836 -0.001672
v -0.037053 0.028700 -0.005138
v -0.038875 0.029075 -0.004959
v -0.038518 0.017941 -0.005153
v -0.036996 0.022773 -0.007825
v -0.039199 0.018253 -0.007794
v -0.049690 0.021013 -0.007517
v -0.050457 0.021665 -0.004400
v -0.046297 0.015725 -0.006484
v -0.048399 0.018367 -0.005633
v -0.049770 0.022596 -0.002109
v -0.049220 0.027044 -0.001296
v -0.048427 0.018442 -0.003288
v -0.046315 0.015499 -0.004100
v -0.048584 0.023106 -0.000486
v -0.040766 0.011670 -0.002435
v -0.042049 0.011836 -0.001933
v -0.042577 0.012394 -0.004586
v -0.040408 0.011440 0.000032
v -0.041509 0.011619 0.000495
v -0.044374 0.013267 -0.004340
v -0.038788 0.031410 -0.007487
v -0.036924 0.029697 -0.007548
v -0.043480 0.030146 -0.000743
v -0.047416 0.030899 0.000240
v -0.044965 0.030436 -0.006621
v -0.044548 0.030299 -0.003662
v -0.045373 0.031347 -0.009406
v -0.040055 0.011611 0.001777
v -0.047653 0.030768 -0.001468
v -0.048822 0.029896 -0.000956
v -0.048203 0.029716 0.000555
v -0.043849 0.012976 -0.001729
v -0.048675 0.031483 -0.004456
v -0.048328 0.027086 0.000130
v -0.036521 0.027482 -0.007641
v -0.039891 0.018420 -0.009944
v 0.041898 0.021902 -0.015526
v 0.042533 0.017632 -0.015647
v 0.044472 0.016992 -0.015206
v 0.044496 0.021304 -0.014800
v 0.044690 0.025947 -0.014261
v 0.041701 0.025758 -0.015598
v 0.041895 0.030424 -0.016907
v 0.039492 0.029155 -0.017709
v 0.039954 0.028445 -0.016887
v 0.041790 0.028877 -0.016076
v 0.045669 0.029610 -0.014497
v 0.039794 0.026115 -0.016697
v 0.040397 0.022404 -0.016609
v 0.038845 0.026588 -0.018003
v 0.041478 0.023003 -0.031638
v 0.040451 0.022971 -0.030305
v 0.040349 0.027471 -0.030144
v 0.041428 0.027307 -0.031706
v 0.044943 0.031746 -0.031523
v 0.045778 0.030062 -0.032013
v 0.043118 0.029704 -0.032112
v 0.042274 0.030214 -0.031597
v 0.040907 0.030318 -0.030127
v 0.042645 0.027283 -0.032468
v 0.038219 0.027456 -0.021653
v 0.038484 0.022756 -0.021926
v 0.038768 0.022734 -0.019627
v 0.038243 0.027002 -0.019571
v 0.049161 0.011287 -0.027949
v 0.048515 0.011387 -0.025744
v 0.046456 0.010950 -0.026142
v 0.047060 0.010943 -0.028404
v 0.042562 0.022976 -0.032317
v 0.045036 0.027122 -0.032874
v 0.044428 0.022774 -0.032611
v 0.049933 0.031567 -0.016898
v 0.049397 0.030388 -0.015169
v 0.050590 0.028843 -0.015749
v 0.051066 0.029528 -0.017254
v 0.046604 0.011376 -0.016517
v 0.046552 0.013082 -0.015499
v 0.044319 0.013058 -0.015794
v 0.044401 0.011168 -0.016897
v 0.048318 0.026502 -0.032661
v 0.047822 0.021982 -0.032021
v 0.051415 0.025398 -0.031817
v 0.050940 0.021275 -0.031322
v 0.043203 0.032437 -0.030288
v 0.050215 0.017375 -0.015968
v 0.049226 0.017273 -0.014978
v 0.048399 0.013996 -0.015431
v 0.048856 0.013209 -0.016223
v 0.051707 0.029914 -0.030183
v 0.053313 0.027531 -0.029409
v 0.052886 0.026947 -0.030518
v 0.051461 0.028315 -0.031164
v 0.050903 0.017303 -0.017519
v 0.051957 0.022364 -0.017299
v 0.051178 0.022074 -0.015426
v 0.048338 0.029281 -0.031179
v 0.052903 0.024546 -0.030684
v 0.052354 0.030897 -0.028681
v 0.053794 0.028300 -0.027384
v 0.052529 0.020876 -0.030530
v 0.053544 0.024446 -0.029098
v 0.048061 0.030203 -0.030098
v 0.051604 0.026656 -0.017262
v 0.051158 0.026088 -0.015579
v 0.048882 0.028999 -0.014345
v 0.050109 0.028210 -0.014871
v 0.046919 0.011144 -0.018133
v 0.049215 0.013067 -0.017797
v 0.042056 0.031410 -0.018103
v 0.046045 0.031279 -0.015538
v 0.046479 0.031978 -0.018566
v 0.050168 0.025916 -0.014419
v 0.049936 0.022026 -0.014087
v 0.048266 0.025979 -0.013842
v 0.050337 0.016823 -0.030391
v 0.049914 0.013068 -0.030002
v 0.047551 0.013034 -0.030659
v 0.047582 0.017142 -0.031102
v 0.039007 0.029786 -0.018999
v 0.047384 0.011161 -0.029870
v 0.049634 0.011379 -0.029322
v 0.054188 0.026200 -0.024018
v 0.054038 0.024985 -0.026748
v 0.053863 0.029383 -0.024785
v 0.053232 0.020815 -0.029125
v 0.052563 0.016938 -0.029117
v 0.052062 0.016918 -0.030005
v 0.051468 0.013912 -0.029489
v 0.051505 0.013293 -0.028882
v 0.051295 0.013252 -0.027656
v 0.045002 0.011189 -0.026857
v 0.044109 0.011013 -0.024173
v 0.042778 0.012938 -0.024728
v 0.043698 0.013112 -0.027472
v 0.051545 0.017215 -0.019677
v 0.049719 0.013049 -0.019994
v 0.039456 0.022663 -0.017904
v 0.045139 0.017632 -0.031802
v 0.045707 0.013251 -0.031349
v 0.044194 0.013035 -0.029812
v 0.044516 0.013231 -0.031104
v 0.045786 0.011340 -0.030634
v 0.045558 0.011156 -0.029154
v 0.044689 0.014155 -0.031485
v 0.047008 0.016978 -0.014858
v 0.047643 0.021688 -0.014009
v 0.043809 0.018094 -0.031557
v 0.052663 0.016989 -0.027433
v 0.043163 0.018135 -0.031003
v 0.041100 0.018255 -0.017595
v 0.042030 0.013537 -0.017724
v 0.042113 0.014604 -0.016792
v 0.041498 0.018232 -0.016517
v 0.042816 0.013456 -0.016299
v 0.042213 0.012906 -0.021937
v 0.042133 0.013160 -0.019446
v 0.040896 0.017921 -0.019175
v 0.040890 0.017661 -0.021685
v 0.039043 0.027623 -0.024434
v 0.038999 0.022766 -0.024589
v 0.041525 0.031846 -0.021170
v 0.042416 0.029491 -0.024342
v 0.040114 0.029032 -0.024543
v 0.038854 0.030052 -0.021110
v 0.041022 0.017549 -0.024709
v 0.039724 0.022887 -0.027630
v 0.041683 0.017767 -0.027597
v 0.053924 0.021728 -0.024102
v 0.053638 0.021100 -0.026955
v 0.050647 0.013488 -0.025492
v 0.052599 0.017052 -0.024873
v 0.053103 0.027205 -0.021780
v 0.053366 0.022450 -0.021509
v 0.052329 0.016960 -0.022138
v 0.050298 0.013071 -0.022663
v 0.052320 0.022757 -0.019545
v 0.043441 0.010942 -0.021507
v 0.045633 0.010818 -0.023454
v 0.045010 0.010765 -0.020826
v 0.044694 0.010863 -0.018538
v 0.043232 0.011127 -0.019134
v 0.047977 0.011074 -0.022979
v 0.040105 0.029913 -0.027193
v 0.042397 0.031434 -0.027160
v 0.051079 0.030922 -0.020596
v 0.047274 0.031502 -0.021776
v 0.048399 0.030538 -0.023770
v 0.048714 0.030863 -0.026878
v 0.048275 0.031178 -0.028988
v 0.042986 0.011473 -0.017449
v 0.051679 0.029598 -0.020053
v 0.052731 0.029715 -0.022213
v 0.051607 0.031402 -0.022837
v 0.047377 0.011118 -0.020348
v 0.052687 0.031746 -0.026082
v 0.051976 0.027157 -0.019890
v 0.039474 0.027750 -0.027316
v 0.042451 0.017968 -0.029878
v -0.041898 0.021902 -0.015526
v -0.044496 0.021304 -0.014800
v -0.044472 0.016992 -0.015206
v -0.042533 0.017632 -0.015647
v -0.041700 0.025758 -0.015598
v -0.044690 0.025947 -0.014261
v -0.041895 0.030424 -0.016907
v -0.041790 0.028877 -0.016076
v -0.039954 0.028445 -0.016887
v -0.039492 0.029155 -0.017709
v -0.045669 0.029610 -0.014497
v -0.039794 0.026115 -0.016697
v -0.040397 0.022404 -0.016609
v -0.038845 0.026588 -0.018003
v -0.041478 0.023003 -0.031638
v -0.041428 0.027307 -0.031706
v -0.040349 0.027471 -0.030144
v -0.040451 0.022971 -0.030305
v -0.044942 0.031746 -0.031523
v -0.042274 0.030214 -0.031597
v -0.043117 0.029704 -0.032112
v -0.045778 0.030062 -0.032013
v -0.040907 0.030318 -0.030127
v -0.042645 0.027283 -0.032468
v -0.038219 0.027456 -0.021653
v -0.038243 0.027002 -0.019571
v -0.038768 0.022734 -0.019627
v -0.038484 0.022756 -0.021926
v -0.049161 0.011287 -0.027949
v -0.047060 0.010943 -0.028404
v -0.046455 0.010950 -0.026142
v -0.048515 0.011387 -0.025744
v -0.042562 0.022976 -0.032317
v -0.045036 0.027122 -0.032874
v -0.044428 0.022774 -0.032611
v -0.049933 0.031567 -0.016898
v -0.051066 0.029528 -0.017254
v -0.050590 0.028843 -0.015749
v -0.049397 0.030388 -0.015169
v -0.046604 0.011376 -0.016517
v -0.044401 0.011168 -0.016897
v -0.044319 0.013058 -0.015794
v -0.046552 0.013082 -0.015499
v -0.047821 0.021982 -0.032021
v -0.048318 0.026502 -0.032661
v -0.050940 0.021275 -0.031322
v -0.051415 0.025398 -0.031817
v -0.043203 0.032437 -0.030288
v -0.050215 0.017375 -0.015968
v -0.048855 0.013209 -0.016223
v -0.048398 0.013996 -0.015431
v -0.049226 0.017273 -0.014978
v -0.051707 0.029914 -0.030183
v -0.051461 0.028315 -0.031164
v -0.052885 0.026947 -0.030518
v -0.053313 0.027531 -0.029409
v -0.051178 0.022074 -0.015426
v -0.051957 0.022364 -0.017299
v -0.050903 0.017303 -0.017519
v -0.048338 0.029281 -0.031179
v -0.052903 0.024546 -0.030684
v -0.053794 0.028300 -0.027384
v -0.052354 0.030897 -0.028681
v -0.052528 0.020876 -0.030530
v -0.053544 0.024446 -0.029098
v -0.048061 0.030203 -0.030098
v -0.051158 0.026088 -0.015579
v -0.051604 0.026656 -0.017262
v -0.050109 0.028210 -0.014871
v -0.048882 0.028999 -0.014345
v -0.049215 0.013067 -0.017797
v -0.046919 0.011144 -0.018133
v -0.042056 0.031410 -0.018103
v -0.046478 0.031978 -0.018566
v -0.046045 0.031279 -0.015538
v -0.050168 0.025916 -0.014419
v -0.049936 0.022026 -0.014087
v -0.048266 0.025979 -0.013842
v -0.050336 0.016823 -0.030391
v -0.047582 0.017142 -0.031102
v -0.047551 0.013034 -0.030659
v -0.049914 0.013068 -0.030002
v -0.039007 0.029786 -0.018999
v -0.049634 0.011379 -0.029322
v -0.047384 0.011161 -0.029870
v -0.054188 0.026200 -0.024018
v -0.053863 0.029383 -0.024785
v -0.054037 0.024985 -0.026748
v -0.053232 0.020815 -0.029125
v -0.052062 0.016918 -0.030005
v -0.052563 0.016938 -0.029117
v -0.051468 0.013912 -0.029489
v -0.051505 0.013293 -0.028882
v -0.051295 0.013252 -0.027656
v -0.045002 0.011189 -0.026857
v -0.043698 0.013112 -0.027472
v -0.042778 0.012938 -0.024728
v -0.044108 0.011013 -0.024173
v -0.051545 0.017215 -0.019677
v -0.049719 0.013049 -0.019994
v -0.039456 0.022663 -0.017904
v -0.045139 0.017632 -0.031802
v -0.045707 0.013251 -0.031349
v -0.044193 0.013035 -0.029812
v -0.045558 0.011156 -0.029154
v -0.045786 0.011340 -0.030634
v -0.044516 0.013231 -0.031104
v -0.044689 0.014155 -0.031485
v -0.047008 0.016978 -0.014858
v -0.047643 0.021688 -0.014009
v -0.043809 0.018094 -0.031557
v -0.052663 0.016989 -0.027433
v -0.043163 0.018135 -0.031003
v -0.041100 0.018255 -0.017595
v -0.041498 0.018232 -0.016517
v -0.042113 0.014604 -0.016792
v -0.042030 0.013537 -0.017724
v -0.042816 0.013456 -0.016299
v -0.042213 0.012906 -0.021937
v -0.040890 0.017661 -0.021685
v -0.040896 0.017921 -0.019175
v -0.042133 0.013160 -0.019446
v -0.038999 0.022766 -0.024589
v -0.039043 0.027623 -0.024434
v -0.041525 0.031846 -0.021170
v -0.038853 0.030052 -0.021110
v -0.040114 0.029032 -0.024543
v -0.042416 0.029491 -0.024342
v -0.041022 0.017549 -0.024709
v -0.039724 0.022887 -0.027630
v -0.041683 0.017767 -0.027597
v -0.053638 0.021100 -0.026955
v -0.053924 0.021728 -0.024102
v -0.050647 0.013488 -0.025492
v -0.052599 0.017052 -0.024873
v -0.053366 0.022450 -0.021509
v -0.053103 0.027205 -0.021780
v -0.052329 0.016960 -0.022138
v -0.050298 0.013071 -0.022663
v -0.052320 0.022757 -0.019545
v -0.043441 0.010942 -0.021507
v -0.045010 0.010765 -0.020826
v -0.045633 0.010818 -0.023454
v -0.043232 0.011127 -0.019134
v -0.044694 0.010863 -0.018538
v -0.047977 0.011074 -0.022979
v -0.042397 0.031434 -0.027160
v -0.040105 0.029913 -0.027193
v -0.047274 0.031502 -0.021776
v -0.051079 0.030922 -0.020596
v -0.048714 0.030863 -0.026878
v -0.048399 0.030538 -0.023770
v -0.048275 0.031178 -0.028988
v -0.042986 0.011473 -0.017449
v -0.051607 0.031402 -0.022837
v -0.052731 0.029715 -0.022213
v -0.051679 0.029598 -0.020053
v -0.047377 0.011118 -0.020348
v -0.052687 0.031746 -0.026082
v -0.051976 0.027157 -0.019890
v -0.039473 0.027750 -0.027316
v -0.042451 0.017968 -0.029878
v 0.046031 0.022390 -0.034251
v 0.046604 0.018430 -0.034426
v 0.048436 0.017837 -0.034213
v 0.048498 0.021835 -0.033841
v 0.048731 0.026140 -0.033363
v 0.045841 0.025965 -0.034298
v 0.045890 0.030292 -0.035524
v 0.043595 0.029115 -0.036025
v 0.044103 0.028457 -0.035313
v 0.045876 0.028857 -0.034748
v 0.049609 0.029536 -0.033678
v 0.043974 0.026296 -0.035122
v 0.044539 0.022854 -0.035101
v 0.042970 0.026735 -0.036231
v 0.044040 0.023410 -0.049063
v 0.043226 0.023380 -0.047732
v 0.043148 0.027553 -0.047573
v 0.043987 0.027401 -0.049121
v 0.047246 0.031517 -0.049302
v 0.047967 0.029956 -0.049837
v 0.045505 0.029624 -0.049664
v 0.044778 0.030096 -0.049105
v 0.043664 0.030193 -0.047613
v 0.045033 0.027379 -0.049945
v 0.042029 0.027540 -0.039534
v 0.042246 0.023181 -0.039812
v 0.042737 0.023161 -0.037721
v 0.042258 0.027118 -0.037617
v 0.051491 0.012546 -0.046427
v 0.051114 0.012639 -0.044330
v 0.049176 0.012233 -0.044492
v 0.049508 0.012227 -0.046638
v 0.044972 0.023385 -0.049797
v 0.053301 0.031351 -0.036315
v 0.052980 0.030258 -0.034669
v 0.054021 0.028825 -0.035322
v 0.054311 0.029460 -0.036757
v 0.050270 0.012629 -0.035633
v 0.050324 0.014211 -0.034690
v 0.048236 0.014189 -0.034739
v 0.048202 0.012436 -0.035764
v 0.046664 0.023198 -0.050254
v 0.047197 0.027229 -0.050557
v 0.050244 0.026654 -0.050687
v 0.049850 0.022463 -0.050048
v 0.053183 0.025631 -0.050217
v 0.052795 0.021808 -0.049714
v 0.045765 0.032158 -0.047991
v 0.053654 0.018191 -0.035486
v 0.052841 0.018097 -0.034475
v 0.052033 0.015058 -0.034811
v 0.052375 0.014328 -0.035586
v 0.053615 0.029818 -0.048740
v 0.055173 0.027609 -0.048186
v 0.054668 0.027068 -0.049166
v 0.053291 0.028336 -0.049620
v 0.054134 0.018125 -0.036984
v 0.055127 0.022818 -0.036887
v 0.054596 0.022548 -0.035083
v 0.050410 0.029232 -0.049323
v 0.054668 0.024841 -0.049321
v 0.054361 0.030730 -0.047419
v 0.055818 0.028322 -0.046367
v 0.054338 0.021438 -0.049141
v 0.055417 0.024749 -0.047922
v 0.050263 0.030087 -0.048298
v 0.054806 0.026798 -0.036818
v 0.054562 0.026271 -0.035221
v 0.052587 0.028970 -0.033857
v 0.053666 0.028238 -0.034464
v 0.050400 0.012414 -0.037155
v 0.052550 0.014197 -0.037073
v 0.045920 0.031205 -0.036642
v 0.049852 0.031084 -0.034675
v 0.049951 0.031733 -0.037510
v 0.053765 0.026112 -0.034053
v 0.053584 0.022504 -0.033725
v 0.052068 0.026170 -0.033332
v 0.052331 0.017679 -0.048795
v 0.051980 0.014198 -0.048395
v 0.049737 0.014166 -0.048765
v 0.049721 0.017976 -0.049176
v 0.049661 0.012430 -0.048021
v 0.051790 0.012632 -0.047740
v 0.056516 0.026374 -0.043303
v 0.056106 0.025249 -0.045805
v 0.056140 0.029326 -0.043978
v 0.055127 0.021382 -0.047916
v 0.054510 0.017786 -0.047842
v 0.053960 0.017768 -0.048611
v 0.053464 0.014980 -0.048077
v 0.053559 0.014407 -0.047520
v 0.053487 0.014368 -0.046369
v 0.047765 0.012455 -0.045006
v 0.047208 0.012292 -0.042443
v 0.045926 0.014078 -0.042822
v 0.046502 0.014239 -0.045444
v 0.043020 0.029699 -0.037165
v 0.054511 0.018043 -0.039038
v 0.052796 0.014180 -0.039149
v 0.043543 0.023095 -0.036201
v 0.047399 0.018430 -0.049579
v 0.047968 0.014368 -0.049218
v 0.046725 0.014167 -0.047650
v 0.046894 0.014349 -0.048873
v 0.048112 0.012596 -0.048566
v 0.048049 0.012425 -0.047179
v 0.047016 0.015205 -0.049242
v 0.050808 0.017824 -0.034144
v 0.051478 0.022191 -0.033425
v 0.046197 0.018859 -0.049221
v 0.054770 0.017834 -0.046300
v 0.045657 0.018896 -0.048646
v 0.045089 0.019008 -0.036079
v 0.045933 0.014633 -0.036291
v 0.046102 0.015622 -0.035440
v 0.045563 0.018986 -0.035125
v 0.046800 0.014557 -0.035055
v 0.045683 0.014047 -0.040194
v 0.045857 0.014284 -0.037889
v 0.044744 0.018698 -0.037516
v 0.044489 0.018457 -0.039830
v 0.042513 0.027694 -0.042179
v 0.042456 0.023191 -0.042319
v 0.045125 0.031610 -0.039418
v 0.045631 0.029427 -0.042431
v 0.043489 0.029000 -0.042387
v 0.042668 0.029946 -0.039097
v 0.044309 0.018353 -0.042630
v 0.042822 0.023303 -0.045194
v 0.044632 0.018555 -0.045358
v 0.056264 0.022228 -0.043354
v 0.055717 0.021646 -0.045956
v 0.053105 0.014587 -0.044310
v 0.054966 0.017892 -0.043934
v 0.055739 0.027307 -0.041132
v 0.056008 0.022898 -0.040908
v 0.054989 0.017807 -0.041385
v 0.053064 0.014200 -0.041667
v 0.055239 0.023182 -0.038993
v 0.046858 0.012226 -0.039919
v 0.048685 0.012112 -0.041932
v 0.048372 0.012062 -0.039447
v 0.048308 0.012153 -0.037307
v 0.046901 0.012398 -0.037711
v 0.050893 0.012349 -0.041727
v 0.043217 0.029818 -0.044829
v 0.045333 0.031228 -0.045027
v 0.053990 0.030753 -0.039839
v 0.050365 0.031291 -0.040548
v 0.051204 0.030397 -0.042499
v 0.051185 0.030699 -0.045395
v 0.050570 0.030991 -0.047297
v 0.046843 0.012719 -0.036132
v 0.054597 0.029526 -0.039398
v 0.055352 0.029634 -0.041494
v 0.054254 0.031199 -0.041957
v 0.050602 0.012390 -0.039242
v 0.054927 0.031517 -0.045057
v 0.054887 0.027262 -0.039277
v 0.042622 0.027812 -0.044880
v 0.045113 0.018741 -0.047538
v -0.046031 0.022390 -0.034251
v -0.048498 0.021835 -0.033841
v -0.048436 0.017837 -0.034213
v -0.046604 0.018430 -0.034426
v -0.045841 0.025965 -0.034298
v -0.048730 0.026140 -0.033363
v -0.045890 0.030292 -0.035524
v -0.045876 0.028857 -0.034748
v -0.044103 0.028457 -0.035313
v -0.043595 0.029115 -0.036025
v -0.049609 0.029536 -0.033678
v -0.043974 0.026296 -0.035122
v -0.044539 0.022854 -0.035101
v -0.042970 0.026735 -0.036231
v -0.044040 0.023410 -0.049063
v -0.043987 0.027401 -0.049121
v -0.043148 0.027553 -0.047573
v -0.043226 0.023380 -0.047732
v -0.047246 0.031517 -0.049302
v -0.044778 0.030096 -0.049105
v -0.045505 0.029624 -0.049664
v -0.047967 0.029956 -0.049837
v -0.043664 0.030193 -0.047613
v -0.045033 0.027379 -0.049945
v -0.042029 0.027540 -0.039534
v -0.042258 0.027118 -0.037617
v -0.042737 0.023161 -0.037721
v -0.042246 0.023181 -0.039812
v -0.051491 0.012546 -0.046427
v -0.049508 0.012227 -0.046638
v -0.049176 0.012233 -0.044492
v -0.051114 0.012639 -0.044330
v -0.044972 0.023385 -0.049797
v -0.053301 0.031351 -0.036315
v -0.054310 0.029460 -0.036757
v -0.054021 0.028825 -0.035322
v -0.052980 0.030258 -0.034669
v -0.050270 0.012629 -0.035633
v -0.048202 0.012436 -0.035764
v -0.048235 0.014189 -0.034739
v -0.050323 0.014211 -0.034690
v -0.046663 0.023198 -0.050254
v -0.049850 0.022463 -0.050048
v -0.050244 0.026654 -0.050687
v -0.047197 0.027229 -0.050557
v -0.052794 0.021808 -0.049714
v -0.053183 0.025631 -0.050217
v -0.045765 0.032158 -0.047991
v -0.053654 0.018191 -0.035486
v -0.052375 0.014328 -0.035586
v -0.052033 0.015058 -0.034811
v -0.052841 0.018097 -0.034475
v -0.053615 0.029818 -0.048740
v -0.053291 0.028336 -0.049620
v -0.054668 0.027068 -0.049166
v -0.055172 0.027609 -0.048186
v -0.054596 0.022548 -0.035083
v -0.055127 0.022818 -0.036887
v -0.054134 0.018125 -0.036984
v -0.050410 0.029232 -0.049323
v -0.054668 0.024841 -0.049321
v -0.055817 0.028322 -0.046367
v -0.054361 0.030730 -0.047419
v -0.054338 0.021438 -0.049141
v -0.055417 0.024749 -0.047922
v -0.050262 0.030087 -0.048298
v -0.054562 0.026271 -0.035221
v -0.054806 0.026798 -0.036818
v -0.053666 0.028238 -0.034464
v -0.052587 0.028970 -0.033857
v -0.052550 0.014197 -0.037073
v -0.050400 0.012414 -0.037155
v -0.045920 0.031205 -0.036642
v -0.049951 0.031733 -0.037510
v -0.049852 0.031084 -0.034675
v -0.053765 0.026112 -0.034053
v -0.053584 0.022504 -0.033725
v -0.052068 0.026170 -0.033332
v -0.052331 0.017679 -0.048795
v -0.049721 0.017976 -0.049176
v -0.049736 0.014166 -0.048765
v -0.051980 0.014198 -0.048395
v -0.051790 0.012632 -0.047740
v -0.049661 0.012430 -0.048021
v -0.056516 0.026374 -0.043303
v -0.056140 0.029326 -0.043978
v -0.056105 0.025249 -0.045805
v -0.055127 0.021382 -0.047916
v -0.053960 0.017768 -0.048611
v -0.054510 0.017786 -0.047842
v -0.053464 0.014980 -0.048077
v -0.053559 0.014407 -0.047520
v -0.053487 0.014368 -0.046369
v -0.047765 0.012455 -0.045006
v -0.046502 0.014239 -0.045444
v -0.045926 0.014078 -0.042822
v -0.047208 0.012292 -0.042443
v -0.043020 0.029699 -0.037165
v -0.054511 0.018043 -0.039038
v -0.052796 0.014180 -0.039149
v -0.043543 0.023095 -0.036201
v -0.047399 0.018430 -0.049579
v -0.047968 0.014368 -0.049218
v -0.046725 0.014167 -0.047650
v -0.048049 0.012425 -0.047179
v -0.048112 0.012596 -0.048566
v -0.046894 0.014349 -0.048873
v -0.047016 0.015205 -0.049242
v -0.050808 0.017824 -0.034144
v -0.051478 0.022191 -0.033425
v -0.046197 0.018859 -0.049221
v -0.054770 0.017834 -0.046300
v -0.045657 0.018896 -0.048646
v -0.045089 0.019008 -0.036079
v -0.045563 0.018986 -0.035125
v -0.046102 0.015622 -0.035440
v -0.045933 0.014633 -0.036291
v -0.046800 0.014557 -0.035055
v -0.045683 0.014047 -0.040194
v -0.044489 0.018457 -0.039830
v -0.044744 0.018698 -0.037516
v -0.045857 0.014284 -0.037889
v -0.042456 0.023191 -0.042319
v -0.042512 0.027694 -0.042179
v -0.045125 0.031610 -0.039418
v -0.042668 0.029946 -0.039097
v -0.043489 0.029000 -0.042387
v -0.045631 0.029427 -0.042431
v -0.044309 0.018353 -0.042630
v -0.042822 0.023303 -0.045194
v -0.044632 0.018555 -0.045358
v -0.055717 0.021646 -0.045956
v -0.056264 0.022228 -0.043354
v -0.053105 0.014587 -0.044310
v -0.054966 0.017892 -0.043934
v -0.056008 0.022898 -0.040908
v -0.055739 0.027307 -0.041132
v -0.054989 0.017807 -0.041385
v -0.053064 0.014200 -0.041667
v -0.055239 0.023182 -0.038993
v -0.046858 0.012226 -0.039919
v -0.048372 0.012062 -0.039447
v -0.048685 0.012112 -0.041932
v -0.046901 0.012398 -0.037711
v -0.048308 0.012153 -0.037307
v -0.050893 0.012349 -0.041727
v -0.045333 0.031228 -0.045027
v -0.043217 0.029818 -0.044829
v -0.050365 0.031291 -0.040548
v -0.053990 0.030753 -0.039839
v -0.051185 0.030699 -0.045395
v -0.051204 0.030397 -0.042499
v -0.050570 0.030991 -0.047297
v -0.046843 0.012719 -0.036132
v -0.054254 0.031199 -0.041957
v -0.055352 0.029634 -0.041494
v -0.054597 0.029526 -0.039398
v -0.050602 0.012390 -0.039242
v -0.054927 0.031517 -0.045057
v -0.054887 0.027262 -0.039277
v -0.042622 0.027812 -0.044880
v -0.045113 0.018741 -0.047538
vn -0.7798 -0.1212 0.6142
vn -0.6813 0.5295 0.5054
vn -0.7720 0.5673 0.2866
vn -0.8753 -0.3453 0.3385
vn -0.1412 -0.0484 0.9888
vn -0.1609 0.7657 0.6227
vn -0.4702 0.6763 0.5670
vn -0.5772 -0.1217 0.8075
vn -0.0654 -0.9873 0.1446
vn -0.0618 -0.9546 0.2914
vn -0.4038 -0.8171 0.4114
vn -0.3053 -0.9263 0.2206
vn -0.0566 0.9916 0.1165
vn -0.0435 0.9819 0.1845
vn -0.2034 0.9546 0.2177
vn -0.4585 0.7606 0.4596
vn -0.7002 -0.2967 0.6494
vn -0.5630 -0.7608 0.3227
vn -0.1057 -0.7385 0.6659
vn -0.3722 -0.6657 0.6468
vn -0.8350 -0.4993 0.2313
vn -0.7582 0.5175 0.3967
vn -0.9335 0.1030 0.3433
vn -0.6872 -0.7101 0.1534
vn -0.3582 -0.9330 -0.0335
vn -0.4966 -0.8676 0.0270
vn -0.8716 -0.2906 0.3948
vn -0.5512 -0.8337 0.0329
vn -0.8155 -0.1046 0.5692
vn -0.8938 -0.4414 0.0794
vn -0.0426 -0.9951 -0.0897
vn -0.0488 -0.9987 0.0134
vn -0.2147 -0.9757 0.0428
vn -0.1448 -0.9860 -0.0823
vn -0.0427 -0.9933 -0.1074
vn -0.0487 -0.9912 -0.1233
vn -0.1951 -0.9771 -0.0846
vn -0.1553 -0.9844 -0.0826
vn -0.2628 -0.9630 -0.0590
vn -0.4430 -0.8917 0.0932
vn -0.0504 -0.9905 -0.1278
vn -0.0244 0.9692 0.2449
vn -0.1676 0.9373 0.3057
vn -0.2061 0.9248 0.3197
vn -0.2500 0.9391 0.2356
vn -0.4984 0.8260 0.2631
vn -0.4437 0.8061 0.3917
vn -0.9130 0.3643 0.1838
vn -0.7781 0.4454 0.4429
vn -0.0168 0.9570 0.2895
vn -0.0146 0.9493 0.3141
vn -0.1039 0.9491 0.2972
vn -0.1191 0.9362 0.3308
vn -0.0135 0.9469 0.3212
vn -0.0140 0.9517 0.3066
vn -0.0944 0.9438 0.3167
vn -0.1092 0.9345 0.3387
vn -0.0164 0.9640 0.2655
vn -0.1044 0.9665 0.2345
vn -0.4714 0.8207 0.3228
vn -0.3469 0.8632 0.3667
vn -0.3813 -0.9052 0.1876
vn -0.4041 -0.9140 0.0357
vn -0.8485 -0.5220 0.0870
vn -0.8001 -0.5751 0.1710
vn -0.1618 -0.9437 0.2886
vn -0.3582 -0.8804 0.3109
vn -0.4610 -0.8082 0.3665
vn -0.1850 -0.9567 0.2248
vn -0.8709 -0.4730 0.1336
vn -0.5627 -0.8065 0.1816
vn -0.8186 -0.5366 0.2050
vn -0.0964 -0.9871 0.1276
vn -0.1458 -0.9893 -0.0030
vn -0.2426 -0.9683 0.0590
vn -0.2207 -0.9615 0.1640
vn -0.0270 -0.9941 0.1048
vn -0.0371 -0.9991 -0.0206
vn 0.0403 -0.9986 0.0329
vn -0.0048 -0.9903 0.1388
vn -0.0737 -0.9763 0.2037
vn -0.0030 -0.9927 0.1206
vn -0.2789 -0.9594 -0.0421
vn -0.2013 -0.9444 0.2598
vn -0.0870 -0.9549 -0.2838
vn -0.1701 -0.9853 -0.0135
vn -0.5405 -0.7874 -0.2963
vn -0.4467 -0.6481 -0.6168
vn -0.5704 -0.8182 0.0722
vn -0.8990 -0.4067 -0.1623
vn -0.7947 -0.2437 -0.5559
vn 0.0176 -0.9636 -0.2669
vn 0.1219 -0.9907 -0.0610
vn 0.0611 -0.9981 0.0093
vn 0.0063 -0.9719 -0.2353
vn 0.0638 -0.9972 -0.0385
vn 0.0972 -0.9950 -0.0208
vn 0.0375 -0.9878 -0.1513
vn -0.0214 -0.6000 -0.7997
vn -0.0012 -0.9433 -0.3321
vn -0.2255 -0.7308 -0.6443
vn -0.2352 -0.5511 -0.8006
vn -0.4320 -0.5471 -0.7170
vn 0.0210 -0.9982 -0.0567
vn -0.7088 0.6998 0.0890
vn -0.7390 0.6733 0.0225
vn -0.9932 0.0791 0.0860
vn -0.9480 0.2906 0.1295
vn -0.6265 0.7534 0.1995
vn -0.3477 0.9268 0.1421
vn -0.3588 0.9324 0.0429
vn -0.7423 0.6636 -0.0926
vn -0.7280 0.6518 -0.2127
vn -0.9869 0.1207 -0.1068
vn -0.9964 0.0838 0.0097
vn -0.4547 0.8836 -0.1114
vn -0.4516 0.8576 -0.2463
vn -0.0168 0.9877 0.1557
vn -0.0142 0.9965 0.0820
vn -0.1250 0.9903 0.0601
vn -0.0563 0.9872 0.1493
vn -0.0464 0.9985 -0.0306
vn -0.0570 0.9838 -0.1698
vn -0.1826 0.9634 -0.1962
vn -0.1280 0.9899 -0.0614
vn -0.1352 0.9724 0.1899
vn -0.2154 0.9677 0.1313
vn -0.3204 0.9315 -0.1721
vn -0.2998 0.9498 -0.0896
vn 0.0043 0.9872 0.1595
vn -0.0053 0.9756 0.2195
vn -0.2623 0.9648 0.0187
vn -0.3471 0.8918 -0.2901
vn -0.4956 0.7612 -0.4183
vn -0.4638 0.6744 -0.5745
vn -0.6520 0.2555 -0.7139
vn -0.6460 0.5803 -0.4959
vn -0.9178 0.2624 -0.2980
vn -0.7011 0.6410 -0.3123
vn -0.8154 0.0728 -0.5743
vn -0.0531 0.9563 -0.2874
vn -0.0643 0.8962 -0.4391
vn -0.1707 0.8793 -0.4446
vn -0.1831 0.9284 -0.3233
vn -0.1046 0.6527 -0.7503
vn -0.1060 0.3532 -0.9295
vn -0.3513 0.1127 -0.9294
vn -0.2721 0.5914 -0.7591
vn -0.0608 -0.0114 -0.9981
vn -0.2712 -0.0683 -0.9601
vn -0.3319 0.8612 -0.3849
vn -0.2709 0.7935 -0.5449
vn -0.5356 0.0952 -0.8391
vn -0.4166 0.5371 -0.7335
vn -0.0858 0.7900 -0.6071
vn 0.5699 -0.1146 0.8137
vn 0.4603 0.6773 0.5740
vn 0.1451 0.7698 0.6216
vn 0.1307 -0.0488 0.9902
vn 0.3054 -0.9263 0.2206
vn 0.4038 -0.8171 0.4114
vn 0.0619 -0.9546 0.2914
vn 0.0654 -0.9873 0.1446
vn 0.4577 0.7606 0.4605
vn 0.2034 0.9546 0.2177
vn 0.0434 0.9819 0.1845
vn 0.0572 0.9914 0.1173
vn 0.8753 -0.3454 0.3385
vn 0.7720 0.5673 0.2865
vn 0.6814 0.5295 0.5054
vn 0.7798 -0.1214 0.6142
vn 0.7002 -0.2969 0.6493
vn 0.5630 -0.7609 0.3227
vn 0.3702 -0.6625 0.6512
vn 0.1078 -0.7334 0.6712
vn 0.1448 -0.9860 -0.0823
vn 0.2148 -0.9757 0.0428
vn 0.0488 -0.9987 0.0134
vn 0.0426 -0.9951 -0.0897
vn 0.1553 -0.9844 -0.0825
vn 0.1951 -0.9771 -0.0845
vn 0.0487 -0.9912 -0.1233
vn 0.0427 -0.9933 -0.1073
vn 0.6871 -0.7101 0.1534
vn 0.9336 0.1030 0.3432
vn 0.7583 0.5173 0.3966
vn 0.8349 -0.4994 0.2313
vn 0.5513 -0.8336 0.0331
vn 0.8717 -0.2904 0.3948
vn 0.4967 -0.8675 0.0271
vn 0.3583 -0.9330 -0.0333
vn 0.8938 -0.4413 0.0795
vn 0.8155 -0.1043 0.5693
vn 0.4430 -0.8917 0.0932
vn 0.2629 -0.9630 -0.0590
vn 0.0504 -0.9905 -0.1278
vn 0.1676 0.9373 0.3056
vn 0.0244 0.9692 0.2449
vn 0.1191 0.9362 0.3308
vn 0.1039 0.9492 0.2971
vn 0.0146 0.9493 0.3140
vn 0.0167 0.9570 0.2895
vn 0.1092 0.9346 0.3386
vn 0.0944 0.9438 0.3166
vn 0.0140 0.9517 0.3066
vn 0.0135 0.9469 0.3212
vn 0.1044 0.9665 0.2344
vn 0.0165 0.9640 0.2654
vn 0.4437 0.8061 0.3915
vn 0.4984 0.8261 0.2630
vn 0.2500 0.9391 0.2356
vn 0.2061 0.9248 0.3196
vn 0.7781 0.4455 0.4428
vn 0.9129 0.3644 0.1838
vn 0.3469 0.8632 0.3667
vn 0.4715 0.8207 0.3227
vn 0.2207 -0.9615 0.1640
vn 0.2425 -0.9683 0.0590
vn 0.1457 -0.9893 -0.0030
vn 0.0964 -0.9871 0.1275
vn 0.0371 -0.9991 -0.0206
vn 0.0270 -0.9941 0.1048
vn 0.0030 -0.9927 0.1206
vn 0.0737 -0.9763 0.2036
vn 0.0048 -0.9903 0.1388
vn -0.0403 -0.9986 0.0329
vn 0.8001 -0.5750 0.1710
vn 0.8486 -0.5219 0.0870
vn 0.4041 -0.9140 0.0357
vn 0.3814 -0.9052 0.1876
vn 0.4610 -0.8082 0.3664
vn 0.3582 -0.8804 0.3108
vn 0.1618 -0.9437 0.2886
vn 0.1850 -0.9567 0.2248
vn 0.5627 -0.8065 0.1816
vn 0.8709 -0.4730 0.1336
vn 0.8186 -0.5365 0.2050
vn 0.2789 -0.9594 -0.0421
vn 0.2012 -0.9445 0.2598
vn -0.0176 -0.9636 -0.2669
vn -0.0063 -0.9719 -0.2353
vn -0.0611 -0.9981 0.0093
vn -0.1219 -0.9907 -0.0610
vn -0.0972 -0.9950 -0.0208
vn -0.0638 -0.9972 -0.0385
vn -0.0375 -0.9878 -0.1513
vn 0.2352 -0.5511 -0.8006
vn 0.2255 -0.7308 -0.6443
vn 0.0012 -0.9433 -0.3321
vn 0.0214 -0.6000 -0.7997
vn 0.4467 -0.6481 -0.6168
vn 0.5405 -0.7874 -0.2963
vn 0.1701 -0.9853 -0.0136
vn 0.0870 -0.9549 -0.2838
vn 0.8990 -0.4067 -0.1623
vn 0.5704 -0.8182 0.0722
vn 0.7947 -0.2437 -0.5559
vn 0.4320 -0.5471 -0.7170
vn -0.0209 -0.9982 -0.0567
vn 0.0563 0.9872 0.1493
vn 0.1250 0.9903 0.0602
vn 0.0142 0.9965 0.0820
vn 0.0168 0.9877 0.1557
vn 0.1280 0.9899 -0.0613
vn 0.1826 0.9634 -0.1962
vn 0.0570 0.9838 -0.1698
vn 0.0464 0.9985 -0.0305
vn 0.9480 0.2907 0.1295
vn 0.9931 0.0791 0.0860
vn 0.7389 0.6734 0.0225
vn 0.7087 0.6998 0.0891
vn 0.3477 0.9268 0.1421
vn 0.6264 0.7535 0.1995
vn 0.3588 0.9324 0.0429
vn 0.9964 0.0838 0.0098
vn 0.9869 0.1207 -0.1068
vn 0.7280 0.6518 -0.2127
vn 0.7423 0.6637 -0.0926
vn 0.4516 0.8576 -0.2463
vn 0.4547 0.8837 -0.1114
vn 0.2154 0.9677 0.1314
vn 0.1352 0.9724 0.1899
vn 0.2998 0.9498 -0.0896
vn 0.3205 0.9315 -0.1721
vn -0.0042 0.9872 0.1596
vn 0.0054 0.9756 0.2195
vn 0.2623 0.9648 0.0187
vn 0.3471 0.8918 -0.2901
vn 0.1831 0.9284 -0.3233
vn 0.1707 0.8793 -0.4446
vn 0.0643 0.8962 -0.4391
vn 0.0531 0.9563 -0.2874
vn 0.2721 0.5914 -0.7591
vn 0.3513 0.1127 -0.9294
vn 0.1060 0.3532 -0.9295
vn 0.1046 0.6527 -0.7503
vn 0.2712 -0.0683 -0.9601
vn 0.0608 -0.0114 -0.9981
vn 0.6460 0.5803 -0.4959
vn 0.6520 0.2555 -0.7139
vn 0.4638 0.6744 -0.5745
vn 0.4956 0.7612 -0.4183
vn 0.7011 0.6411 -0.3123
vn 0.9178 0.2624 -0.2980
vn 0.8154 0.0728 -0.5743
vn 0.2709 0.7935 -0.5449
vn 0.3319 0.8612 -0.3849
vn 0.4166 0.5371 -0.7335
vn 0.5356 0.0952 -0.8391
vn 0.0858 0.7900 -0.6071
vn -0.0000 0.8257 0.5642
vn -0.0000 -0.0480 0.9988
vn 0.0001 -0.9532 0.3025
vn -0.0000 -0.9902 0.1396
vn -0.0000 0.9932 0.1161
vn -0.0000 0.9863 0.1647
vn 0.0001 -0.7703 0.6377
vn -0.0000 -1.0000 -0.0031
vn -0.0000 -0.9970 -0.0775
vn -0.0000 -0.9915 -0.1298
vn -0.0000 -0.9938 -0.1111
vn -0.0000 -0.9935 -0.1139
vn -0.0000 0.9725 0.2327
vn -0.0000 0.9581 0.2864
vn -0.0000 0.9499 0.3125
vn -0.0000 0.9513 0.3083
vn -0.0000 0.9471 0.3210
vn -0.0000 0.9633 0.2683
vn -0.0000 -0.9996 -0.0267
vn -0.0000 -0.9954 0.0955
vn -0.0000 -0.9993 -0.0361
vn -0.0000 -0.9983 -0.0577
vn -0.0000 -0.9934 0.1147
vn -0.0000 -1.0000 -0.0062
vn -0.0000 -0.9923 -0.1242
vn -0.0000 -0.9521 -0.3057
vn -0.0000 -0.6019 -0.7985
vn -0.0000 0.9771 0.2126
vn -0.0000 0.9872 0.1595
vn -0.0000 0.9998 -0.0179
vn -0.0000 0.9862 -0.1655
vn -0.0000 0.9954 0.0962
vn -0.0000 0.9551 -0.2962
vn -0.0000 0.9072 -0.4208
vn -0.0000 0.3457 -0.9383
vn -0.0000 0.6751 -0.7377
vn -0.0000 -0.0550 -0.9985
vn -0.0000 0.8032 -0.5958
vn 0.4388 -0.3894 0.8098
vn 0.6783 -0.0850 0.7299
vn 0.6868 -0.1720 0.7062
vn 0.3916 -0.5381 0.7463
vn 0.0685 0.3008 0.9512
vn 0.0494 0.6942 0.7181
vn -0.0015 0.6843 0.7292
vn -0.0017 0.2765 0.9610
vn 0.1506 0.2747 0.9497
vn 0.0840 0.2045 0.9753
vn -0.0020 0.2186 0.9758
vn -0.0032 0.2952 0.9554
vn 0.7289 0.2048 0.6533
vn 0.7148 0.3285 0.6173
vn 0.6633 0.3450 0.6640
vn 0.6757 0.2228 0.7027
vn 0.8580 -0.0575 0.5104
vn 0.9173 0.0167 0.3978
vn 0.8838 -0.2130 0.4165
vn 0.8678 -0.2380 0.4363
vn 0.8597 0.2018 0.4693
vn 0.8436 0.3036 0.4428
vn 0.8299 0.2914 0.4757
vn 0.8510 0.1983 0.4863
vn 0.9441 0.0967 0.3153
vn 0.9378 0.0672 0.3406
vn 0.9266 0.1342 0.3514
vn 0.9312 0.1344 0.3389
vn 0.9209 0.2153 0.3248
vn 0.9301 0.2201 0.2940
vn 0.9104 0.3000 0.2850
vn 0.8967 0.2999 0.3256
vn 0.7675 -0.4932 0.4096
vn 0.8534 -0.4524 0.2591
vn 0.2532 -0.9614 0.1073
vn 0.1078 -0.9138 0.3916
vn 0.9569 0.2197 0.1897
vn 0.9537 0.2154 0.2098
vn 0.9411 0.2739 0.1982
vn 0.9388 0.2804 0.2001
vn 0.9145 -0.3468 0.2086
vn 0.9373 -0.3078 0.1635
vn 0.5843 -0.8112 0.0249
vn 0.5460 -0.7734 0.3222
vn 0.9652 0.1843 0.1856
vn 0.9548 0.2195 0.2006
vn 0.9529 0.2310 0.1966
vn 0.9610 0.2159 0.1726
vn 0.9955 0.0625 -0.0708
vn 0.9807 0.0529 -0.1882
vn 0.9516 0.0451 -0.3040
vn 0.7054 0.0202 -0.7085
vn 0.9865 0.1315 0.0975
vn 0.9942 0.1067 -0.0131
vn 0.7689 0.0506 -0.6373
vn 0.9770 0.1087 -0.1835
vn -0.0084 0.8988 -0.4383
vn 0.0105 0.4074 -0.9132
vn 0.0182 0.3301 -0.9438
vn 0.0126 0.8764 -0.4815
vn 0.4296 0.8995 0.0796
vn 0.4050 0.9129 0.0517
vn 0.3154 0.9489 0.0099
vn 0.3401 0.9398 0.0322
vn -0.0001 0.2961 -0.9552
vn -0.0001 0.8410 -0.5410
vn 0.4602 0.8751 -0.1498
vn 0.5378 0.5815 -0.6104
vn 0.1761 0.6192 -0.7653
vn 0.1349 0.9520 -0.2750
vn 0.7422 0.6653 0.0801
vn 0.8156 0.5783 -0.0191
vn 0.4170 0.9085 -0.0263
vn 0.4230 0.6585 0.6224
vn 0.5001 0.6684 0.5506
vn 0.1503 0.9629 0.2242
vn 0.2195 0.7735 0.5946
vn 0.6585 0.6771 0.3285
vn 0.5330 0.8112 0.2407
vn 0.5505 0.7780 0.3027
vn 0.7330 0.4994 0.4618
vn 0.0644 0.9921 -0.1076
vn 0.0607 0.9950 -0.0790
vn -0.0006 0.9966 -0.0818
vn -0.0010 0.9945 -0.1043
vn 0.6294 0.7588 0.1674
vn 0.6151 0.7781 0.1272
vn 0.4803 0.8741 0.0724
vn 0.4952 0.8630 0.0997
vn 0.6119 0.7775 0.1453
vn 0.6350 0.7580 0.1490
vn 0.4383 0.8923 0.1083
vn 0.4258 0.8986 0.1061
vn 0.0105 0.9895 0.1443
vn 0.0334 0.9973 -0.0650
vn -0.0007 0.9973 -0.0730
vn 0.0003 0.9919 0.1267
vn 0.7027 0.6989 0.1332
vn 0.7235 0.6798 0.1201
vn 0.4643 0.8846 0.0428
vn 0.4681 0.8809 0.0699
vn 0.9623 0.1999 0.1842
vn 0.9659 0.1976 0.1673
vn 0.9666 0.1826 0.1798
vn 0.9631 0.1937 0.1866
vn 0.9711 -0.0906 0.2210
vn 0.9776 0.1409 0.1564
vn 0.9674 0.1321 0.2162
vn 0.9551 -0.1880 0.2289
vn 0.4732 0.1909 0.8600
vn 0.4851 0.3474 0.8025
vn 0.3365 0.3550 0.8722
vn 0.3484 0.1637 0.9230
vn 0.2023 -0.4368 0.8765
vn 0.4208 -0.2148 0.8814
vn 0.4241 0.0284 0.9052
vn 0.2100 -0.3719 0.9042
vn 0.5996 0.7921 0.1140
vn 0.5976 0.7907 0.1328
vn 0.4252 0.9004 0.0921
vn 0.4388 0.8958 0.0711
vn 0.9526 0.2444 0.1813
vn 0.9490 0.2503 0.1917
vn 0.9440 0.2681 0.1923
vn 0.9501 0.2359 0.2040
vn 0.9795 -0.0287 0.1995
vn 0.9735 0.1368 0.1831
vn 0.9201 0.2311 0.3161
vn 0.9686 -0.0444 0.2445
vn 0.6134 0.7832 0.1016
vn 0.6137 0.7842 0.0920
vn 0.4667 0.8831 0.0484
vn 0.4731 0.8793 0.0550
vn 0.9390 0.2388 0.2475
vn 0.9507 0.2388 0.1978
vn 0.9333 0.2934 0.2072
vn 0.9229 0.3020 0.2389
vn 0.9517 0.0848 0.2952
vn 0.9558 0.1488 0.2537
vn 0.9007 0.2453 0.3585
vn 0.9509 -0.0220 0.3088
vn 0.4936 0.8539 0.1648
vn 0.4602 0.8800 0.1172
vn 0.3686 0.9276 0.0611
vn 0.3983 0.9115 0.1029
vn 0.9052 0.2236 0.3613
vn 0.8797 0.3074 0.3629
vn 0.8609 0.3112 0.4025
vn 0.8788 0.2241 0.4214
vn 0.8572 0.0769 0.5092
vn 0.8776 0.1675 0.4492
vn 0.8121 0.1354 0.5675
vn 0.8303 -0.0229 0.5569
vn 0.8198 0.2171 0.5299
vn 0.8027 0.2867 0.5229
vn 0.7652 0.3050 0.5670
vn 0.7815 0.2163 0.5852
vn 0.7800 -0.4585 0.4259
vn 0.8369 -0.1807 0.5166
vn 0.7788 -0.0253 0.6267
vn 0.7809 -0.4804 0.3992
vn 0.1165 0.8013 0.5869
vn 0.2881 0.9560 0.0549
vn 0.3085 0.9507 0.0333
vn 0.2823 0.2363 0.9298
vn 0.1767 0.1785 0.9679
vn 0.1459 0.3283 0.9332
vn 0.0952 0.7676 0.6338
vn 0.5846 -0.1132 0.8034
vn 0.2249 -0.0943 0.9698
vn 0.4688 -0.1226 0.8748
vn 0.2204 0.3500 0.9105
vn 0.2469 0.1589 0.9559
vn 0.0001 0.9559 0.2936
vn 0.7314 0.6742 0.1020
vn 0.4453 0.8953 0.0131
vn 0.3672 0.9300 0.0163
vn 0.3850 0.9224 0.0306
vn 0.9754 0.1770 0.1314
vn 0.9707 0.1742 0.1655
vn 0.9990 0.0413 0.0195
vn 0.9862 0.1582 0.0487
vn 0.9940 0.0643 0.0890
vn 0.9497 -0.2936 0.1087
vn 0.9756 -0.0821 0.2038
vn 0.9823 0.0003 0.1874
vn 0.9440 -0.3260 0.0506
vn 0.9633 0.1786 0.2005
vn 0.9623 0.1898 0.1950
vn 0.9591 0.2070 0.1932
vn 0.9563 0.2148 0.1982
vn 0.6561 0.7400 0.1481
vn 0.6773 0.7218 0.1426
vn 0.4631 0.8816 0.0911
vn 0.4518 0.8861 0.1030
vn 0.8227 0.3810 0.4218
vn 0.7530 0.5377 0.3794
vn 0.7793 0.4359 0.4502
vn 0.8105 0.3820 0.4439
vn 0.5774 0.2156 0.7874
vn 0.6008 0.3438 0.7217
vn 0.6187 -0.5295 0.5803
vn 0.6577 -0.1513 0.7379
vn 0.5337 -0.5078 0.6762
vn 0.0307 -0.9449 -0.3259
vn 0.3411 -0.8299 0.4414
vn 0.5235 -0.7783 0.3468
vn 0.2541 -0.9410 -0.2236
vn -0.1652 -0.9584 -0.2325
vn -0.1026 -0.9887 0.1092
vn -0.4823 -0.8189 0.3110
vn -0.4675 -0.8129 -0.3474
vn -0.1608 -0.9728 -0.1665
vn 0.2450 -0.8999 0.3608
vn 0.4665 -0.8731 0.1418
vn -0.0774 -0.9609 -0.2658
vn -0.2572 -0.9601 -0.1099
vn 0.1061 -0.9824 0.1539
vn 0.0172 -0.9477 0.3186
vn 0.0468 -0.9173 0.3955
vn -0.1724 -0.9726 -0.1562
vn 0.1604 -0.8743 0.4581
vn 0.1101 -0.8119 0.5734
vn -0.0712 -0.9198 0.3859
vn 0.0639 -0.9455 0.3193
vn 0.1673 -0.9615 0.2182
vn 0.2132 -0.9649 0.1531
vn 0.1934 -0.9727 0.1279
vn 0.6065 0.1587 0.7791
vn 0.4771 0.1623 0.8637
vn 0.9542 0.1959 0.2260
vn 0.9607 0.1720 0.2181
vn 0.9896 0.1284 -0.0652
vn 0.9795 0.1826 0.0846
vn 0.3649 0.1716 0.9151
vn 0.3104 0.1966 0.9301
vn 0.1373 -0.5358 0.8331
vn -0.0873 -0.4196 0.9035
vn -0.1885 -0.5192 0.8336
vn 0.8243 0.1703 0.5399
vn 0.7738 0.1486 0.6157
vn 0.9025 0.1659 0.3974
vn 0.8538 0.1650 0.4937
vn 0.9522 0.2163 0.2156
vn 0.9335 0.1908 0.3035
vn 0.9342 0.3112 0.1746
vn 0.9244 0.2816 0.2573
vn 0.9641 0.2189 0.1503
vn 0.9541 0.2207 0.2025
vn 0.7254 0.1248 -0.6769
vn 0.9774 0.2105 0.0208
vn 0.9928 -0.1188 0.0177
vn 0.9747 0.1793 0.1335
vn 0.9618 0.2538 0.1025
vn 0.9644 0.1414 0.2233
vn 0.9429 0.2245 0.2459
vn 0.9628 0.2104 0.1694
vn 0.9651 0.2147 0.1498
vn 0.9312 0.1601 0.3275
vn 0.9305 0.1545 0.3322
vn 0.8444 0.1413 0.5168
vn 0.8857 0.1234 0.4475
vn 0.4062 -0.3256 0.8538
vn 0.2406 0.0737 0.9678
vn 0.4090 -0.2101 0.8880
vn 0.5174 -0.3566 0.7779
vn 0.7433 0.1236 0.6574
vn 0.7331 0.1418 0.6652
vn -0.0263 -0.9886 -0.1480
vn -0.0364 -0.9969 -0.0693
vn 0.0005 -0.9965 -0.0837
vn 0.0004 -0.9893 -0.1456
vn -0.0821 -0.9518 -0.2956
vn -0.0195 -0.9228 -0.3848
vn -0.0046 -0.9063 -0.4226
vn -0.0037 -0.9426 -0.3340
vn -0.1458 -0.9707 -0.1909
vn 0.0001 -0.9769 -0.2137
vn -0.1767 -0.9677 -0.1798
vn 0.0032 -0.9836 -0.1803
vn -0.0945 -0.9951 0.0302
vn -0.1565 -0.9816 -0.1092
vn 0.0029 -0.9884 -0.1521
vn 0.0019 -0.9999 -0.0167
vn -0.0252 -0.9912 0.1301
vn -0.0408 -0.9912 0.1257
vn 0.0008 -0.9931 0.1173
vn 0.0004 -0.9902 0.1394
vn -0.0174 -0.9994 0.0296
vn -0.0176 -0.9962 0.0849
vn 0.0003 -0.9959 0.0903
vn 0.0003 -0.9998 0.0197
vn -0.0280 -0.9984 -0.0485
vn -0.0206 -0.9996 -0.0172
vn 0.0004 -0.9996 -0.0286
vn 0.0004 -0.9980 -0.0634
vn -0.2579 -0.9495 -0.1786
vn -0.2337 -0.9556 -0.1793
vn -0.2481 -0.9296 -0.2724
vn -0.2888 -0.9359 -0.2018
vn -0.2713 -0.9484 -0.1641
vn -0.1987 -0.9703 -0.1382
vn -0.2380 -0.9653 -0.1076
vn -0.2737 -0.9562 -0.1043
vn -0.1684 -0.9823 -0.0822
vn -0.2475 -0.9602 -0.1294
vn 0.2078 -0.9580 0.1977
vn -0.3295 -0.9419 -0.0649
vn 0.3112 -0.9432 0.1159
vn 0.4516 -0.8283 0.3315
vn 0.1774 -0.9613 0.2109
vn 0.1864 -0.9644 0.1876
vn 0.2105 -0.9660 0.1499
vn 0.1521 -0.9857 0.0718
vn -0.1925 -0.9757 -0.1043
vn -0.2433 -0.9640 -0.1075
vn 0.5721 -0.7294 0.3751
vn 0.6628 -0.7056 0.2505
vn 0.0996 -0.9866 -0.1293
vn -0.2422 -0.9667 -0.0826
vn 0.3632 -0.9279 0.0843
vn 0.3331 -0.8258 0.4551
vn -0.3145 -0.9387 0.1414
vn -0.2396 -0.9646 -0.1107
vn 0.3468 -0.9257 -0.1510
vn 0.0967 -0.9743 -0.2033
vn -0.2516 -0.9671 -0.0368
vn 0.2757 -0.9315 0.2372
vn 0.2056 -0.8543 0.4774
vn -0.3104 -0.9214 0.2339
vn -0.4158 -0.9092 -0.0216
vn 0.6276 -0.7409 -0.2390
vn 0.1071 -0.9265 -0.3607
vn -0.3999 -0.9146 -0.0601
vn 0.2350 -0.9642 0.1228
vn 0.4556 -0.8307 0.3200
vn -0.0925 -0.9647 0.2468
vn -0.4582 -0.8883 0.0327
vn 0.4517 -0.8919 -0.0220
vn 0.5548 -0.8176 -0.1544
vn 0.0020 -0.9623 -0.2719
vn -0.5617 -0.8262 -0.0436
vn 0.5799 -0.8048 0.1262
vn 0.6554 -0.7527 0.0632
vn 0.1677 -0.9715 -0.1674
vn -0.5236 -0.8519 -0.0129
vn 0.6119 -0.7904 -0.0286
vn 0.5679 -0.8147 0.1171
vn 0.0675 -0.9965 -0.0499
vn -0.4949 -0.8510 -0.1759
vn 0.4403 0.0983 -0.8924
vn 0.7128 -0.4609 -0.5287
vn 0.1782 -0.3593 -0.9160
vn -0.2957 -0.5191 -0.8019
vn -0.2759 -0.9438 -0.1821
vn -0.2969 -0.9462 -0.1286
vn -0.2733 -0.9523 -0.1361
vn -0.2799 -0.9524 -0.1211
vn -0.2553 -0.9651 -0.0591
vn -0.2908 -0.9534 -0.0804
vn -0.3177 -0.9442 -0.0867
vn -0.2717 -0.9573 -0.0986
vn -0.1663 -0.9861 0.0044
vn -0.2675 -0.9511 -0.1546
vn -0.2152 -0.9746 -0.0618
vn -0.3081 -0.9497 -0.0559
vn -0.1028 -0.9941 0.0340
vn -0.0492 -0.9927 0.1104
vn -0.1223 -0.9912 0.0502
vn -0.3021 -0.9519 -0.0521
vn -0.3193 -0.9458 -0.0595
vn -0.0495 -0.9982 0.0346
vn 0.0058 -0.9992 0.0386
vn 0.0140 -0.9962 0.0858
vn -0.0098 -0.9939 0.1096
vn -0.4051 -0.9119 -0.0660
vn -0.2754 -0.9604 -0.0427
vn 0.0378 -0.9985 0.0386
vn 0.0110 -0.9999 0.0116
vn 0.0551 -0.9983 0.0180
vn 0.0307 -0.9982 0.0519
vn -0.5480 -0.8349 -0.0519
vn -0.5575 -0.8280 -0.0596
vn -0.0890 -0.9956 -0.0288
vn -0.0442 -0.9981 -0.0441
vn 0.0850 -0.9956 -0.0397
vn 0.0865 -0.9961 -0.0145
vn -0.6364 -0.7644 -0.1033
vn -0.5150 -0.8530 -0.0844
vn -0.0150 -0.9987 -0.0478
vn -0.1920 -0.9806 -0.0384
vn -0.7328 -0.6732 -0.0986
vn -0.7114 -0.6967 -0.0923
vn -0.3966 -0.9176 -0.0269
vn -0.3314 -0.9430 -0.0320
vn 0.0713 -0.9974 0.0085
vn -0.0124 -0.6105 -0.7919
vn 0.0001 -0.6102 -0.7922
vn -0.0116 -0.5741 -0.8187
vn 0.0160 -0.9863 -0.1640
vn -0.2712 -0.5399 -0.7968
vn -0.7037 -0.6790 -0.2091
vn -0.3015 -0.9294 -0.2127
vn -0.0148 -0.4145 -0.9099
vn 0.5731 -0.1107 -0.8120
vn 0.1099 0.0995 -0.9890
vn -0.0027 0.0584 -0.9983
vn 0.0149 0.0305 -0.9994
vn -0.0001 0.0277 -0.9996
vn 0.8524 0.2699 -0.4479
vn 0.4905 -0.0585 -0.8695
vn 0.3107 0.0652 -0.9483
vn 0.0147 0.0628 -0.9979
vn 0.0182 0.0346 -0.9992
vn -0.0001 0.0324 -0.9995
vn -0.0008 0.9270 0.3750
vn 0.2029 0.9734 -0.1066
vn 0.8229 0.4799 0.3042
vn 0.6577 0.7211 0.2179
vn 0.6974 0.6621 0.2743
vn 0.8247 0.4456 0.3483
vn 0.2891 0.9565 0.0404
vn 0.2867 0.9561 0.0613
vn 0.4551 0.8888 0.0541
vn 0.3297 0.9439 0.0166
vn 0.3494 0.9369 0.0108
vn 0.8258 0.4108 0.3864
vn 0.7348 0.5937 0.3279
vn 0.2607 0.9648 -0.0338
vn 0.2790 0.9603 0.0053
vn 0.2802 0.9572 0.0720
vn 0.2780 0.9580 0.0707
vn 0.1483 0.0697 -0.9865
vn 0.2345 0.9698 -0.0678
vn 0.0846 0.0732 -0.9937
vn 0.1363 -0.0234 -0.9904
vn 0.6157 0.7483 0.2468
vn 0.1819 0.9833 -0.0000
vn 0.1597 0.9870 0.0207
vn 0.0266 0.9994 -0.0200
vn 0.0473 0.9983 -0.0339
vn 0.2839 0.9588 -0.0111
vn 0.2514 0.9676 -0.0248
vn 0.0899 0.9930 -0.0762
vn 0.1244 0.9897 -0.0707
vn 0.4122 0.8971 0.1590
vn 0.2820 0.9567 0.0718
vn 0.3782 0.8943 0.2391
vn 0.4722 0.8383 0.2725
vn 0.0595 0.9888 -0.1369
vn 0.0410 0.9315 -0.3615
vn 0.0106 0.9012 -0.4333
vn -0.0127 0.9910 -0.1333
vn 0.0893 0.5212 -0.8487
vn 0.0471 0.4538 -0.8898
vn 0.2258 0.9738 -0.0271
vn 0.2041 0.9788 -0.0177
vn 0.0646 0.9967 -0.0501
vn 0.0763 0.9949 -0.0659
vn 0.1262 0.9908 -0.0492
vn 0.1038 0.9904 -0.0910
vn -0.0163 0.9942 -0.1060
vn -0.0139 0.9968 -0.0785
vn 0.1467 0.9885 0.0369
vn 0.1437 0.9889 0.0369
vn 0.0022 0.9999 -0.0149
vn 0.0111 0.9999 -0.0098
vn 0.1467 0.9889 0.0221
vn 0.1463 0.9892 -0.0050
vn -0.0008 0.9989 -0.0466
vn 0.0001 0.9996 -0.0293
vn 0.5662 0.8023 0.1891
vn 0.5232 0.8409 0.1383
vn 0.0824 0.9895 -0.1190
vn -0.0158 0.9925 -0.1216
vn 0.8820 0.4336 0.1846
vn 0.8708 0.4544 0.1878
vn 0.9410 0.3089 0.1384
vn 0.9268 0.3394 0.1605
vn 0.6795 0.5536 0.4815
vn 0.8296 0.5289 0.1788
vn 0.8257 0.5229 0.2117
vn 0.8290 0.5303 0.1773
vn 0.8240 0.5416 0.1662
vn 0.9161 0.3622 0.1721
vn 0.9001 0.3966 0.1802
vn 0.9676 0.2459 0.0569
vn 0.8579 0.4780 0.1884
vn 0.8426 0.5057 0.1854
vn 0.8288 0.5360 0.1608
vn 0.8298 0.5338 0.1630
vn 0.8232 0.5061 0.2575
vn 0.6228 0.6017 0.5000
vn 0.5670 0.6364 0.5230
vn 0.0432 0.9967 -0.0682
vn 0.0294 0.9920 -0.1226
vn 0.0434 0.9951 -0.0891
vn 0.2698 0.9400 0.2087
vn 0.1191 0.9926 -0.0224
vn 0.0472 0.9929 -0.1094
vn 0.0037 0.9949 -0.1003
vn 0.0271 0.9956 -0.0900
vn 0.0492 0.9976 -0.0484
vn 0.0514 0.9983 -0.0269
vn -0.0005 0.9999 -0.0171
vn -0.0004 0.9991 -0.0432
vn 0.0671 0.9961 -0.0578
vn 0.0849 0.9955 -0.0432
vn 0.0218 0.9967 -0.0777
vn 0.0637 0.9969 -0.0457
vn 0.0718 0.9908 -0.1149
vn -0.0005 0.9912 -0.1324
vn -0.0006 0.9986 -0.0521
vn 0.0960 0.9939 -0.0546
vn 0.0762 0.9930 -0.0902
vn 0.0338 0.9975 -0.0623
vn 0.0324 0.9980 -0.0548
vn -0.0004 0.9910 -0.1338
vn 0.0122 0.9943 -0.1062
vn -0.0001 0.9936 -0.1133
vn 0.0430 0.9941 -0.0992
vn 0.0212 0.9948 -0.0996
vn -0.0002 0.9935 -0.1142
vn -0.0003 0.9932 -0.1166
vn 0.0154 0.9983 -0.0557
vn -0.0055 0.9982 -0.0605
vn -0.0306 0.9959 -0.0846
vn -0.0694 0.9951 -0.0701
vn 0.0153 0.9946 -0.1029
vn -0.0002 0.9938 -0.1115
vn -0.0233 0.9946 -0.1009
vn -0.0166 0.9939 -0.1093
vn -0.4316 -0.5353 0.7261
vn -0.6592 -0.1367 0.7394
vn -0.6851 -0.0542 0.7264
vn -0.4625 -0.4083 0.7870
vn -0.0516 0.6947 0.7175
vn -0.0725 0.3007 0.9510
vn -0.0889 0.2036 0.9750
vn -0.1484 0.2764 0.9495
vn -0.5944 0.2131 0.7754
vn -0.6183 0.3396 0.7088
vn -0.7070 0.3282 0.6265
vn -0.7189 0.2115 0.6622
vn -0.7847 -0.3302 0.5246
vn -0.8653 -0.0389 0.4997
vn -0.8570 -0.0995 0.5057
vn -0.8142 -0.3383 0.4719
vn -0.8284 0.2111 0.5188
vn -0.8106 0.2895 0.5090
vn -0.8410 0.2997 0.4505
vn -0.8559 0.2062 0.4742
vn -0.9365 0.1508 0.3167
vn -0.9191 0.2024 0.3381
vn -0.9208 0.1442 0.3623
vn -0.9481 0.0850 0.3064
vn -0.8977 0.2975 0.3251
vn -0.9152 0.2961 0.2734
vn -0.9344 0.2245 0.2766
vn -0.9209 0.2163 0.3244
vn -0.9441 0.3200 0.0795
vn -0.9467 0.3048 0.1046
vn -0.9585 0.1449 0.2457
vn -0.9706 0.2214 0.0947
vn -0.9400 0.2762 0.2004
vn -0.9425 0.2688 0.1986
vn -0.9536 0.2160 0.2098
vn -0.9570 0.2202 0.1891
vn -0.9750 0.2180 0.0428
vn -0.9995 0.0095 0.0302
vn -0.9995 -0.0303 -0.0071
vn -0.9964 0.0264 0.0805
vn -0.9610 0.2162 0.1726
vn -0.9540 0.2262 0.1967
vn -0.9557 0.2154 0.2006
vn -0.9651 0.1845 0.1856
vn -0.7103 0.0311 -0.7032
vn -0.9411 0.0341 -0.3364
vn -0.9749 0.0796 -0.2081
vn -0.9941 0.0826 -0.0704
vn -0.9785 0.1084 -0.1756
vn -0.7771 0.0505 -0.6274
vn -0.9941 0.1085 -0.0091
vn -0.9863 0.1325 0.0980
vn -0.0126 0.8763 -0.4816
vn -0.0183 0.3300 -0.9438
vn -0.0107 0.4067 -0.9135
vn 0.0085 0.8984 -0.4392
vn -0.3484 0.9367 0.0358
vn -0.3162 0.9486 0.0091
vn -0.4077 0.9117 0.0500
vn -0.4352 0.8966 0.0824
vn -0.1419 0.9508 -0.2755
vn -0.1825 0.6178 -0.7649
vn -0.5542 0.5709 -0.6057
vn -0.4786 0.8656 -0.1473
vn -0.4353 0.9000 -0.0212
vn -0.8291 0.5588 -0.0147
vn -0.7602 0.6440 0.0852
vn -0.2264 0.7705 0.5959
vn -0.1732 0.9584 0.2268
vn -0.5229 0.6589 0.5408
vn -0.4287 0.6551 0.6221
vn -0.7429 0.4885 0.4577
vn -0.5570 0.7722 0.3058
vn -0.5398 0.8057 0.2440
vn -0.6763 0.6551 0.3370
vn -0.0611 0.9950 -0.0788
vn -0.0645 0.9921 -0.1078
vn -0.6413 0.7497 0.1632
vn -0.5016 0.8597 0.0969
vn -0.4846 0.8725 0.0633
vn -0.6283 0.7696 0.1138
vn -0.4367 0.8930 0.1086
vn -0.4503 0.8860 0.1106
vn -0.6505 0.7442 0.1517
vn -0.6262 0.7655 0.1479
vn -0.0339 0.9973 -0.0655
vn -0.0126 0.9893 0.1451
vn -0.4819 0.8731 0.0733
vn -0.4783 0.8769 0.0465
vn -0.7378 0.6636 0.1239
vn -0.7176 0.6828 0.1369
vn -0.9636 0.1917 0.1863
vn -0.9669 0.1813 0.1796
vn -0.9659 0.1979 0.1668
vn -0.9623 0.2003 0.1841
vn -0.9739 -0.0010 0.2271
vn -0.9648 0.1614 0.2078
vn -0.9811 0.0771 0.1773
vn -0.9719 -0.0525 0.2294
vn -0.3529 0.1643 0.9211
vn -0.3423 0.3528 0.8708
vn -0.4898 0.3459 0.8003
vn -0.4775 0.1923 0.8573
vn -0.2249 -0.3791 0.8976
vn -0.4232 0.0074 0.9060
vn -0.4754 -0.2245 0.8507
vn -0.1825 -0.4530 0.8726
vn -0.4471 0.8914 0.0741
vn -0.4344 0.8957 0.0950
vn -0.6100 0.7806 0.1359
vn -0.6118 0.7822 0.1177
vn -0.9499 0.2368 0.2038
vn -0.9455 0.2628 0.1924
vn -0.9503 0.2452 0.1918
vn -0.9525 0.2451 0.1809
vn -0.9623 0.0262 0.2706
vn -0.9111 0.2492 0.3284
vn -0.9698 0.1625 0.1817
vn -0.9772 0.0322 0.2101
vn -0.4748 0.8786 0.0508
vn -0.6255 0.7744 0.0953
vn -0.9318 0.2899 0.2183
vn -0.9500 0.2329 0.2082
vn -0.7527 0.5038 0.4239
vn -0.9390 0.2320 0.2538
vn -0.7130 0.5963 0.3688
vn -0.4048 0.9082 0.1063
vn -0.3761 0.9243 0.0648
vn -0.4657 0.8767 0.1202
vn -0.4995 0.8498 0.1682
vn -0.8795 0.2249 0.4195
vn -0.8618 0.3102 0.4013
vn -0.8807 0.3054 0.3619
vn -0.9057 0.2241 0.3600
vn -0.8381 -0.1196 0.5322
vn -0.8028 0.1037 0.5872
vn -0.8762 0.0790 0.4754
vn -0.8395 -0.0228 0.5429
vn -0.7836 0.2162 0.5825
vn -0.7673 0.3038 0.5647
vn -0.7755 -0.3762 0.5071
vn -0.7953 -0.0236 0.6058
vn -0.8356 -0.3747 0.4017
vn -0.1211 0.7995 0.5883
vn -0.3164 0.9479 0.0363
vn -0.2963 0.9533 0.0579
vn -0.1822 0.1776 0.9671
vn -0.2812 0.2504 0.9264
vn -0.0978 0.7672 0.6339
vn -0.1505 0.3271 0.9329
vn -0.4738 -0.2195 0.8528
vn -0.3304 -0.1392 0.9335
vn -0.6071 -0.1732 0.7755
vn -0.2523 0.1586 0.9546
vn -0.2259 0.3480 0.9099
vn -0.4610 0.8872 0.0175
vn -0.7458 0.6576 0.1065
vn -0.3803 0.9245 0.0237
vn -0.9709 0.1733 0.1651
vn -0.9756 0.1767 0.1306
vn -0.9902 0.1224 0.0672
vn -0.9799 0.1927 0.0519
vn -0.9946 0.1033 0.0056
vn -0.9792 -0.1551 0.1308
vn -0.9718 0.1080 0.2095
vn -0.9628 0.1211 0.2415
vn -0.9727 0.0073 0.2319
vn -0.9572 0.2112 0.1980
vn -0.9598 0.2040 0.1928
vn -0.9622 0.1902 0.1949
vn -0.9632 0.1790 0.2004
vn -0.4644 0.8794 0.1053
vn -0.4763 0.8742 0.0941
vn -0.6926 0.7064 0.1458
vn -0.6712 0.7258 0.1508
vn -0.7563 0.5289 0.3850
vn -0.8180 0.3840 0.4283
vn -0.5855 -0.5360 0.6082
vn -0.6312 -0.5688 0.5274
vn -0.4848 -0.8746 -0.0041
vn -0.5491 -0.5665 0.6144
vn -0.3406 -0.5465 0.7651
vn 0.0016 -0.9527 -0.3040
vn 0.4478 -0.8230 -0.3496
vn 0.4890 -0.8285 0.2729
vn 0.0405 -0.9933 0.1078
vn 0.1758 -0.9562 -0.2338
vn 0.1027 -0.9707 -0.2172
vn -0.4272 -0.8873 0.1740
vn -0.2383 -0.8905 0.3877
vn 0.1409 -0.9772 -0.1589
vn 0.1888 -0.9419 -0.2777
vn 0.0014 -0.9538 0.3003
vn -0.1715 -0.9789 0.1115
vn 0.2503 -0.9601 -0.1250
vn -0.2045 -0.9704 0.1283
vn -0.2140 -0.9623 0.1678
vn -0.1628 -0.9584 0.2346
vn -0.0629 -0.9323 0.3562
vn -0.1248 -0.8258 0.5500
vn -0.1696 -0.8897 0.4239
vn -0.4816 0.1632 0.8611
vn -0.6176 0.1508 0.7719
vn -0.9602 0.1790 0.2144
vn -0.9539 0.2004 0.2237
vn -0.9802 0.1763 0.0905
vn -0.9901 0.1265 -0.0609
vn -0.3403 0.2099 0.9166
vn -0.3685 0.1722 0.9136
vn -0.0266 -0.4551 0.8900
vn -0.2830 -0.0888 0.9550
vn -0.0748 -0.6182 0.7825
vn -0.7739 0.1514 0.6150
vn -0.8452 0.1425 0.5151
vn -0.8541 0.1470 0.4989
vn -0.9032 0.1553 0.4001
vn -0.9345 0.1662 0.3148
vn -0.9529 0.2005 0.2275
vn -0.9238 0.2822 0.2589
vn -0.9346 0.3111 0.1724
vn -0.9567 0.2173 0.1936
vn -0.9665 0.2092 0.1488
vn -0.7305 0.1248 -0.6714
vn -0.9602 0.2587 0.1056
vn -0.9730 0.1904 0.1307
vn -0.9633 0.2075 0.1706
vn -0.9422 0.2230 0.2502
vn -0.9294 0.1500 0.3372
vn -0.8454 0.1302 0.5180
vn -0.3861 -0.2141 0.8973
vn -0.3073 0.0209 0.9514
vn -0.2182 0.1094 0.9698
vn -0.3023 -0.2719 0.9136
vn -0.7445 0.1407 0.6526
vn 0.0358 -0.9970 -0.0692
vn 0.0259 -0.9887 -0.1479
vn 0.0194 -0.9223 -0.3859
vn 0.0818 -0.9531 -0.2914
vn 0.1465 -0.9716 -0.1858
vn 0.1804 -0.9669 -0.1802
vn 0.1605 -0.9807 -0.1114
vn 0.0974 -0.9948 0.0282
vn 0.0416 -0.9913 0.1251
vn 0.0251 -0.9912 0.1298
vn 0.0173 -0.9962 0.0849
vn 0.0171 -0.9994 0.0298
vn 0.0201 -0.9997 -0.0170
vn 0.0274 -0.9985 -0.0484
vn 0.2939 -0.9356 -0.1958
vn 0.2621 -0.9263 -0.2706
vn 0.2435 -0.9534 -0.1781
vn 0.2629 -0.9486 -0.1763
vn 0.1881 -0.9744 -0.1229
vn 0.2577 -0.9534 -0.1566
vn 0.2783 -0.9531 -0.1190
vn 0.2612 -0.9559 -0.1345
vn 0.2988 -0.9490 -0.1010
vn -0.2167 -0.9652 0.1463
vn 0.2624 -0.9544 -0.1426
vn 0.1711 -0.9812 -0.0898
vn -0.2831 -0.9248 0.2539
vn -0.1087 -0.9931 -0.0443
vn 0.2568 -0.9626 -0.0863
vn -0.1994 -0.9657 -0.1661
vn -0.5228 -0.8333 0.1799
vn -0.5737 -0.7368 0.3578
vn 0.2361 -0.9658 -0.1073
vn 0.3000 -0.9494 0.0926
vn -0.3704 -0.8296 0.4179
vn -0.2999 -0.9451 0.1297
vn 0.2700 -0.9628 0.0136
vn -0.0873 -0.9714 -0.2207
vn -0.4347 -0.8979 -0.0687
vn -0.4075 -0.8937 0.1880
vn 0.4060 -0.9103 -0.0803
vn 0.3553 -0.9189 0.1717
vn -0.3850 -0.8769 0.2878
vn -0.0631 -0.9866 -0.1506
vn 0.3704 -0.9276 -0.0483
vn -0.2002 -0.9175 -0.3436
vn -0.6551 -0.7340 -0.1791
vn -0.6271 -0.7773 0.0506
vn 0.4194 -0.9078 0.0078
vn 0.0909 -0.9619 0.2580
vn -0.5367 -0.8078 0.2438
vn -0.3422 -0.9363 0.0788
vn 0.5362 -0.8437 -0.0279
vn -0.1644 -0.9367 -0.3090
vn -0.6922 -0.6956 -0.1922
vn -0.7209 -0.6821 0.1230
vn 0.4517 -0.8921 -0.0093
vn -0.2508 -0.9500 -0.1857
vn -0.6332 -0.7738 -0.0138
vn -0.7021 -0.6756 0.2251
vn 0.4847 -0.8619 -0.1492
vn -0.0468 -0.9989 0.0097
vn -0.6955 -0.7181 0.0244
vn -0.6612 -0.7489 -0.0454
vn 0.2716 -0.5216 -0.8088
vn -0.1756 -0.3358 -0.9254
vn -0.7145 -0.4485 -0.5370
vn -0.4321 0.1531 -0.8887
vn 0.2772 -0.9439 -0.1794
vn 0.2745 -0.9534 -0.1252
vn 0.2512 -0.9661 -0.0594
vn 0.2818 -0.9500 -0.1348
vn 0.2946 -0.9523 -0.0797
vn 0.1687 -0.9857 0.0017
vn 0.3196 -0.9436 -0.0863
vn 0.2689 -0.9505 -0.1555
vn 0.2186 -0.9737 -0.0648
vn 0.1059 -0.9939 0.0314
vn 0.3152 -0.9473 -0.0582
vn 0.1252 -0.9910 0.0475
vn 0.0504 -0.9928 0.1088
vn -0.0025 -0.9993 0.0368
vn 0.0528 -0.9981 0.0322
vn 0.3283 -0.9426 -0.0614
vn 0.3110 -0.9488 -0.0547
vn 0.0096 -0.9940 0.1086
vn -0.0151 -0.9963 0.0852
vn -0.0025 -0.9999 0.0103
vn -0.0343 -0.9987 0.0373
vn 0.2890 -0.9562 -0.0455
vn 0.4185 -0.9058 -0.0666
vn -0.0322 -0.9981 0.0518
vn -0.0565 -0.9982 0.0186
vn 0.0586 -0.9973 -0.0449
vn 0.1052 -0.9940 -0.0297
vn 0.5684 -0.8207 -0.0589
vn 0.5611 -0.8261 -0.0519
vn -0.0876 -0.9960 -0.0144
vn -0.0860 -0.9955 -0.0397
vn 0.2083 -0.9772 -0.0401
vn 0.0260 -0.9984 -0.0501
vn 0.5300 -0.8436 -0.0862
vn 0.6455 -0.7567 -0.1033
vn 0.3449 -0.9381 -0.0322
vn 0.4127 -0.9105 -0.0248
vn 0.7158 -0.6924 -0.0908
vn 0.7364 -0.6693 -0.0993
vn -0.0651 -0.9978 0.0098
vn 0.0122 -0.6105 -0.7919
vn -0.0146 -0.9865 -0.1631
vn 0.0124 -0.5741 -0.8187
vn 0.0136 -0.4090 -0.9124
vn 0.3123 -0.9245 -0.2184
vn 0.7052 -0.6746 -0.2182
vn 0.2681 -0.5311 -0.8038
vn -0.5741 -0.0975 -0.8130
vn -0.1141 0.1007 -0.9884
vn -0.0149 0.0308 -0.9994
vn 0.0024 0.0587 -0.9983
vn -0.3250 0.0611 -0.9437
vn -0.5062 -0.0638 -0.8601
vn -0.8660 0.2591 -0.4276
vn -0.0182 0.0349 -0.9992
vn -0.0150 0.0631 -0.9979
vn -0.2116 0.9718 -0.1039
vn -0.8285 0.4376 0.3496
vn -0.7048 0.6525 0.2783
vn -0.6673 0.7109 0.2221
vn -0.8284 0.4691 0.3061
vn -0.2969 0.9528 0.0634
vn -0.2993 0.9532 0.0432
vn -0.3579 0.9337 0.0135
vn -0.3378 0.9410 0.0193
vn -0.4635 0.8843 0.0568
vn -0.7402 0.5848 0.3317
vn -0.8285 0.4045 0.3873
vn -0.2890 0.9573 0.0079
vn -0.2704 0.9622 -0.0314
vn -0.2870 0.9551 0.0732
vn -0.2900 0.9542 0.0739
vn -0.1515 0.0653 -0.9863
vn -0.2440 0.9676 -0.0649
vn -0.1398 -0.0297 -0.9897
vn -0.0876 0.0726 -0.9935
vn -0.6228 0.7409 0.2513
vn -0.0532 0.9981 -0.0322
vn -0.0318 0.9993 -0.0182
vn -0.1692 0.9853 0.0239
vn -0.1918 0.9814 0.0032
vn -0.1460 0.9882 -0.0463
vn -0.1025 0.9925 -0.0663
vn -0.2702 0.9627 -0.0166
vn -0.4777 0.8342 0.2756
vn -0.3435 0.9128 0.2208
vn -0.2507 0.9670 0.0464
vn -0.4179 0.8940 0.1619
vn 0.0104 0.9910 -0.1335
vn -0.0118 0.9002 -0.4353
vn -0.0443 0.9307 -0.3631
vn -0.0659 0.9885 -0.1360
vn -0.0486 0.4521 -0.8907
vn -0.0913 0.5191 -0.8498
vn -0.0839 0.9944 -0.0638
vn -0.0715 0.9963 -0.0484
vn -0.2143 0.9766 -0.0146
vn -0.2363 0.9714 -0.0238
vn 0.0072 0.9969 -0.0781
vn 0.0113 0.9943 -0.1063
vn -0.1136 0.9895 -0.0893
vn -0.1368 0.9895 -0.0467
vn -0.0161 0.9998 -0.0083
vn -0.0071 0.9999 -0.0126
vn -0.1538 0.9873 0.0394
vn -0.1562 0.9869 0.0396
vn -0.0066 0.9996 -0.0263
vn -0.0080 0.9990 -0.0446
vn -0.1577 0.9875 -0.0021
vn -0.1581 0.9871 0.0249
vn -0.5299 0.8361 0.1417
vn -0.5734 0.7961 0.1933
vn 0.0124 0.9925 -0.1213
vn -0.0907 0.9889 -0.1175
vn -0.8780 0.4398 0.1888
vn -0.8886 0.4194 0.1856
vn -0.9307 0.3280 0.1619
vn -0.9447 0.2970 0.1395
vn -0.6831 0.5488 0.4818
vn -0.8317 0.4948 0.2520
vn -0.8361 0.5135 0.1932
vn -0.8323 0.5281 0.1685
vn -0.8368 0.5175 0.1789
vn -0.9055 0.3837 0.1812
vn -0.9203 0.3508 0.1730
vn -0.9700 0.2358 0.0581
vn -0.8505 0.4918 0.1867
vn -0.8659 0.4630 0.1894
vn -0.8373 0.5211 0.1656
vn -0.8372 0.5217 0.1638
vn -0.6142 0.6065 0.5048
vn -0.0866 0.9948 -0.0527
vn -0.0545 0.9954 -0.0789
vn -0.0598 0.9926 -0.1058
vn -0.2094 0.9777 -0.0131
vn -0.1572 0.9869 -0.0355
vn -0.0132 0.9965 -0.0831
vn -0.0526 0.9982 -0.0271
vn -0.0502 0.9976 -0.0483
vn -0.0841 0.9955 -0.0436
vn -0.0658 0.9961 -0.0584
vn -0.0219 0.9967 -0.0777
vn -0.0728 0.9907 -0.1147
vn -0.0649 0.9968 -0.0458
vn -0.0752 0.9931 -0.0898
vn -0.0952 0.9940 -0.0547
vn -0.0317 0.9980 -0.0546
vn -0.0333 0.9975 -0.0624
vn -0.0120 0.9943 -0.1057
vn -0.0207 0.9948 -0.0993
vn -0.0423 0.9942 -0.0988
vn 0.0065 0.9982 -0.0601
vn -0.0145 0.9984 -0.0553
vn 0.0690 0.9952 -0.0695
vn 0.0317 0.9959 -0.0850
vn -0.0150 0.9946 -0.1024
vn 0.0239 0.9946 -0.1007
vn 0.0171 0.9939 -0.1090
vn 0.8878 0.0085 0.4602
vn 0.8546 -0.1424 0.4994
vn 0.7855 -0.4887 0.3797
vn 0.8064 -0.1672 0.5672
vn 0.7956 -0.4077 0.4481
vn 0.8263 -0.2960 0.4793
vn 0.3021 -0.9508 0.0682
vn -0.0578 -0.9941 -0.0913
vn 0.5932 -0.7801 0.1989
vn 0.0106 -0.9964 -0.0837
vn -0.2504 -0.9580 -0.1399
vn -0.2958 -0.9388 0.1766
vn -0.3022 -0.9256 0.2280
vn -0.3235 -0.9421 -0.0883
vn 0.4691 -0.6158 0.6331
vn 0.5023 -0.6605 0.5580
vn 0.8961 0.0408 0.4420
vn 0.9083 0.1553 0.3884
vn 0.9285 0.0317 0.3701
vn 0.9121 -0.2662 0.3118
vn 0.9359 -0.0701 0.3453
vn 0.7929 -0.6023 0.0917
vn 0.3556 -0.9159 -0.1865
vn 0.0151 -0.9659 -0.2586
vn 0.8577 -0.4951 0.1388
vn 0.9351 0.0006 0.3544
vn 0.0664 -0.9802 -0.1865
vn -0.1950 -0.9754 -0.1030
vn 0.3711 -0.9019 -0.2210
vn 0.7908 -0.6116 0.0246
vn 0.9768 0.1818 0.1133
vn 0.9695 0.1894 0.1556
vn 0.8895 -0.4533 0.0574
vn 0.9011 -0.1667 -0.4003
vn 0.9614 -0.2689 -0.0580
vn 0.9221 -0.3718 0.1074
vn 0.9289 -0.2872 0.2340
vn 0.8860 -0.4033 0.2287
vn 0.8275 -0.5548 0.0864
vn 0.8430 -0.5380 0.0046
vn 0.9950 0.0340 0.0943
vn 0.9981 -0.0612 -0.0050
vn 0.9087 -0.2428 0.3394
vn 0.8276 -0.3510 0.4380
vn 0.1246 -0.8608 0.4935
vn 0.9372 -0.2900 0.1936
vn 0.8992 -0.4368 0.0238
vn 0.9582 -0.0243 0.2852
vn 0.9220 -0.3867 0.0193
vn 0.8938 -0.4201 0.1568
vn 0.9195 -0.3277 0.2171
vn 0.5530 -0.7850 0.2793
vn 0.8164 -0.5765 0.0327
vn 0.9397 -0.3420 0.0026
vn 0.7750 -0.6173 -0.1352
vn 0.8303 -0.5514 -0.0807
vn 0.9497 -0.2330 0.2092
vn 0.7990 -0.5786 0.1637
vn 0.8324 -0.5109 0.2147
vn 0.9179 -0.3233 0.2301
vn 0.9851 0.0620 0.1607
vn 0.8758 -0.4314 0.2163
vn 0.9451 -0.2569 -0.2019
vn 0.6906 -0.5191 0.5036
vn 0.6392 -0.6444 0.4198
vn 0.8146 -0.3248 0.4805
vn 0.6634 -0.6584 0.3555
vn 0.6435 -0.6051 0.4688
vn 0.8678 -0.2051 0.4526
vn 0.6684 -0.7149 0.2054
vn 0.2788 -0.9597 0.0358
vn 0.7170 -0.5347 0.4473
vn 0.7243 -0.2722 0.6334
vn 0.5546 -0.3055 0.7740
vn 0.7167 -0.6808 0.1509
vn 0.2548 -0.4363 0.8630
vn 0.1546 -0.5834 0.7973
vn 0.4002 -0.6193 0.6755
vn 0.2869 -0.6616 0.6928
vn 0.4623 -0.6746 0.5755
vn 0.5757 -0.6791 0.4553
vn 0.3157 -0.6764 0.6655
vn 0.4501 -0.6464 0.6161
vn 0.1772 -0.5503 0.8159
vn 0.1987 -0.4823 0.8532
vn 0.5114 -0.4316 0.7431
vn 0.6933 -0.4571 0.5571
vn 0.5382 -0.4720 0.6982
vn 0.1221 -0.1517 0.9809
vn -0.0814 -0.4700 0.8789
vn -0.0207 -0.5148 0.8571
vn 0.0719 -0.4885 0.8696
vn 0.2737 -0.4452 0.8526
vn 0.0577 0.1160 0.9916
vn 0.3899 -0.1958 0.8998
vn 0.3453 -0.3121 0.8851
vn 0.0293 -0.2284 0.9731
vn -0.2364 -0.0456 0.9706
vn -0.1350 -0.9346 0.3290
vn -0.2902 -0.2563 0.9220
vn -0.4792 -0.6347 0.6062
vn -0.1205 -0.0955 0.9881
vn -0.3939 0.2840 0.8742
vn -0.1928 -0.1119 0.9748
vn 0.4854 -0.7775 0.3999
vn -0.0958 -0.4928 0.8649
vn 0.1307 -0.5076 0.8516
vn 0.3976 -0.8635 0.3102
vn -0.5073 -0.8434 0.1769
vn -0.5152 -0.5159 0.6844
vn -0.6904 -0.4647 0.5545
vn -0.5019 -0.4450 0.7417
vn 0.0336 -0.9212 0.3875
vn -0.2064 -0.4834 0.8507
vn -0.2385 -0.6090 0.7565
vn -0.4099 -0.6278 0.6617
vn -0.5537 -0.6695 0.4953
vn -0.5859 -0.6811 0.4392
vn -0.4696 -0.6661 0.5795
vn -0.2670 -0.6215 0.7365
vn -0.3131 -0.4592 0.8313
vn -0.5723 -0.2868 0.7683
vn -0.2490 -0.9675 0.0429
vn -0.4785 -0.8777 -0.0263
vn -0.7178 -0.6539 0.2390
vn -0.7089 -0.6622 0.2427
vn -0.6944 -0.1965 0.6922
vn -0.7089 -0.4872 0.5100
vn -0.6901 -0.6008 0.4035
vn -0.1749 -0.9615 0.2120
vn -0.6095 -0.6120 0.5040
vn -0.6240 -0.6132 0.4843
vn -0.6924 -0.6236 0.3629
vn -0.4862 -0.8451 0.2225
vn -0.7634 -0.5141 0.3912
vn -0.7474 -0.4790 0.4604
vn -0.7995 -0.2560 0.5434
vn -0.7461 -0.5861 0.3161
vn -0.8104 -0.3059 0.4997
vn -0.4713 -0.7096 0.5238
vn -0.8890 -0.1028 0.4462
vn -0.9106 -0.1630 0.3798
vn -0.9041 0.2034 0.3758
vn -0.8811 -0.0952 0.4633
vn -0.9072 -0.2609 0.3300
vn -0.4968 -0.8662 -0.0531
vn -0.9251 -0.2488 0.2868
vn -0.9485 -0.2121 0.2352
vn -0.9357 -0.1883 0.2984
vn -0.4370 -0.7464 0.5019
vn -0.9364 -0.1250 0.3280
vn -0.9641 -0.1611 0.2109
vn -0.9073 -0.4049 0.1134
vn -0.9114 0.4024 0.0859
vn -0.9399 -0.1230 0.3186
vn -0.6351 -0.7558 -0.1594
vn -0.9287 -0.3652 0.0641
vn -0.9359 -0.3360 0.1056
vn -0.9302 0.0812 0.3579
vn -0.9382 -0.3240 0.1215
vn -0.9560 -0.2417 0.1664
vn -0.9346 -0.2898 0.2060
vn -0.5745 -0.7509 0.3258
vn -0.5722 -0.7645 0.2968
vn -0.9307 -0.2951 0.2161
vn -0.9473 -0.2923 0.1309
vn -0.9359 -0.3523 -0.0088
vn -0.5780 -0.8064 -0.1256
vn -0.9020 -0.4318 -0.0007
vn -0.9411 -0.3238 0.0974
vn -0.9237 -0.3825 -0.0197
vn -0.9847 -0.1544 0.0806
vn -0.9700 -0.1378 0.2003
vn -0.6705 -0.7113 0.2110
vn -0.9123 -0.3437 0.2226
vn -0.9016 -0.3457 0.2599
vn -0.9407 -0.2235 0.2554
vn -0.9731 0.0336 0.2278
vn -0.9413 -0.2676 0.2057
vn -0.7041 -0.6859 0.1838
vn -0.9746 -0.1707 0.1446
vn -0.9771 -0.2091 0.0391
vn -0.9841 0.1188 0.1323
vn -0.9656 -0.1505 0.2119
vn -0.9767 -0.2013 -0.0746
vn -0.8927 -0.1494 -0.4251
vn -0.6759 -0.7370 0.0070
vn -0.9555 -0.1929 -0.2230
vn -0.2161 -0.9608 -0.1736
vn -0.2184 -0.9661 -0.1374
vn 0.4403 -0.8960 -0.0571
vn 0.2165 -0.9162 -0.3373
vn 0.4739 -0.8615 0.1824
vn -0.2701 -0.9278 -0.2572
vn -0.0089 -0.9213 0.3887
vn -0.2939 -0.8962 0.3324
vn -0.3080 -0.8975 -0.3157
vn -0.1811 -0.9341 -0.3077
vn 0.2217 -0.9483 -0.2270
vn 0.3403 -0.8335 0.4352
vn -0.0228 -0.9400 -0.3404
vn -0.4644 -0.8835 -0.0609
vn 0.5903 -0.7865 -0.1815
vn 0.3328 -0.8898 -0.3121
vn 0.2073 -0.9245 -0.3199
vn -0.2386 -0.9034 -0.3562
vn 0.2983 -0.9277 -0.2247
vn 0.2366 -0.9641 -0.1203
vn -0.0960 -0.9906 0.0977
vn 0.2096 -0.9596 -0.1876
vn 0.2137 -0.9735 -0.0815
vn 0.0210 -0.9993 -0.0299
vn 0.0349 -0.9924 -0.1183
vn -0.4652 -0.8831 0.0604
vn 0.2446 -0.9595 0.1399
vn 0.3129 -0.8882 0.3364
vn -0.2958 -0.7011 0.6488
vn -0.0183 -0.9715 -0.2364
vn -0.0915 -0.9783 -0.1858
vn 0.0043 -0.9362 -0.3514
vn -0.5921 -0.7771 -0.2135
vn 0.3730 -0.9223 -0.1011
vn 0.2005 -0.9219 0.3316
vn 0.1112 -0.9192 0.3778
vn -0.3709 -0.7963 0.4779
vn 0.4053 -0.9130 0.0466
vn 0.0168 -0.9823 0.1863
vn -0.0309 -0.9588 0.2823
vn 0.4243 -0.9055 0.0024
vn 0.0089 -0.9928 -0.1196
vn -0.5006 -0.8542 -0.1403
vn -0.0469 -0.9935 -0.1036
vn 0.5019 -0.8636 -0.0469
vn -0.0758 -0.9933 0.0868
vn 0.0610 -0.9264 0.3715
vn -0.5945 -0.6940 0.4062
vn 0.5621 -0.8240 -0.0713
vn -0.1331 -0.9659 0.2221
vn -0.2283 -0.9039 0.3617
vn -0.6288 -0.6673 0.3992
vn 0.5350 -0.8406 0.0853
vn -0.0659 -0.9969 0.0439
vn -0.1149 -0.9498 0.2910
vn -0.1941 -0.9495 0.2467
vn -0.3442 -0.9388 0.0115
vn 0.3185 -0.9423 -0.1029
vn -0.1473 -0.9755 -0.1634
vn 0.0025 -0.9836 -0.1806
vn -0.4447 -0.8930 -0.0695
vn 0.5946 -0.7587 -0.2662
vn -0.0268 -0.9676 0.2510
vn -0.0230 -0.9907 0.1343
vn -0.4439 -0.8956 -0.0291
vn 0.2851 -0.9512 -0.1184
vn -0.0708 -0.9971 -0.0294
vn 0.5491 -0.8239 -0.1400
vn -0.0434 -0.9989 -0.0198
vn -0.5820 -0.8131 -0.0094
vn 0.5179 -0.8268 0.2196
vn -0.0283 -0.9676 0.2509
vn 0.6516 -0.7402 0.1659
vn 0.0377 -0.9968 0.0698
vn -0.5901 -0.8058 -0.0505
vn 0.4031 -0.8086 0.4285
vn -0.0274 -0.9217 0.3869
vn 0.4236 -0.8824 0.2050
vn 0.0134 -0.9932 0.1159
vn -0.5876 -0.8088 -0.0241
vn 0.6450 -0.7641 -0.0083
vn 0.0491 -0.9978 -0.0452
vn 0.1812 0.9827 -0.0381
vn 0.1703 0.9850 -0.0268
vn 0.2370 0.9715 -0.0012
vn 0.1913 0.9812 -0.0248
vn 0.0064 0.9948 -0.1020
vn -0.9892 0.0684 0.1300
vn 0.0184 0.9977 -0.0655
vn -0.1743 0.9843 -0.0265
vn -0.0607 -0.9970 -0.0485
vn -0.0169 0.9977 -0.0662
vn 0.0588 -0.9971 -0.0485
vn 0.9894 0.0320 0.1414
vn 0.9629 0.1645 0.2141
vn 0.6709 -0.5553 0.4915
vn 0.8198 0.2850 0.4968
vn 0.8598 0.1597 0.4851
vn 0.8787 0.0898 0.4689
vn 0.8384 0.2090 0.5034
vn 0.6096 0.7867 0.0979
vn -0.6222 0.7762 0.1017
vn 0.8434 0.1921 0.5018
vn 0.7624 0.4669 0.4480
vn 0.3800 0.6433 0.6647
vn 0.4435 0.2434 0.8626
vn -0.1396 -0.5010 -0.8541
vn -0.1232 -0.9126 -0.3899
vn -0.2942 -0.8057 -0.5140
vn -0.2289 -0.4487 -0.8639
vn 0.4070 -0.0810 -0.9098
vn 0.2638 -0.3316 -0.9058
vn 0.0895 -0.4199 -0.9032
vn 0.2064 -0.0560 -0.9769
vn 0.5980 -0.3369 -0.7273
vn -0.0597 -0.5183 -0.8531
vn 0.0375 -0.4775 -0.8778
vn 0.4644 -0.3131 -0.8284
vn -0.9632 -0.0575 -0.2627
vn -0.8839 -0.1475 -0.4437
vn -0.9464 -0.0091 -0.3227
vn -0.0620 -0.5596 -0.8265
vn -0.2946 -0.5431 -0.7863
vn -0.6255 -0.3202 -0.7115
vn -0.5694 -0.3955 -0.7207
vn 0.6354 -0.1811 -0.7506
vn -0.9285 -0.1453 -0.3417
vn -0.6887 -0.6654 -0.2881
vn -0.9686 -0.2352 -0.0807
vn 0.7349 -0.0451 -0.6766
vn 0.6291 -0.4797 -0.6116
vn 0.3815 -0.7949 -0.4718
vn -0.7333 0.2058 0.6480
vn -0.9795 0.1115 0.1677
vn -0.9872 -0.0358 0.1553
vn -0.7265 -0.1075 0.6787
vn -0.9708 -0.0117 -0.2396
vn 0.9830 0.1813 0.0290
vn 0.9949 0.1005 0.0084
vn 0.9454 0.0456 -0.3227
vn 0.9018 0.2761 -0.3324
vn -0.9787 0.1743 0.1086
vn -0.9883 -0.0124 -0.1521
vn -0.9886 -0.0082 -0.1505
vn 0.9105 -0.0530 -0.4101
vn 0.9713 -0.2171 -0.0976
vn 0.0812 0.5826 -0.8087
vn 0.1746 0.2962 -0.9390
vn -0.1047 0.3778 -0.9199
vn -0.1126 0.6476 -0.7536
vn 0.0688 0.7284 0.6817
vn 0.1035 0.2534 0.9618
vn -0.9664 -0.0360 -0.2545
vn -0.9755 -0.0489 -0.2144
vn 0.9990 0.0212 -0.0401
vn 0.9456 0.0274 -0.3242
vn -0.9869 -0.0045 -0.1615
vn -0.5833 -0.6571 0.4775
vn -0.1408 -0.7325 0.6661
vn -0.2173 -0.1139 0.9694
vn -0.6321 0.3674 -0.6823
vn -0.6998 0.1626 -0.6955
vn -0.8913 0.0229 -0.4528
vn -0.8401 0.1184 -0.5294
vn -0.9446 -0.0994 -0.3128
vn -0.9633 -0.0246 -0.2674
vn -0.0525 0.9848 -0.1656
vn -0.3425 0.9290 -0.1405
vn -0.2855 0.6689 0.6864
vn 0.6963 0.1709 -0.6971
vn 0.7342 0.0446 -0.6775
vn 0.3892 0.1464 -0.9094
vn 0.3668 0.4124 -0.8339
vn -0.0897 -0.0500 -0.9947
vn -0.1059 -0.4843 -0.8685
vn -0.3324 -0.4508 -0.8284
vn -0.4489 -0.0492 -0.8922
vn 0.0246 -0.9039 -0.4269
vn -0.1261 -0.5328 -0.8368
vn 0.6436 -0.6682 0.3732
vn 0.8348 -0.0662 0.5466
vn 0.3662 -0.0876 0.9264
vn 0.2505 -0.7345 0.6307
vn -0.8061 -0.2672 -0.5281
vn -0.0324 -0.9252 -0.3782
vn 0.0582 -0.7396 0.6705
vn -0.9098 -0.0592 -0.4109
vn -0.5755 -0.3663 -0.7312
vn -0.2903 0.2464 0.9247
vn -0.3556 0.5811 -0.7320
vn -0.6913 0.7081 -0.1438
vn -0.4422 0.3153 -0.8397
vn -0.7041 0.4904 0.5135
vn -0.2091 -0.6025 -0.7703
vn -0.9473 0.2274 -0.2255
vn -0.1335 -0.5258 -0.8401
vn -0.1222 -0.5973 -0.7927
vn -0.7112 -0.0515 -0.7011
vn 0.2070 0.9627 -0.1741
vn 0.0785 -0.1164 0.9901
vn 0.5917 0.7794 -0.2059
vn -0.4435 0.2434 0.8626
vn -0.3800 0.6433 0.6647
vn -0.7624 0.4669 0.4480
vn -0.8434 0.1921 0.5018
vn 0.2289 -0.4487 -0.8639
vn 0.2942 -0.8057 -0.5140
vn 0.1232 -0.9126 -0.3899
vn 0.1396 -0.5010 -0.8541
vn -0.2064 -0.0560 -0.9769
vn -0.0895 -0.4199 -0.9032
vn -0.2638 -0.3316 -0.9058
vn -0.4070 -0.0810 -0.9098
vn -0.4644 -0.3131 -0.8284
vn -0.0375 -0.4775 -0.8778
vn 0.0597 -0.5183 -0.8531
vn -0.5980 -0.3369 -0.7273
vn 0.9632 -0.0575 -0.2627
vn 0.9464 -0.0091 -0.3227
vn 0.8839 -0.1475 -0.4437
vn 0.0620 -0.5596 -0.8265
vn 0.5694 -0.3955 -0.7207
vn 0.6255 -0.3202 -0.7115
vn 0.2946 -0.5431 -0.7863
vn -0.6354 -0.1811 -0.7506
vn 0.9285 -0.1453 -0.3417
vn 0.9686 -0.2352 -0.0807
vn 0.6886 -0.6654 -0.2881
vn -0.7349 -0.0451 -0.6766
vn -0.3815 -0.7949 -0.4718
vn -0.6291 -0.4797 -0.6116
vn 0.7265 -0.1075 0.6787
vn 0.9872 -0.0358 0.1553
vn 0.9795 0.1115 0.1677
vn 0.7333 0.2058 0.6480
vn 0.9708 -0.0117 -0.2396
vn -0.9018 0.2761 -0.3324
vn -0.9454 0.0456 -0.3227
vn -0.9949 0.1005 0.0084
vn -0.9830 0.1813 0.0290
vn 0.9886 -0.0082 -0.1505
vn 0.9883 -0.0124 -0.1521
vn 0.9787 0.1743 0.1086
vn -0.9105 -0.0530 -0.4102
vn -0.9713 -0.2171 -0.0976
vn 0.1126 0.6476 -0.7536
vn 0.1047 0.3778 -0.9199
vn -0.1746 0.2962 -0.9390
vn -0.0812 0.5826 -0.8087
vn -0.1035 0.2534 0.9618
vn -0.0688 0.7284 0.6817
vn 0.9755 -0.0489 -0.2144
vn 0.9664 -0.0360 -0.2545
vn -0.9456 0.0274 -0.3242
vn -0.9990 0.0212 -0.0401
vn 0.9869 -0.0045 -0.1615
vn 0.5833 -0.6571 0.4775
vn 0.2173 -0.1139 0.9694
vn 0.1408 -0.7325 0.6661
vn 0.8401 0.1184 -0.5294
vn 0.8913 0.0229 -0.4528
vn 0.6998 0.1626 -0.6955
vn 0.6321 0.3674 -0.6823
vn 0.9446 -0.0994 -0.3128
vn 0.9633 -0.0246 -0.2674
vn 0.2855 0.6689 0.6864
vn 0.3425 0.9290 -0.1405
vn 0.0525 0.9848 -0.1656
vn -0.3668 0.4124 -0.8339
vn -0.3892 0.1464 -0.9094
vn -0.7342 0.0446 -0.6775
vn -0.6963 0.1709 -0.6971
vn 0.4489 -0.0492 -0.8922
vn 0.3324 -0.4508 -0.8284
vn 0.1059 -0.4843 -0.8685
vn 0.0897 -0.0500 -0.9947
vn 0.1261 -0.5328 -0.8368
vn -0.0246 -0.9039 -0.4269
vn -0.2505 -0.7345 0.6307
vn -0.3662 -0.0876 0.9264
vn -0.8348 -0.0662 0.5466
vn -0.6436 -0.6682 0.3732
vn 0.8061 -0.2672 -0.5280
vn -0.0582 -0.7396 0.6705
vn 0.0324 -0.9252 -0.3782
vn 0.9098 -0.0592 -0.4109
vn 0.5755 -0.3663 -0.7312
vn 0.2903 0.2464 0.9247
vn 0.6913 0.7081 -0.1438
vn 0.3556 0.5811 -0.7320
vn 0.4422 0.3153 -0.8397
vn 0.7041 0.4904 0.5135
vn 0.2091 -0.6025 -0.7703
vn 0.9473 0.2274 -0.2255
vn 0.1334 -0.5258 -0.8401
vn 0.1222 -0.5973 -0.7927
vn 0.7112 -0.0515 -0.7011
vn -0.2070 0.9627 -0.1741
vn -0.0785 -0.1164 0.9901
vn -0.5917 0.7794 -0.2059
vn -0.3033 -0.6686 -0.6790
vn -0.3318 -0.7790 -0.5321
vn -0.5890 -0.6851 -0.4287
vn -0.3192 -0.6497 -0.6899
vn 0.3932 0.2861 0.8738
vn 0.2394 0.7607 0.6033
vn -0.1359 0.7055 0.6956
vn 0.0058 0.2928 0.9562
vn 0.0456 -0.1910 -0.9805
vn -0.1237 -0.4306 -0.8940
vn -0.2127 -0.4877 -0.8467
vn -0.1888 -0.1459 -0.9711
vn -0.0026 -0.6040 -0.7969
vn -0.3725 -0.6737 -0.6383
vn -0.3459 -0.5923 -0.7277
vn -0.1115 -0.5491 -0.8283
vn -0.3192 -0.6621 -0.6781
vn -0.3894 -0.6822 -0.6188
vn -0.4364 -0.4859 -0.7573
vn 0.2005 -0.3550 -0.9131
vn 0.7738 -0.0564 -0.6309
vn 0.5517 -0.2686 -0.7896
vn 0.4532 -0.1735 -0.8744
vn 0.8288 0.5063 0.2383
vn 0.9567 0.2662 -0.1174
vn 0.8556 0.3410 -0.3895
vn 0.5143 0.8107 -0.2798
vn -0.8079 -0.0382 -0.5881
vn -0.7230 -0.3866 -0.5726
vn -0.8659 -0.2553 -0.4301
vn -0.9397 -0.0170 -0.3416
vn 0.0899 -0.6820 -0.7258
vn -0.1376 -0.8094 -0.5708
vn 0.7627 -0.4650 -0.4496
vn 0.9660 0.0338 -0.2563
vn 0.8950 0.0484 0.4435
vn 0.6828 -0.7172 0.1392
vn 0.5645 0.2652 -0.7816
vn 0.5586 -0.0087 -0.8294
vn 0.0298 0.1102 -0.9935
vn 0.1388 0.5517 -0.8224
vn -0.4945 -0.0843 -0.8651
vn -0.2338 0.6576 -0.7162
vn 0.1533 0.9738 -0.1680
vn -0.9461 -0.1504 -0.2870
vn -0.9894 0.0032 -0.1455
vn -0.5689 0.5333 0.6261
vn -0.5497 0.2429 0.7993
vn -0.2649 -0.7990 -0.5399
vn -0.3818 -0.6684 -0.6384
vn -0.1633 -0.8144 0.5569
vn 0.0828 -0.0005 0.9966
vn -0.5898 0.0461 0.8062
vn -0.6160 -0.6177 0.4889
vn -0.7992 -0.4898 -0.3483
vn -0.7986 -0.4282 -0.4229
vn -0.9782 -0.1637 0.1275
vn -0.9518 0.0498 0.3028
vn -0.5693 -0.5215 -0.6356
vn -0.7911 -0.3675 -0.4889
vn 0.5813 0.6716 0.4594
vn -0.1427 0.9865 -0.0801
vn -0.6389 0.5833 -0.5016
vn -0.7623 0.2832 -0.5820
vn -0.9115 0.1554 -0.3807
vn -0.8441 0.4040 -0.3525
vn -0.4302 0.9027 0.0103
vn -0.9967 -0.0755 -0.0307
vn -0.9973 0.0296 0.0673
vn -0.7220 0.6859 0.0904
vn -0.4891 -0.6267 -0.6067
vn -0.9601 0.2608 0.1010
vn -0.8972 0.2448 0.3675
vn -0.9700 0.1794 -0.1642
vn -0.9186 0.1261 0.3745
vn -0.9950 0.0567 0.0821
vn -0.9878 0.0614 -0.1431
vn 0.9740 0.1383 -0.1795
vn 0.8951 0.2231 0.3861
vn 0.8598 0.0239 -0.5101
vn -0.3828 -0.6647 -0.6416
vn -0.2530 0.2539 -0.9335
vn 0.6638 0.2533 0.7037
vn 0.5930 0.0023 0.8052
vn 0.3945 -0.0280 0.9185
vn -0.5043 0.3244 -0.8003
vn -0.4358 0.6606 -0.6114
vn 0.0798 -0.8751 0.4773
vn -0.3475 -0.7807 -0.5193
vn 0.3381 -0.8587 0.3852
vn 0.3192 -0.6497 -0.6899
vn 0.5890 -0.6851 -0.4287
vn 0.3318 -0.7790 -0.5321
vn 0.3033 -0.6686 -0.6790
vn -0.0058 0.2928 0.9562
vn 0.1359 0.7055 0.6956
vn -0.2394 0.7607 0.6033
vn -0.3932 0.2861 0.8738
vn 0.1888 -0.1459 -0.9711
vn 0.2127 -0.4877 -0.8467
vn 0.1237 -0.4306 -0.8940
vn -0.0456 -0.1910 -0.9805
vn 0.1115 -0.5491 -0.8283
vn 0.3459 -0.5923 -0.7277
vn 0.3725 -0.6737 -0.6383
vn 0.0026 -0.6040 -0.7969
vn 0.4364 -0.4859 -0.7573
vn 0.3894 -0.6822 -0.6188
vn 0.3192 -0.6621 -0.6781
vn -0.2005 -0.3550 -0.9131
vn -0.4532 -0.1735 -0.8744
vn -0.5517 -0.2686 -0.7896
vn -0.7738 -0.0564 -0.6309
vn -0.5143 0.8107 -0.2798
vn -0.8556 0.3410 -0.3895
vn -0.9567 0.2662 -0.1174
vn -0.8288 0.5063 0.2383
vn 0.9397 -0.0170 -0.3416
vn 0.8659 -0.2553 -0.4301
vn 0.7230 -0.3866 -0.5725
vn 0.8079 -0.0382 -0.5881
vn 0.1376 -0.8094 -0.5708
vn -0.0899 -0.6820 -0.7258
vn -0.6828 -0.7172 0.1392
vn -0.8950 0.0484 0.4435
vn -0.9660 0.0338 -0.2563
vn -0.7627 -0.4650 -0.4496
vn -0.1388 0.5517 -0.8224
vn -0.0298 0.1102 -0.9935
vn -0.5586 -0.0087 -0.8294
vn -0.5645 0.2652 -0.7816
vn 0.4945 -0.0843 -0.8651
vn -0.1533 0.9738 -0.1680
vn 0.2338 0.6576 -0.7162
vn 0.9894 0.0032 -0.1455
vn 0.9461 -0.1504 -0.2870
vn 0.5497 0.2429 0.7993
vn 0.5689 0.5333 0.6261
vn 0.3818 -0.6684 -0.6384
vn 0.2649 -0.7990 -0.5399
vn 0.6160 -0.6176 0.4889
vn 0.5898 0.0461 0.8062
vn -0.0828 -0.0005 0.9966
vn 0.1633 -0.8144 0.5569
vn 0.7986 -0.4282 -0.4229
vn 0.7992 -0.4898 -0.3483
vn 0.9782 -0.1637 0.1275
vn 0.9518 0.0498 0.3028
vn 0.7911 -0.3675 -0.4889
vn 0.5693 -0.5215 -0.6356
vn 0.1427 0.9865 -0.0801
vn -0.5813 0.6716 0.4594
vn 0.8441 0.4040 -0.3525
vn 0.9115 0.1554 -0.3807
vn 0.7623 0.2832 -0.5820
vn 0.6389 0.5833 -0.5016
vn 0.4302 0.9027 0.0103
vn 0.9967 -0.0755 -0.0307
vn 0.9973 0.0296 0.0673
vn 0.7220 0.6859 0.0904
vn 0.4891 -0.6267 -0.6067
vn 0.8972 0.2448 0.3675
vn 0.9601 0.2608 0.1010
vn 0.9700 0.1794 -0.1642
vn 0.9950 0.0567 0.0821
vn 0.9186 0.1261 0.3745
vn 0.9878 0.0614 -0.1431
vn -0.8951 0.2231 0.3861
vn -0.9740 0.1383 -0.1795
vn -0.8598 0.0239 -0.5101
vn 0.3828 -0.6647 -0.6416
vn 0.2530 0.2539 -0.9335
vn -0.6638 0.2533 0.7037
vn -0.3945 -0.0280 0.9185
vn -0.5930 0.0023 0.8052
vn 0.4358 0.6606 -0.6114
vn 0.5043 0.3244 -0.8003
vn -0.0798 -0.8751 0.4773
vn 0.3475 -0.7807 -0.5193
vn -0.3381 -0.8587 0.3852
vn -0.3070 -0.0266 -0.9514
vn -0.3923 -0.1669 -0.9046
vn -0.6418 -0.1704 -0.7477
vn -0.5962 0.0215 -0.8026
vn 0.6610 -0.7452 0.0880
vn 0.4731 -0.6915 0.5459
vn -0.3329 -0.9391 0.0855
vn -0.1033 -0.9320 -0.3474
vn -0.3833 -0.5404 -0.7491
vn -0.5575 -0.4461 -0.7002
vn -0.6429 -0.4975 -0.5824
vn -0.5212 -0.5142 -0.6811
vn -0.6549 -0.3861 -0.6497
vn -0.6465 -0.4710 -0.6001
vn 0.2124 0.1513 -0.9654
vn 0.1365 -0.0317 -0.9901
vn -0.3141 0.1110 -0.9429
vn -0.0822 0.5666 -0.8199
vn -0.5714 -0.4079 -0.7121
vn -0.5929 -0.4463 -0.6703
vn -0.6140 -0.5639 -0.5523
vn -0.6219 -0.5665 -0.5407
vn -0.4723 -0.4818 -0.7381
vn -0.5999 -0.4930 -0.6302
vn -0.5741 -0.4316 -0.6957
vn -0.7867 -0.4442 -0.4287
vn -0.8371 -0.4649 -0.2883
vn -0.8223 -0.4586 -0.3370
vn -0.7864 -0.4268 -0.4466
vn -0.9271 -0.3553 -0.1192
vn -0.9131 -0.3768 -0.1556
vn -0.8996 -0.4125 -0.1433
vn -0.9026 -0.3963 -0.1683
vn -0.8303 -0.4092 -0.3782
vn -0.8371 -0.4845 -0.2539
vn 0.0619 0.1190 0.9910
vn 0.1579 0.3472 0.9244
vn -0.3377 0.1824 0.9234
vn -0.4524 0.0885 0.8874
vn 0.3610 0.9311 0.0517
vn 0.5818 0.7397 -0.3381
vn -0.3213 0.7777 -0.5403
vn -0.8048 -0.5010 -0.3184
vn -0.9140 -0.3728 -0.1600
vn -0.9196 -0.3548 -0.1690
vn -0.8647 -0.4935 -0.0936
vn -0.6229 -0.6693 0.4049
vn -0.8693 -0.4620 -0.1756
vn -0.8838 -0.3962 -0.2488
vn -0.6784 -0.4866 -0.5504
vn -0.6015 -0.5117 -0.6135
vn -0.6624 -0.4525 -0.5970
vn -0.6964 -0.4635 -0.5480
vn -0.8445 -0.4443 -0.2990
vn -0.6481 -0.5506 -0.5261
vn -0.6418 -0.5079 -0.5745
vn -0.8091 -0.4891 -0.3257
vn 0.6812 0.1912 -0.7067
vn 0.3459 -0.8142 -0.4662
vn -0.2870 -0.6800 -0.6748
vn 0.5131 0.1173 0.8503
vn 0.4923 0.4452 0.7480
vn -0.1081 0.7526 0.6496
vn 0.1890 0.9214 0.3395
vn -0.4969 0.8215 -0.2798
vn -0.7332 0.6757 0.0768
vn -0.5191 0.2595 0.8143
vn -0.7595 0.0409 0.6492
vn 0.8047 0.4390 0.3996
vn 0.9506 0.3061 0.0511
vn -0.8554 0.2441 0.4569
vn -0.7055 -0.4408 -0.5550
vn 0.9485 -0.2227 -0.2255
vn 0.9369 -0.1537 0.3140
vn 0.8890 -0.3818 0.2529
vn 0.6468 -0.6170 -0.4483
vn 0.2706 0.9403 0.2064
vn -0.4012 0.8324 -0.3824
vn 0.6487 -0.1795 -0.7396
vn 0.1381 -0.4881 -0.8618
vn -0.0904 -0.3883 -0.9171
vn 0.3504 -0.1345 -0.9269
vn -0.8859 -0.4142 0.2088
vn -0.7007 -0.1140 0.7043
vn -0.9004 -0.1224 0.4174
vn -0.9199 -0.3919 -0.0131
vn 0.6530 0.4867 0.5802
vn 0.9190 0.0475 0.3915
vn 0.7592 0.1011 0.6430
vn -0.5722 0.2633 -0.7767
vn -0.7618 0.0135 -0.6476
vn -0.7156 0.3161 -0.6230
vn 0.9999 -0.0017 -0.0163
vn -0.9779 -0.0787 -0.1935
vn -0.9832 -0.1222 0.1358
vn -0.9517 0.0233 0.3062
vn -0.9687 0.1441 -0.2019
vn 0.8419 -0.0114 -0.5395
vn 0.8918 0.0771 -0.4458
vn 0.5356 -0.0457 -0.8433
vn -0.8625 -0.4479 -0.2354
vn -0.8655 -0.4053 -0.2944
vn -0.8884 -0.0136 -0.4588
vn -0.8510 -0.2640 -0.4540
vn -0.9167 -0.2966 -0.2677
vn -0.8345 0.2771 -0.4763
vn -0.5411 -0.3654 -0.7574
vn 0.7674 -0.2752 0.5790
vn 0.7923 -0.1079 0.6006
vn 0.4902 -0.1328 0.8614
vn 0.3848 -0.3925 0.8354
vn 0.0748 -0.0927 -0.9929
vn -0.2037 -0.1939 0.9596
vn -0.4155 -0.5477 0.7263
vn -0.7036 -0.6918 0.1626
vn -0.7568 -0.5031 -0.4172
vn -0.6875 -0.3570 -0.6324
vn -0.7332 -0.4014 -0.5489
vn 0.0342 -0.6712 0.7405
vn -0.7570 -0.2344 -0.6100
vn -0.1388 -0.2632 -0.9547
vn -0.9273 -0.3497 -0.1337
vn 0.5962 0.0215 -0.8026
vn 0.6418 -0.1704 -0.7477
vn 0.3923 -0.1669 -0.9046
vn 0.3070 -0.0266 -0.9514
vn 0.1033 -0.9320 -0.3474
vn 0.3329 -0.9391 0.0855
vn -0.4731 -0.6915 0.5459
vn -0.6610 -0.7452 0.0880
vn 0.5212 -0.5142 -0.6811
vn 0.6429 -0.4975 -0.5824
vn 0.5575 -0.4461 -0.7002
vn 0.3833 -0.5404 -0.7491
vn 0.6465 -0.4710 -0.6001
vn 0.6549 -0.3861 -0.6497
vn 0.0822 0.5666 -0.8199
vn 0.3141 0.1110 -0.9429
vn -0.1365 -0.0317 -0.9901
vn -0.2124 0.1513 -0.9654
vn 0.5929 -0.4463 -0.6703
vn 0.5714 -0.4079 -0.7121
vn 0.6219 -0.5665 -0.5407
vn 0.6140 -0.5639 -0.5523
vn 0.4723 -0.4818 -0.7381
vn 0.5741 -0.4316 -0.6957
vn 0.5999 -0.4930 -0.6302
vn 0.7864 -0.4268 -0.4466
vn 0.8223 -0.4586 -0.3370
vn 0.8371 -0.4649 -0.2883
vn 0.7867 -0.4442 -0.4287
vn 0.9026 -0.3963 -0.1683
vn 0.8996 -0.4125 -0.1433
vn 0.9131 -0.3768 -0.1556
vn 0.9271 -0.3553 -0.1192
vn 0.8303 -0.4092 -0.3782
vn 0.8371 -0.4845 -0.2539
vn 0.4524 0.0885 0.8874
vn 0.3377 0.1824 0.9234
vn -0.1579 0.3472 0.9244
vn -0.0619 0.1190 0.9910
vn 0.3213 0.7777 -0.5403
vn -0.5818 0.7397 -0.3381
vn -0.3610 0.9311 0.0517
vn 0.8048 -0.5010 -0.3184
vn 0.9196 -0.3548 -0.1690
vn 0.9140 -0.3728 -0.1600
vn 0.8838 -0.3962 -0.2488
vn 0.8693 -0.4620 -0.1756
vn 0.6229 -0.6693 0.4049
vn 0.8647 -0.4935 -0.0936
vn 0.6964 -0.4635 -0.5480
vn 0.6624 -0.4525 -0.5970
vn 0.6015 -0.5117 -0.6135
vn 0.6784 -0.4866 -0.5504
vn 0.8445 -0.4443 -0.2990
vn 0.6418 -0.5079 -0.5745
vn 0.6481 -0.5506 -0.5261
vn 0.8091 -0.4891 -0.3258
vn -0.6812 0.1912 -0.7067
vn 0.2870 -0.6800 -0.6748
vn -0.3459 -0.8142 -0.4662
vn -0.4923 0.4452 0.7480
vn -0.5131 0.1173 0.8503
vn 0.7332 0.6757 0.0768
vn 0.4969 0.8215 -0.2798
vn -0.1890 0.9214 0.3395
vn 0.1081 0.7526 0.6496
vn 0.7595 0.0409 0.6492
vn 0.5191 0.2595 0.8143
vn -0.9506 0.3061 0.0511
vn -0.8047 0.4390 0.3996
vn 0.8554 0.2441 0.4569
vn 0.7055 -0.4408 -0.5550
vn -0.6468 -0.6170 -0.4483
vn -0.8890 -0.3818 0.2529
vn -0.9369 -0.1537 0.3140
vn -0.9485 -0.2227 -0.2255
vn 0.4012 0.8324 -0.3824
vn -0.2706 0.9403 0.2064
vn -0.3504 -0.1345 -0.9269
vn 0.0904 -0.3883 -0.9171
vn -0.1381 -0.4881 -0.8618
vn -0.6487 -0.1795 -0.7396
vn 0.9199 -0.3919 -0.0131
vn 0.9004 -0.1224 0.4174
vn 0.7007 -0.1140 0.7043
vn 0.8859 -0.4142 0.2088
vn -0.6530 0.4867 0.5802
vn -0.7592 0.1011 0.6430
vn -0.9190 0.0475 0.3915
vn 0.7156 0.3161 -0.6230
vn 0.7618 0.0135 -0.6476
vn 0.5722 0.2633 -0.7767
vn -0.9999 -0.0017 -0.0163
vn 0.9687 0.1441 -0.2019
vn 0.9517 0.0233 0.3062
vn 0.9832 -0.1222 0.1358
vn 0.9779 -0.0787 -0.1935
vn -0.8419 -0.0114 -0.5395
vn -0.8918 0.0771 -0.4458
vn -0.5356 -0.0457 -0.8433
vn 0.8655 -0.4053 -0.2944
vn 0.8625 -0.4479 -0.2354
vn 0.9167 -0.2966 -0.2677
vn 0.8510 -0.2640 -0.4540
vn 0.8884 -0.0136 -0.4588
vn 0.8345 0.2771 -0.4763
vn 0.5411 -0.3654 -0.7574
vn -0.3848 -0.3925 0.8354
vn -0.4902 -0.1328 0.8614
vn -0.7923 -0.1079 0.6006
vn -0.7674 -0.2752 0.5790
vn -0.0748 -0.0927 -0.9929
vn 0.4155 -0.5477 0.7263
vn 0.2037 -0.1939 0.9596
vn 0.7568 -0.5031 -0.4172
vn 0.7036 -0.6918 0.1626
vn 0.7332 -0.4014 -0.5489
vn 0.6875 -0.3570 -0.6324
vn -0.0342 -0.6712 0.7405
vn 0.7570 -0.2344 -0.6100
vn 0.1388 -0.2632 -0.9547
vn 0.9273 -0.3497 -0.1337
vn -0.6181 0.1342 0.7746
vn -0.5784 0.2837 0.7649
vn -0.7673 0.2124 0.6050
vn -0.8125 0.0501 0.5807
vn 0.2690 0.9631 -0.0065
vn 0.3067 0.9504 -0.0529
vn -0.1926 0.9324 -0.3057
vn -0.1782 0.9554 -0.2355
vn -0.6375 -0.0883 0.7654
vn -0.8240 -0.1468 0.5473
vn -0.6661 -0.7401 0.0932
vn -0.8175 -0.4128 0.4016
vn -0.9016 -0.4210 0.0992
vn -0.8234 -0.5659 -0.0424
vn -0.6491 -0.3520 0.6743
vn -0.9482 -0.3087 -0.0742
vn -0.9369 -0.3419 -0.0733
vn -0.9827 -0.1289 -0.1329
vn -0.9610 -0.0814 -0.2644
vn -0.9551 -0.2552 0.1502
vn -0.2426 -0.9007 -0.3603
vn -0.0804 -0.9847 -0.1546
vn -0.4231 -0.7226 -0.5467
vn -0.4853 -0.5951 -0.6406
vn -0.9803 -0.0646 0.1868
vn -0.8074 -0.2763 -0.5213
vn -0.5126 -0.8340 -0.2043
vn -0.7310 -0.6776 0.0810
vn -0.9268 -0.2606 -0.2705
vn -0.4663 -0.0968 -0.8793
vn -0.4742 -0.2219 -0.8520
vn -0.6046 -0.2643 -0.7514
vn -0.6314 -0.0827 -0.7710
vn -0.0537 -0.3818 -0.9227
vn -0.2719 -0.7314 -0.6254
vn -0.4360 -0.4740 -0.7650
vn -0.2867 -0.2975 -0.9106
vn -0.8479 0.3781 -0.3716
vn -0.7919 0.4034 -0.4584
vn -0.8819 0.1236 -0.4550
vn -0.9277 0.1008 -0.3595
vn -0.2764 -0.1589 -0.9478
vn -0.7237 0.6824 0.1026
vn -0.5902 0.7726 -0.2341
vn -0.9163 0.3610 -0.1733
vn -0.2599 -0.0612 -0.9637
vn 0.7286 -0.6673 -0.1543
vn 0.7249 -0.6770 0.1273
vn -0.0126 -0.9935 -0.1133
vn 0.1927 -0.9275 -0.3203
vn 0.4550 0.3061 0.8362
vn 0.3125 0.6119 0.7266
vn 0.0234 0.4609 0.8871
vn 0.0793 0.3277 0.9414
vn 0.4311 -0.6325 0.6435
vn 0.2849 -0.6203 0.7308
vn -0.2966 -0.8464 0.4424
vn -0.2018 -0.9776 0.0590
vn -0.2755 0.5242 0.8058
vn -0.0647 0.8571 0.5111
vn -0.4099 0.8460 0.3410
vn -0.5318 0.4910 0.6901
vn 0.4775 0.0482 -0.8773
vn 0.4403 -0.0936 -0.8930
vn 0.0492 -0.1242 -0.9910
vn 0.0896 -0.0044 -0.9960
vn 0.6086 0.0592 -0.7913
vn 0.6076 -0.0322 -0.7936
vn 0.7420 -0.3826 -0.5505
vn 0.5395 -0.4174 -0.7312
vn 0.6692 0.1073 0.7353
vn 0.6495 0.3055 0.6963
vn 0.5000 0.1387 0.8549
vn 0.3165 -0.4399 -0.8404
vn 0.7616 -0.0495 -0.6461
vn -0.9119 -0.0538 -0.4070
vn 0.6947 0.0695 -0.7160
vn 0.9877 -0.1119 -0.1096
vn -0.8178 0.1267 -0.5614
vn -0.8321 -0.0481 -0.5526
vn 0.0193 -0.8589 -0.5118
vn -0.7559 -0.0561 -0.6523
vn -0.7100 -0.2551 -0.6564
vn 0.6832 -0.0806 0.7257
vn 0.5445 -0.0506 0.8372
vn 0.1190 -0.2898 0.9497
vn -0.3618 -0.3406 0.8678
vn 0.5150 0.6742 0.5293
vn 0.1275 0.9675 0.2184
vn -0.3300 -0.9307 -0.1577
vn -0.5462 -0.7894 0.2800
vn -0.4459 -0.8950 0.0092
vn 0.1956 -0.0158 0.9806
vn -0.3301 -0.9181 0.2195
vn -0.7739 -0.6309 0.0560
vn 0.1511 0.1874 0.9706
vn -0.3203 -0.0268 0.9470
vn 0.3350 0.9261 -0.1737
vn 0.4519 0.6752 -0.5830
vn 0.0060 0.5718 -0.8204
vn -0.1771 0.8677 -0.4645
vn 0.9899 0.1095 0.0895
vn 0.9652 0.0812 0.2485
vn 0.9396 -0.1461 0.3097
vn 0.9671 -0.1391 0.2131
vn 0.9454 0.1106 -0.3067
vn 0.7275 0.0115 -0.6861
vn 0.9427 0.1818 -0.2796
vn 0.5214 0.1103 -0.8461
vn 0.2831 0.1191 -0.9517
vn 0.8727 0.4070 -0.2695
vn 0.7494 0.0522 -0.6601
vn 0.8268 0.5585 0.0665
vn 0.7502 -0.6458 0.1417
vn 0.6385 -0.7263 0.2547
vn -0.1289 -0.9895 -0.0650
vn -0.0314 -0.9835 -0.1782
vn -0.4723 0.7163 -0.5137
vn -0.4385 0.6310 -0.6400
vn -0.6113 0.3030 -0.7311
vn -0.6841 0.3686 -0.6294
vn 0.7856 0.3139 0.5332
vn 0.6321 0.6805 0.3706
vn -0.4819 0.7611 -0.4342
vn -0.7326 0.4020 -0.5493
vn 0.4447 0.0220 -0.8954
vn 0.1187 0.0364 -0.9923
vn 0.0112 0.1480 -0.9889
vn -0.2554 0.4205 -0.8706
vn -0.4536 0.2093 -0.8663
vn -0.2428 0.0975 -0.9652
vn -0.2237 -0.9690 0.1045
vn -0.3700 -0.9283 -0.0366
vn -0.1886 -0.9665 0.1743
vn -0.7786 0.4316 0.4555
vn -0.9452 0.2740 0.1774
vn -0.3330 0.3256 0.8849
vn -0.3242 0.1919 0.9263
vn -0.2523 0.0141 -0.9676
vn 0.9588 0.2813 0.0406
vn -0.4871 0.0129 -0.8732
vn 0.9027 0.0817 0.4224
vn 0.9385 0.3040 0.1635
vn 0.8909 0.3126 0.3296
vn 0.2002 0.9756 0.0898
vn 0.5714 -0.0339 -0.8200
vn -0.9721 0.0684 -0.2245
vn -0.9764 0.1212 0.1787
vn -0.2355 0.9714 -0.0303
vn 0.7363 0.6447 0.2056
vn 0.8888 -0.1344 0.4381
vn 0.7992 0.0917 0.5940
vn 0.7956 -0.1096 0.5959
vn -0.2224 -0.9583 -0.1795
vn -0.2759 -0.9511 -0.1390
vn -0.3564 -0.9343 0.0005
vn 0.5058 -0.6876 0.5210
vn -0.1836 0.9708 -0.1545
vn -0.5190 0.7792 -0.3514
vn -0.7533 0.1023 -0.6496
vn -0.6471 0.0548 -0.7604
vn 0.7926 0.5988 0.1150
vn 0.8125 0.0501 0.5807
vn 0.7673 0.2124 0.6050
vn 0.5784 0.2837 0.7649
vn 0.6181 0.1342 0.7746
vn 0.1782 0.9554 -0.2355
vn 0.1926 0.9324 -0.3057
vn -0.3067 0.9504 -0.0529
vn -0.2690 0.9631 -0.0065
vn 0.8240 -0.1468 0.5473
vn 0.6375 -0.0883 0.7654
vn 0.8234 -0.5659 -0.0424
vn 0.9016 -0.4210 0.0992
vn 0.8175 -0.4128 0.4016
vn 0.6661 -0.7401 0.0932
vn 0.6491 -0.3520 0.6743
vn 0.9610 -0.0814 -0.2644
vn 0.9827 -0.1289 -0.1329
vn 0.9369 -0.3419 -0.0733
vn 0.9482 -0.3087 -0.0742
vn 0.9551 -0.2552 0.1502
vn 0.4853 -0.5951 -0.6406
vn 0.4231 -0.7226 -0.5467
vn 0.0804 -0.9847 -0.1546
vn 0.2426 -0.9007 -0.3603
vn 0.9803 -0.0646 0.1868
vn 0.9268 -0.2606 -0.2705
vn 0.7310 -0.6776 0.0810
vn 0.5126 -0.8340 -0.2043
vn 0.8074 -0.2763 -0.5213
vn 0.6314 -0.0827 -0.7710
vn 0.6046 -0.2643 -0.7514
vn 0.4742 -0.2219 -0.8520
vn 0.4663 -0.0968 -0.8793
vn 0.2867 -0.2975 -0.9106
vn 0.4360 -0.4740 -0.7650
vn 0.2719 -0.7314 -0.6254
vn 0.0537 -0.3818 -0.9227
vn 0.9277 0.1008 -0.3595
vn 0.8819 0.1236 -0.4550
vn 0.7919 0.4034 -0.4584
vn 0.8479 0.3781 -0.3716
vn 0.2764 -0.1589 -0.9478
vn 0.9163 0.3610 -0.1733
vn 0.5902 0.7726 -0.2341
vn 0.7237 0.6824 0.1026
vn 0.2599 -0.0612 -0.9637
vn -0.1927 -0.9275 -0.3203
vn 0.0126 -0.9935 -0.1133
vn -0.7249 -0.6770 0.1273
vn -0.7286 -0.6673 -0.1543
vn -0.0793 0.3277 0.9414
vn -0.0234 0.4609 0.8871
vn -0.3125 0.6119 0.7266
vn -0.4550 0.3061 0.8362
vn 0.2018 -0.9776 0.0590
vn 0.2966 -0.8464 0.4424
vn -0.2849 -0.6203 0.7308
vn -0.4311 -0.6325 0.6435
vn 0.5318 0.4910 0.6901
vn 0.4099 0.8460 0.3410
vn 0.0647 0.8571 0.5111
vn 0.2755 0.5242 0.8058
vn -0.0896 -0.0044 -0.9960
vn -0.0492 -0.1242 -0.9910
vn -0.4403 -0.0936 -0.8930
vn -0.4775 0.0482 -0.8773
vn -0.6076 -0.0322 -0.7936
vn -0.6086 0.0592 -0.7913
vn -0.5395 -0.4174 -0.7312
vn -0.7420 -0.3826 -0.5505
vn -0.5000 0.1387 0.8549
vn -0.6495 0.3055 0.6963
vn -0.6692 0.1073 0.7353
vn -0.3165 -0.4399 -0.8404
vn -0.7616 -0.0495 -0.6461
vn 0.9119 -0.0538 -0.4070
vn -0.6947 0.0695 -0.7160
vn -0.9877 -0.1119 -0.1096
vn 0.8321 -0.0481 -0.5526
vn 0.8178 0.1267 -0.5614
vn -0.0193 -0.8589 -0.5118
vn 0.7100 -0.2551 -0.6564
vn 0.7559 -0.0561 -0.6523
vn -0.5445 -0.0506 0.8372
vn -0.6832 -0.0806 0.7257
vn 0.3618 -0.3406 0.8678
vn -0.1190 -0.2898 0.9497
vn -0.1275 0.9675 0.2184
vn -0.5150 0.6742 0.5293
vn 0.4459 -0.8950 0.0092
vn 0.5462 -0.7894 0.2800
vn 0.3300 -0.9307 -0.1577
vn -0.1956 -0.0158 0.9806
vn 0.7739 -0.6309 0.0560
vn 0.3301 -0.9181 0.2195
vn -0.1511 0.1874 0.9706
vn 0.3203 -0.0268 0.9470
vn 0.1771 0.8677 -0.4645
vn -0.0060 0.5718 -0.8204
vn -0.4519 0.6752 -0.5830
vn -0.3350 0.9261 -0.1737
vn -0.9671 -0.1391 0.2131
vn -0.9396 -0.1461 0.3097
vn -0.9652 0.0812 0.2485
vn -0.9899 0.1095 0.0895
vn -0.9427 0.1818 -0.2796
vn -0.7275 0.0115 -0.6861
vn -0.9454 0.1106 -0.3067
vn -0.2831 0.1191 -0.9517
vn -0.5214 0.1103 -0.8461
vn -0.7494 0.0522 -0.6601
vn -0.8727 0.4070 -0.2695
vn -0.8268 0.5585 0.0665
vn 0.0314 -0.9835 -0.1782
vn 0.1289 -0.9895 -0.0650
vn -0.6385 -0.7263 0.2547
vn -0.7502 -0.6458 0.1417
vn 0.6841 0.3686 -0.6294
vn 0.6113 0.3030 -0.7311
vn 0.4385 0.6310 -0.6400
vn 0.4723 0.7163 -0.5137
vn -0.6321 0.6805 0.3706
vn -0.7856 0.3139 0.5332
vn 0.7326 0.4020 -0.5493
vn 0.4819 0.7611 -0.4342
vn -0.0112 0.1480 -0.9889
vn -0.1187 0.0364 -0.9923
vn -0.4447 0.0220 -0.8954
vn 0.4536 0.2093 -0.8663
vn 0.2554 0.4205 -0.8706
vn 0.2428 0.0975 -0.9652
vn 0.3700 -0.9283 -0.0366
vn 0.2237 -0.9690 0.1045
vn 0.1886 -0.9665 0.1743
vn 0.9452 0.2740 0.1774
vn 0.7786 0.4316 0.4555
vn 0.3330 0.3256 0.8849
vn 0.3242 0.1919 0.9263
vn 0.2523 0.0141 -0.9676
vn -0.9588 0.2813 0.0406
vn 0.4871 0.0129 -0.8732
vn -0.8909 0.3126 0.3296
vn -0.9385 0.3040 0.1635
vn -0.9027 0.0817 0.4224
vn -0.2002 0.9756 0.0898
vn -0.5714 -0.0339 -0.8200
vn 0.9764 0.1212 0.1787
vn 0.9721 0.0684 -0.2245
vn 0.2355 0.9714 -0.0303
vn -0.7363 0.6447 0.2056
vn -0.7956 -0.1096 0.5959
vn -0.7992 0.0917 0.5940
vn -0.8888 -0.1344 0.4381
vn 0.2759 -0.9511 -0.1390
vn 0.2224 -0.9583 -0.1795
vn 0.3564 -0.9343 0.0005
vn -0.5058 -0.6876 0.5210
vn 0.5190 0.7792 -0.3514
vn 0.1836 0.9708 -0.1545
vn 0.7533 0.1023 -0.6496
vn 0.6471 0.0548 -0.7604
vn -0.7926 0.5988 0.1150
vn -0.6937 0.0322 0.7196
vn -0.6559 0.1206 0.7452
vn -0.8080 0.1047 0.5798
vn -0.7584 0.0222 0.6514
vn -0.7553 -0.1579 0.6360
vn -0.7300 -0.1800 0.6594
vn -0.4095 -0.9117 0.0336
vn -0.7039 -0.6001 0.3800
vn -0.6897 -0.5670 0.4503
vn -0.6145 -0.7663 0.1874
vn -0.7645 -0.4994 0.4076
vn -0.8506 -0.2099 0.4820
vn -0.9005 0.0344 0.4335
vn -0.9575 -0.2830 0.0561
vn -0.6544 0.0539 -0.7542
vn -0.6260 -0.1804 -0.7587
vn -0.6961 -0.2242 -0.6821
vn -0.7316 0.0636 -0.6787
vn 0.3233 -0.5543 -0.7670
vn 0.1022 -0.8801 -0.4636
vn -0.2571 -0.6774 -0.6892
vn 0.0397 -0.5258 -0.8497
vn -0.3889 -0.7337 -0.5572
vn -0.1801 -0.1651 -0.9697
vn -0.9411 0.0886 -0.3263
vn -0.9549 -0.2501 -0.1600
vn -0.9672 -0.2541 0.0007
vn -0.9789 0.0566 -0.1963
vn 0.6139 0.7441 0.2636
vn 0.6620 0.7068 0.2494
vn 0.1323 0.9902 0.0441
vn 0.0991 0.9937 0.0518
vn -0.2589 0.0406 -0.9651
vn 0.5745 0.1415 0.8062
vn 0.5618 0.4125 0.7171
vn 0.2078 0.2177 0.9536
vn 0.2370 0.1303 0.9627
vn 0.5078 -0.6347 0.5825
vn 0.3630 -0.4759 0.8011
vn -0.1261 -0.9049 0.4065
vn -0.0327 -0.9977 0.0591
vn -0.1904 0.3834 0.9037
vn 0.1970 0.7712 0.6054
vn -0.3153 0.8536 0.4147
vn -0.5970 0.3614 0.7162
vn 0.6399 0.0032 -0.7685
vn 0.5308 -0.1624 -0.8318
vn 0.3890 -0.1548 -0.9081
vn 0.3022 0.0006 -0.9532
vn 0.7221 0.0447 -0.6904
vn 0.6596 -0.0910 -0.7461
vn 0.0363 -0.9746 -0.2209
vn 0.8833 -0.3184 -0.3440
vn 0.8382 -0.5440 0.0394
vn 0.3957 -0.8978 -0.1933
vn 0.5930 -0.4987 -0.6322
vn 0.6647 0.1444 0.7330
vn 0.7441 0.1788 0.6437
vn 0.4643 0.1497 0.8729
vn 0.3418 -0.5026 -0.7941
vn 0.9069 -0.0479 -0.4185
vn 0.7761 -0.6144 0.1422
vn 0.2395 -0.9698 -0.0451
vn 0.8506 0.0978 -0.5167
vn 0.9951 -0.0621 0.0775
vn 0.1435 -0.8980 -0.4160
vn 0.6718 -0.0323 0.7400
vn 0.4575 0.0162 0.8890
vn 0.0273 -0.2197 0.9752
vn -0.4468 -0.4527 0.7717
vn 0.7831 0.4129 0.4651
vn 0.5081 0.8243 0.2498
vn -0.2960 -0.9446 -0.1420
vn -0.4878 -0.8729 0.0025
vn -0.2382 -0.9595 0.1505
vn 0.0482 0.0142 0.9987
vn 0.1379 0.1271 0.9823
vn -0.4677 -0.0858 0.8797
vn 0.8920 0.1619 -0.4220
vn 0.8146 0.0392 -0.5786
vn 0.6569 0.0298 -0.7534
vn 0.6593 0.2495 -0.7093
vn -0.5645 -0.7556 0.3323
vn 0.8058 0.5825 -0.1066
vn 0.4359 0.8336 -0.3392
vn 0.9469 -0.0756 0.3126
vn 0.9236 -0.1160 0.3653
vn 0.6856 -0.7196 0.1102
vn 0.9911 0.1244 -0.0473
vn 0.8683 0.1242 -0.4802
vn 0.9760 0.2061 -0.0702
vn 0.9686 0.2377 0.0732
vn 0.9334 0.1002 -0.3447
vn 0.9104 0.3114 0.2725
vn -0.5182 0.8027 -0.2952
vn -0.7816 0.3660 -0.5051
vn -0.7777 0.4111 -0.4756
vn -0.4722 0.8298 -0.2973
vn 0.8161 0.2135 0.5370
vn 0.8150 0.4046 0.4148
vn -0.9994 0.0348 -0.0010
vn 0.3049 0.0251 -0.9521
vn 0.1338 0.2666 -0.9545
vn -0.5078 0.8082 -0.2983
vn -0.1430 0.7256 -0.6730
vn -0.6693 0.2743 -0.6906
vn -0.7994 0.3155 -0.5113
vn -0.2830 0.0998 -0.9539
vn -0.3268 0.1389 0.9348
vn -0.3574 0.0788 0.9306
vn -0.2787 0.0758 -0.9574
vn 0.9449 0.2210 0.2414
vn -0.6773 0.1438 -0.7216
vn -0.9610 0.1770 0.2125
vn -0.9540 0.2685 -0.1331
vn -0.9829 0.1693 -0.0731
vn -0.9364 0.1352 0.3239
vn -0.8868 0.2451 0.3919
vn -0.8781 0.3428 -0.3339
vn -0.8182 0.4062 -0.4068
vn -0.8922 0.2354 -0.3854
vn -0.9411 0.2023 -0.2711
vn -0.8690 0.0957 -0.4854
vn -0.8585 -0.2088 -0.4683
vn -0.0171 -0.9841 0.1769
vn -0.0976 -0.9735 0.2067
vn -0.5231 -0.8471 0.0943
vn -0.5084 -0.8355 -0.2086
vn -0.8354 0.2389 -0.4950
vn -0.7953 0.2252 -0.5628
vn -0.8027 0.0872 -0.5900
vn 0.9512 0.1368 0.2767
vn 0.9198 0.1378 0.3675
vn 0.9187 0.2207 0.3277
vn 0.8685 0.3737 0.3257
vn 0.8657 0.1394 0.4807
vn 0.8486 -0.1525 0.5066
vn 0.8745 0.2249 0.4297
vn 0.8313 0.3988 0.3872
vn 0.7746 0.1393 0.6169
vn -0.4901 0.8254 -0.2804
vn 0.1036 0.9944 0.0230
vn 0.0978 0.9952 -0.0015
vn 0.0266 0.9991 0.0333
vn -0.5590 0.7925 -0.2440
vn 0.5747 0.7762 0.2594
vn 0.0123 -0.9976 0.0681
vn -0.4487 -0.8403 -0.3044
vn -0.2464 -0.9682 0.0440
vn -0.3097 -0.9504 0.0272
vn 0.0520 -0.9972 -0.0546
vn -0.1124 -0.9912 0.0702
vn 0.0729 -0.9957 -0.0573
vn -0.7632 0.6436 0.0569
vn 0.4859 -0.8270 0.2828
vn 0.3790 -0.7978 0.4690
vn -0.1014 -0.9928 -0.0641
vn 0.5597 0.7966 0.2282
vn 0.1705 -0.9691 -0.1780
vn 0.7621 -0.1009 0.6396
vn -0.7885 -0.2314 -0.5699
vn -0.7651 0.1919 -0.6146
vn 0.7584 0.0222 0.6514
vn 0.8080 0.1047 0.5798
vn 0.6559 0.1206 0.7452
vn 0.6937 0.0322 0.7196
vn 0.7300 -0.1800 0.6594
vn 0.7553 -0.1579 0.6360
vn 0.6145 -0.7663 0.1874
vn 0.6897 -0.5670 0.4503
vn 0.7039 -0.6001 0.3800
vn 0.4095 -0.9117 0.0336
vn 0.7645 -0.4994 0.4076
vn 0.8506 -0.2099 0.4820
vn 0.9005 0.0344 0.4335
vn 0.9575 -0.2830 0.0561
vn 0.7316 0.0636 -0.6787
vn 0.6961 -0.2242 -0.6821
vn 0.6260 -0.1804 -0.7587
vn 0.6544 0.0539 -0.7542
vn -0.0397 -0.5258 -0.8497
vn 0.2571 -0.6774 -0.6892
vn -0.1022 -0.8801 -0.4636
vn -0.3233 -0.5543 -0.7670
vn 0.3889 -0.7337 -0.5572
vn 0.1801 -0.1651 -0.9697
vn 0.9789 0.0566 -0.1963
vn 0.9672 -0.2541 0.0007
vn 0.9549 -0.2501 -0.1600
vn 0.9411 0.0886 -0.3263
vn -0.0991 0.9937 0.0518
vn -0.1323 0.9902 0.0441
vn -0.6620 0.7068 0.2494
vn -0.6139 0.7441 0.2636
vn 0.2589 0.0406 -0.9651
vn -0.2370 0.1303 0.9627
vn -0.2078 0.2177 0.9536
vn -0.5618 0.4125 0.7171
vn -0.5745 0.1415 0.8062
vn 0.0327 -0.9977 0.0591
vn 0.1261 -0.9049 0.4065
vn -0.3630 -0.4759 0.8011
vn -0.5078 -0.6347 0.5825
vn 0.5970 0.3614 0.7162
vn 0.3153 0.8536 0.4147
vn -0.1970 0.7712 0.6054
vn 0.1904 0.3834 0.9037
vn -0.3022 0.0006 -0.9532
vn -0.3890 -0.1548 -0.9081
vn -0.5308 -0.1624 -0.8318
vn -0.6399 0.0032 -0.7685
vn -0.6596 -0.0910 -0.7461
vn -0.7221 0.0447 -0.6904
vn -0.0363 -0.9746 -0.2209
vn -0.5930 -0.4987 -0.6322
vn -0.3957 -0.8978 -0.1933
vn -0.8382 -0.5440 0.0394
vn -0.8833 -0.3184 -0.3440
vn -0.4643 0.1497 0.8729
vn -0.7441 0.1788 0.6437
vn -0.6647 0.1444 0.7330
vn -0.3418 -0.5026 -0.7941
vn -0.9069 -0.0479 -0.4185
vn -0.2395 -0.9698 -0.0451
vn -0.7761 -0.6144 0.1422
vn -0.8506 0.0978 -0.5167
vn -0.9951 -0.0621 0.0775
vn -0.1435 -0.8980 -0.4160
vn -0.4575 0.0162 0.8890
vn -0.6718 -0.0323 0.7400
vn 0.4468 -0.4527 0.7717
vn -0.0273 -0.2197 0.9752
vn -0.5081 0.8243 0.2498
vn -0.7831 0.4129 0.4651
vn 0.2382 -0.9595 0.1505
vn 0.4878 -0.8729 0.0025
vn 0.2960 -0.9446 -0.1420
vn -0.0482 0.0142 0.9987
vn -0.1379 0.1271 0.9823
vn 0.4677 -0.0858 0.8797
vn -0.6593 0.2495 -0.7093
vn -0.6569 0.0298 -0.7534
vn -0.8146 0.0392 -0.5786
vn -0.8920 0.1619 -0.4220
vn 0.5645 -0.7556 0.3323
vn -0.4359 0.8336 -0.3392
vn -0.8058 0.5825 -0.1066
vn -0.6856 -0.7196 0.1102
vn -0.9236 -0.1160 0.3653
vn -0.9469 -0.0756 0.3126
vn -0.9760 0.2061 -0.0702
vn -0.8683 0.1242 -0.4802
vn -0.9911 0.1244 -0.0473
vn -0.9334 0.1002 -0.3447
vn -0.9686 0.2377 0.0732
vn -0.9104 0.3114 0.2725
vn 0.4723 0.8298 -0.2973
vn 0.7777 0.4111 -0.4756
vn 0.7816 0.3660 -0.5051
vn 0.5182 0.8027 -0.2952
vn -0.8150 0.4046 0.4148
vn -0.8161 0.2135 0.5370
vn 0.9994 0.0348 -0.0010
vn -0.1338 0.2666 -0.9545
vn -0.3049 0.0251 -0.9521
vn 0.7994 0.3155 -0.5113
vn 0.6693 0.2743 -0.6906
vn 0.1430 0.7256 -0.6730
vn 0.5078 0.8082 -0.2983
vn 0.2830 0.0998 -0.9539
vn 0.3268 0.1389 0.9348
vn 0.3574 0.0788 0.9306
vn 0.2787 0.0758 -0.9574
vn -0.9449 0.2210 0.2414
vn 0.6773 0.1438 -0.7216
vn 0.9364 0.1352 0.3239
vn 0.9829 0.1693 -0.0731
vn 0.9540 0.2685 -0.1331
vn 0.9610 0.1770 0.2125
vn 0.8868 0.2452 0.3919
vn 0.9411 0.2023 -0.2711
vn 0.8922 0.2354 -0.3854
vn 0.8182 0.4062 -0.4068
vn 0.8781 0.3428 -0.3339
vn 0.8585 -0.2088 -0.4683
vn 0.8690 0.0957 -0.4854
vn 0.5084 -0.8355 -0.2086
vn 0.5231 -0.8471 0.0943
vn 0.0976 -0.9735 0.2067
vn 0.0171 -0.9841 0.1769
vn 0.8354 0.2389 -0.4950
vn 0.8027 0.0872 -0.5900
vn 0.7953 0.2252 -0.5628
vn -0.9198 0.1378 0.3675
vn -0.9512 0.1368 0.2767
vn -0.8685 0.3737 0.3257
vn -0.9187 0.2207 0.3277
vn -0.8486 -0.1525 0.5066
vn -0.8657 0.1394 0.4807
vn -0.8745 0.2249 0.4297
vn -0.8313 0.3988 0.3872
vn -0.7746 0.1393 0.6169
vn 0.4901 0.8254 -0.2804
vn -0.0978 0.9952 -0.0015
vn -0.1036 0.9944 0.0230
vn 0.5590 0.7925 -0.2440
vn -0.0266 0.9991 0.0333
vn -0.5747 0.7762 0.2594
vn 0.4487 -0.8402 -0.3044
vn -0.0123 -0.9976 0.0681
vn 0.3097 -0.9504 0.0272
vn 0.2464 -0.9682 0.0440
vn 0.1124 -0.9912 0.0702
vn -0.0520 -0.9972 -0.0546
vn -0.0729 -0.9957 -0.0573
vn 0.7632 0.6436 0.0569
vn 0.1014 -0.9928 -0.0641
vn -0.3790 -0.7978 0.4690
vn -0.4859 -0.8270 0.2828
vn -0.5597 0.7966 0.2282
vn -0.1705 -0.9691 -0.1780
vn -0.7621 -0.1009 0.6396
vn 0.7885 -0.2314 -0.5699
vn 0.7651 0.1919 -0.6146
vn -0.2052 0.1429 0.9682
vn -0.1208 0.1404 0.9827
vn -0.5486 0.1518 0.8222
vn -0.5293 0.1275 0.8388
vn -0.3027 0.0520 0.9517
vn -0.4954 0.0320 0.8681
vn -0.4209 -0.7386 0.5267
vn -0.4779 -0.2922 0.8284
vn -0.6377 -0.2035 0.7429
vn -0.7655 -0.4218 0.4859
vn -0.2878 -0.2732 0.9179
vn -0.7344 0.0678 0.6754
vn -0.8078 0.1843 0.5599
vn -0.9511 0.0633 0.3024
vn -0.6918 0.1994 -0.6940
vn -0.6910 -0.0411 -0.7217
vn -0.8852 -0.0402 -0.4635
vn -0.8641 0.2179 -0.4538
vn -0.1419 -0.3088 -0.9405
vn -0.2079 -0.7804 -0.5897
vn -0.5677 -0.3324 -0.7531
vn -0.3399 -0.2457 -0.9078
vn -0.8085 -0.4021 -0.4297
vn -0.4010 -0.0454 -0.9149
vn -0.9645 0.2638 0.0095
vn -0.9488 0.2439 -0.2009
vn -0.9619 -0.0969 -0.2557
vn -0.9996 0.0027 0.0281
vn 0.6588 0.7076 0.2555
vn 0.5601 0.7339 0.3844
vn 0.2159 0.9526 0.2143
vn 0.3301 0.9312 0.1545
vn -0.4254 0.1742 -0.8881
vn -0.1030 0.1804 -0.9782
vn -0.1398 -0.0419 -0.9893
vn 0.9323 -0.2122 0.2928
vn 0.7724 -0.0675 0.6316
vn 0.3717 -0.5583 0.7417
vn 0.4728 -0.8483 0.2385
vn 0.3304 0.2848 0.8999
vn 0.5959 0.5766 0.5589
vn 0.1668 0.7952 0.5829
vn -0.0522 0.3434 0.9378
vn 0.1619 0.2325 -0.9590
vn 0.1335 0.0134 -0.9910
vn 0.2752 0.2656 -0.9240
vn 0.4912 0.0813 -0.8672
vn -0.3608 -0.9169 -0.1704
vn 0.5116 0.2994 0.8054
vn 0.7804 0.3452 0.5213
vn 0.7644 0.3907 0.5129
vn 0.5253 0.2520 0.8128
vn 0.9621 -0.0501 -0.2679
vn 0.9993 -0.0311 -0.0225
vn 0.7774 -0.5476 -0.3094
vn 0.7069 -0.2191 -0.6725
vn 0.7939 0.2572 0.5510
vn 0.9226 0.1865 0.3375
vn 0.8530 0.3466 0.3903
vn 0.1764 -0.3234 -0.9297
vn 0.8859 0.1002 -0.4529
vn 0.9924 -0.1148 -0.0452
vn 0.6952 -0.7187 -0.0084
vn 0.7010 0.2881 -0.6524
vn 0.9981 0.0612 0.0066
vn 0.2042 -0.8422 -0.4990
vn 0.9612 0.0237 0.2748
vn 0.8181 0.0891 0.5681
vn 0.5900 0.0206 0.8072
vn 0.2239 -0.1399 0.9645
vn 0.8242 0.4475 0.3471
vn 0.7216 0.6529 0.2301
vn -0.0331 -0.9991 0.0266
vn -0.1985 -0.7826 0.5900
vn -0.2266 -0.9651 0.1316
vn 0.5415 0.1190 0.8323
vn 0.4961 0.2563 0.8296
vn 0.1104 0.1045 0.9884
vn 0.5604 0.2812 -0.7790
vn 0.3131 0.2040 -0.9276
vn 0.3151 0.1440 -0.9381
vn 0.4382 0.2101 -0.8740
vn -0.8227 -0.5503 0.1428
vn 0.6517 0.7296 -0.2074
vn 0.3866 0.8442 -0.3713
vn 0.9740 0.0139 0.2261
vn 0.9023 -0.3383 0.2673
vn 0.9972 0.0488 -0.0565
vn 0.9651 0.2479 -0.0845
vn 0.6630 0.3448 -0.6645
vn 0.9299 0.3658 -0.0381
vn 0.8874 0.4611 0.0055
vn 0.7525 0.2972 -0.5877
vn 0.7969 0.4795 0.3674
vn -0.3635 0.9028 -0.2298
vn -0.4532 0.8873 -0.0861
vn -0.8791 0.3870 -0.2783
vn -0.8642 0.3974 -0.3087
vn 0.8440 0.3622 0.3956
vn 0.8124 0.5051 0.2914
vn -0.9403 0.2427 0.2385
vn 0.0466 0.1198 -0.9917
vn 0.1157 0.2202 -0.9686
vn -0.4728 0.8789 -0.0639
vn -0.1707 0.7642 -0.6220
vn -0.6675 0.3227 -0.6711
vn -0.8891 0.3593 -0.2836
vn -0.4295 0.1122 -0.8961
vn 0.1353 0.1908 0.9723
vn 0.0825 0.2215 0.9717
vn -0.4532 0.1836 -0.8723
vn 0.8940 0.4043 0.1929
vn -0.7414 0.2573 -0.6197
vn -0.9122 0.2134 0.3499
vn -0.9516 0.3042 0.0442
vn -0.9585 0.2603 0.1166
vn -0.8737 0.2038 0.4417
vn -0.6402 0.3501 0.6838
vn -0.9255 0.3391 -0.1689
vn -0.8947 0.3749 -0.2427
vn -0.9248 0.3307 -0.1882
vn -0.9509 0.3014 -0.0703
vn -0.9297 0.2211 -0.2946
vn -0.9418 -0.1459 -0.3029
vn -0.2834 -0.9587 0.0230
vn -0.2007 -0.9493 -0.2421
vn -0.7597 -0.6006 -0.2492
vn -0.7809 -0.6017 -0.1677
vn -0.8981 0.3366 -0.2832
vn -0.8868 0.3368 -0.3165
vn -0.9252 0.2184 -0.3104
vn 0.9538 0.2505 0.1661
vn 0.9695 0.2416 0.0412
vn 0.8734 0.4638 0.1486
vn 0.8125 0.5366 0.2280
vn 0.8506 0.1838 0.4927
vn 0.8402 -0.0057 0.5423
vn 0.8507 0.4370 0.2920
vn 0.8260 0.5453 0.1428
vn 0.9027 0.1289 0.4106
vn -0.3871 0.8964 -0.2159
vn 0.4143 0.9101 0.0032
vn 0.4019 0.9156 -0.0100
vn 0.3932 0.9122 0.1150
vn -0.4341 0.8951 -0.1017
vn 0.6919 0.7171 0.0839
vn -0.3836 -0.8965 0.2217
vn -0.8562 -0.5166 0.0032
vn 0.3905 -0.9206 -0.0043
vn -0.0001 -0.9841 -0.1779
vn -0.0880 -0.9777 0.1905
vn -0.1527 -0.9877 0.0332
vn 0.1105 -0.9894 0.0945
vn -0.5481 0.7878 0.2812
vn 0.7980 -0.4136 0.4384
vn 0.9271 -0.3104 0.2099
vn 0.2254 -0.9597 0.1680
vn 0.7007 0.6952 0.1604
vn 0.3324 -0.9341 0.1305
vn 0.9460 -0.0106 0.3241
vn -0.9642 -0.0890 -0.2497
vn -0.8617 0.3127 -0.3995
vn 0.5293 0.1275 0.8388
vn 0.5486 0.1518 0.8222
vn 0.1208 0.1404 0.9827
vn 0.2052 0.1429 0.9682
vn 0.4954 0.0320 0.8681
vn 0.3027 0.0520 0.9517
vn 0.7655 -0.4218 0.4859
vn 0.6377 -0.2035 0.7429
vn 0.4779 -0.2922 0.8284
vn 0.4209 -0.7386 0.5267
vn 0.2878 -0.2732 0.9179
vn 0.7344 0.0678 0.6754
vn 0.8078 0.1843 0.5599
vn 0.9511 0.0633 0.3024
vn 0.8641 0.2179 -0.4538
vn 0.8852 -0.0402 -0.4635
vn 0.6910 -0.0411 -0.7217
vn 0.6918 0.1994 -0.6940
vn 0.3399 -0.2457 -0.9078
vn 0.5677 -0.3324 -0.7531
vn 0.2079 -0.7805 -0.5897
vn 0.1419 -0.3088 -0.9405
vn 0.8085 -0.4021 -0.4297
vn 0.4010 -0.0454 -0.9149
vn 0.9996 0.0027 0.0281
vn 0.9619 -0.0969 -0.2557
vn 0.9488 0.2439 -0.2009
vn 0.9645 0.2638 0.0095
vn -0.3301 0.9312 0.1545
vn -0.2159 0.9526 0.2143
vn -0.5601 0.7339 0.3844
vn -0.6588 0.7076 0.2555
vn 0.4254 0.1742 -0.8881
vn 0.1398 -0.0419 -0.9893
vn 0.1030 0.1804 -0.9782
vn -0.4728 -0.8483 0.2385
vn -0.3717 -0.5583 0.7417
vn -0.7724 -0.0675 0.6316
vn -0.9323 -0.2122 0.2928
vn 0.0522 0.3434 0.9378
vn -0.1669 0.7952 0.5829
vn -0.5959 0.5766 0.5589
vn -0.3304 0.2848 0.8999
vn -0.1335 0.0134 -0.9910
vn -0.1619 0.2325 -0.9590
vn -0.4912 0.0813 -0.8672
vn -0.2752 0.2656 -0.9240
vn 0.3608 -0.9169 -0.1704
vn -0.5253 0.2520 0.8128
vn -0.7644 0.3907 0.5129
vn -0.7804 0.3452 0.5213
vn -0.5116 0.2994 0.8054
vn -0.7069 -0.2191 -0.6725
vn -0.7774 -0.5476 -0.3094
vn -0.9993 -0.0311 -0.0225
vn -0.9621 -0.0501 -0.2679
vn -0.8530 0.3466 0.3903
vn -0.9226 0.1865 0.3375
vn -0.7939 0.2572 0.5510
vn -0.1764 -0.3234 -0.9297
vn -0.8859 0.1002 -0.4529
vn -0.6952 -0.7187 -0.0084
vn -0.9924 -0.1148 -0.0452
vn -0.7010 0.2881 -0.6524
vn -0.9981 0.0612 0.0066
vn -0.2042 -0.8422 -0.4990
vn -0.8181 0.0891 0.5681
vn -0.9612 0.0237 0.2748
vn -0.2239 -0.1399 0.9645
vn -0.5900 0.0206 0.8072
vn -0.7216 0.6529 0.2301
vn -0.8242 0.4475 0.3471
vn 0.2266 -0.9651 0.1316
vn 0.1985 -0.7826 0.5900
vn 0.0331 -0.9991 0.0266
vn -0.5415 0.1190 0.8323
vn -0.4961 0.2563 0.8296
vn -0.1104 0.1045 0.9884
vn -0.4382 0.2101 -0.8740
vn -0.3151 0.1440 -0.9381
vn -0.3131 0.2040 -0.9276
vn -0.5604 0.2812 -0.7790
vn 0.8227 -0.5503 0.1428
vn -0.3866 0.8442 -0.3713
vn -0.6517 0.7296 -0.2074
vn -0.9972 0.0488 -0.0565
vn -0.9023 -0.3383 0.2673
vn -0.9740 0.0139 0.2261
vn -0.9299 0.3658 -0.0381
vn -0.6630 0.3448 -0.6645
vn -0.9651 0.2479 -0.0845
vn -0.7525 0.2972 -0.5877
vn -0.8874 0.4611 0.0055
vn -0.7969 0.4795 0.3674
vn 0.8642 0.3974 -0.3087
vn 0.8791 0.3870 -0.2783
vn 0.4532 0.8873 -0.0861
vn 0.3635 0.9028 -0.2298
vn -0.8124 0.5051 0.2914
vn -0.8440 0.3622 0.3956
vn 0.9403 0.2427 0.2385
vn -0.1157 0.2202 -0.9686
vn -0.0466 0.1198 -0.9917
vn 0.8891 0.3593 -0.2836
vn 0.6675 0.3227 -0.6711
vn 0.1707 0.7642 -0.6220
vn 0.4728 0.8789 -0.0639
vn 0.4295 0.1122 -0.8961
vn -0.1353 0.1908 0.9723
vn -0.0825 0.2215 0.9717
vn 0.4532 0.1836 -0.8723
vn -0.8940 0.4043 0.1929
vn 0.7414 0.2573 -0.6197
vn 0.8737 0.2038 0.4417
vn 0.9585 0.2603 0.1166
vn 0.9516 0.3042 0.0442
vn 0.9122 0.2134 0.3499
vn 0.6402 0.3501 0.6838
vn 0.9509 0.3014 -0.0703
vn 0.9248 0.3307 -0.1882
vn 0.8947 0.3749 -0.2427
vn 0.9255 0.3391 -0.1689
vn 0.9418 -0.1459 -0.3029
vn 0.9297 0.2211 -0.2946
vn 0.7809 -0.6017 -0.1677
vn 0.7597 -0.6006 -0.2492
vn 0.2007 -0.9493 -0.2421
vn 0.2834 -0.9587 0.0230
vn 0.8981 0.3366 -0.2832
vn 0.9252 0.2184 -0.3104
vn 0.8868 0.3368 -0.3165
vn -0.9695 0.2416 0.0412
vn -0.9538 0.2505 0.1661
vn -0.8125 0.5366 0.2280
vn -0.8734 0.4638 0.1486
vn -0.8402 -0.0057 0.5423
vn -0.8506 0.1838 0.4927
vn -0.8507 0.4370 0.2920
vn -0.8260 0.5453 0.1428
vn -0.9027 0.1289 0.4106
vn 0.3871 0.8964 -0.2159
vn -0.4019 0.9156 -0.0100
vn -0.4143 0.9101 0.0032
vn 0.4341 0.8951 -0.1017
vn -0.3932 0.9122 0.1150
vn -0.6919 0.7171 0.0839
vn 0.8562 -0.5166 0.0032
vn 0.3836 -0.8965 0.2217
vn 0.0001 -0.9841 -0.1778
vn -0.3905 -0.9206 -0.0043
vn 0.1527 -0.9877 0.0332
vn 0.0880 -0.9777 0.1905
vn -0.1105 -0.9894 0.0945
vn 0.5481 0.7878 0.2812
vn -0.2254 -0.9597 0.1680
vn -0.9271 -0.3104 0.2099
vn -0.7980 -0.4136 0.4384
vn -0.7007 0.6952 0.1604
vn -0.3324 -0.9341 0.1305
vn -0.9460 -0.0106 0.3241
vn 0.9642 -0.0890 -0.2497
vn 0.8617 0.3127 -0.3995
vn -0.2664 -0.0448 0.9628
vn -0.2437 0.0811 0.9665
vn -0.5039 0.0802 0.8600
vn -0.4769 -0.0407 0.8780
vn -0.4452 -0.6706 0.5934
vn -0.4691 -0.3178 0.8240
vn -0.6528 -0.2374 0.7193
vn -0.7547 -0.3854 0.5310
vn -0.1974 -0.3502 0.9156
vn -0.7217 -0.0154 0.6921
vn -0.7773 0.1294 0.6157
vn -0.9140 -0.0118 0.4055
vn -0.2214 0.1268 0.9669
vn -0.5222 0.1286 0.8431
vn -0.7347 0.1435 -0.6631
vn -0.7158 -0.0801 -0.6937
vn -0.9038 -0.0861 -0.4191
vn -0.8960 0.1581 -0.4150
vn 0.2068 -0.4301 -0.8788
vn 0.1367 -0.7096 -0.6912
vn -0.5394 -0.3537 -0.7642
vn -0.2776 -0.2610 -0.9246
vn -0.8066 -0.4608 -0.3702
vn -0.3889 -0.0933 -0.9165
vn -0.9675 0.2150 0.1331
vn -0.9771 0.1962 -0.0821
vn -0.9822 -0.1271 -0.1385
vn -0.9860 -0.0446 0.1606
vn 0.4871 0.8691 0.0860
vn 0.4722 0.8745 0.1106
vn 0.0318 0.9988 -0.0365
vn 0.0296 0.9992 -0.0251
vn -0.4507 0.1217 -0.8843
vn 0.9150 -0.2737 0.2965
vn 0.8339 -0.2376 0.4982
vn 0.4630 -0.5859 0.6651
vn 0.5232 -0.8042 0.2821
vn 0.1566 0.1545 -0.9755
vn 0.1900 -0.1184 -0.9746
vn -0.0072 -0.1165 -0.9932
vn -0.0833 0.1215 -0.9891
vn 0.3181 0.1690 -0.9329
vn 0.4134 -0.0398 -0.9097
vn -0.2507 -0.9298 -0.2694
vn 0.4758 0.2116 0.8538
vn 0.8462 0.2300 0.4807
vn 0.6963 0.4924 0.5223
vn 0.4331 0.2912 0.8530
vn 0.8093 -0.1503 -0.5678
vn 0.9185 -0.1826 -0.3509
vn 0.4702 -0.5978 -0.6493
vn 0.4660 -0.3922 -0.7931
vn 0.8669 0.0864 0.4910
vn 0.9617 0.0556 0.2683
vn 0.9289 0.2399 0.2822
vn 0.2716 -0.4962 -0.8246
vn 0.7961 0.0326 -0.6042
vn 0.9680 -0.1821 -0.1726
vn 0.5512 -0.7487 -0.3683
vn 0.7169 0.1491 -0.6810
vn 0.9728 0.0288 -0.2298
vn 0.0799 0.3650 0.9276
vn 0.2733 0.7849 0.5561
vn -0.1930 0.8160 0.5448
vn -0.2450 0.3384 0.9085
vn 0.9607 -0.1055 0.2568
vn 0.8816 -0.0885 0.4637
vn 0.6596 -0.1786 0.7301
vn 0.3000 -0.2807 0.9117
vn 0.8113 0.5325 0.2413
vn 0.4149 0.8952 0.1627
vn 0.3182 -0.7377 -0.5955
vn 0.0276 -0.9929 0.1158
vn -0.1102 -0.7718 0.6262
vn -0.3427 -0.9029 0.2593
vn 0.5874 -0.0708 0.8062
vn 0.5017 0.0912 0.8602
vn 0.1071 -0.0491 0.9930
vn -0.8202 -0.5088 0.2615
vn 0.5077 0.7647 -0.3968
vn 0.1832 0.8250 -0.5346
vn 0.9969 0.0153 -0.0767
vn 0.9849 -0.0429 0.1677
vn 0.9486 -0.2882 0.1311
vn 0.9658 0.1201 -0.2300
vn 0.6751 0.2036 -0.7091
vn 0.9596 0.2063 -0.1914
vn 0.3940 0.3069 -0.8663
vn 0.2946 0.2441 -0.9239
vn 0.8553 0.4653 -0.2277
vn 0.6752 0.2774 -0.6834
vn 0.8478 0.5033 0.1673
vn -0.5238 0.8330 -0.1784
vn -0.5226 0.8367 -0.1638
vn -0.8705 0.4243 -0.2494
vn -0.8830 0.4094 -0.2296
vn 0.2712 0.1704 -0.9473
vn 0.2320 0.1388 -0.9628
vn 0.9276 0.2528 0.2751
vn 0.8105 0.5475 0.2082
vn -0.9188 0.1895 0.3462
vn 0.0166 0.1235 -0.9922
vn 0.0567 0.2470 -0.9674
vn -0.4966 0.8515 -0.1685
vn -0.2419 0.7229 -0.6473
vn -0.6546 0.3706 -0.6589
vn -0.8691 0.4145 -0.2698
vn -0.4262 0.1533 -0.8915
vn -0.0173 0.1518 0.9883
vn -0.0047 0.0989 0.9951
vn -0.4718 0.1771 -0.8637
vn 0.9654 0.2557 0.0509
vn -0.7683 0.2401 -0.5933
vn -0.8754 0.1888 0.4450
vn -0.9450 0.2790 0.1708
vn -0.9452 0.2289 0.2329
vn -0.8359 0.1700 0.5219
vn -0.6338 0.2976 0.7139
vn -0.9475 0.3193 -0.0177
vn -0.9245 0.3667 -0.1041
vn -0.9535 0.2953 -0.0595
vn -0.9608 0.2703 0.0621
vn -0.9653 0.1685 -0.1997
vn -0.9596 -0.1810 -0.2154
vn -0.2826 -0.9554 -0.0858
vn -0.3059 -0.9257 -0.2225
vn -0.7903 -0.5936 -0.1521
vn -0.7555 -0.6399 -0.1405
vn -0.9337 0.3031 -0.1905
vn -0.9149 0.3065 -0.2628
vn -0.9546 0.1598 -0.2514
vn 0.9899 0.1356 -0.0408
vn 0.9840 0.1256 0.1263
vn 0.9462 0.3029 0.1137
vn 0.8345 0.5323 0.1424
vn 0.9383 0.0643 0.3399
vn 0.9134 -0.1068 0.3928
vn 0.9289 0.2958 0.2230
vn 0.8182 0.5594 0.1325
vn 0.9514 0.0267 0.3069
vn -0.5746 0.8149 -0.0756
vn -0.0086 0.9998 0.0200
vn 0.0211 0.9991 -0.0366
vn -0.0574 0.9925 0.1076
vn -0.6207 0.7836 0.0269
vn 0.4593 0.8868 0.0519
vn -0.3075 -0.9191 0.2464
vn -0.8096 -0.5851 0.0462
vn 0.5742 -0.8103 0.1173
vn 0.0136 -0.9660 -0.2583
vn -0.0739 -0.9895 0.1241
vn -0.1198 -0.9918 -0.0441
vn 0.1627 -0.9684 -0.1892
vn -0.6710 0.6581 0.3414
vn 0.3824 -0.9098 0.1616
vn 0.8673 -0.3428 0.3609
vn 0.9065 -0.2976 0.2994
vn 0.4363 0.8936 0.1056
vn 0.4818 -0.8763 -0.0004
vn 0.9401 -0.1101 0.3227
vn -0.9709 -0.1438 -0.1917
vn -0.8846 0.2886 -0.3663
vn 0.4769 -0.0407 0.8780
vn 0.5039 0.0802 0.8600
vn 0.2437 0.0811 0.9665
vn 0.2664 -0.0448 0.9628
vn 0.7547 -0.3854 0.5310
vn 0.6528 -0.2374 0.7193
vn 0.4691 -0.3178 0.8240
vn 0.4452 -0.6706 0.5934
vn 0.1974 -0.3502 0.9156
vn 0.7217 -0.0154 0.6921
vn 0.7773 0.1294 0.6157
vn 0.9140 -0.0118 0.4055
vn 0.5222 0.1286 0.8431
vn 0.2214 0.1268 0.9669
vn 0.8960 0.1581 -0.4150
vn 0.9038 -0.0861 -0.4191
vn 0.7158 -0.0801 -0.6937
vn 0.7347 0.1435 -0.6631
vn 0.2776 -0.2610 -0.9246
vn 0.5394 -0.3537 -0.7642
vn -0.1367 -0.7096 -0.6912
vn -0.2068 -0.4301 -0.8788
vn 0.8066 -0.4608 -0.3702
vn 0.3889 -0.0933 -0.9165
vn 0.9860 -0.0446 0.1606
vn 0.9822 -0.1271 -0.1385
vn 0.9771 0.1962 -0.0821
vn 0.9675 0.2150 0.1331
vn -0.0296 0.9992 -0.0251
vn -0.0318 0.9988 -0.0365
vn -0.4722 0.8745 0.1106
vn -0.4871 0.8691 0.0860
vn 0.4507 0.1217 -0.8843
vn -0.5232 -0.8042 0.2821
vn -0.4630 -0.5859 0.6651
vn -0.8339 -0.2376 0.4982
vn -0.9150 -0.2737 0.2965
vn 0.0833 0.1215 -0.9891
vn 0.0072 -0.1165 -0.9932
vn -0.1900 -0.1184 -0.9746
vn -0.1566 0.1545 -0.9755
vn -0.4134 -0.0398 -0.9097
vn -0.3181 0.1690 -0.9329
vn 0.2507 -0.9298 -0.2694
vn -0.4331 0.2912 0.8530
vn -0.6963 0.4924 0.5223
vn -0.8462 0.2300 0.4807
vn -0.4758 0.2116 0.8537
vn -0.4660 -0.3922 -0.7931
vn -0.4702 -0.5978 -0.6493
vn -0.9185 -0.1826 -0.3509
vn -0.8093 -0.1503 -0.5678
vn -0.9289 0.2399 0.2822
vn -0.9617 0.0556 0.2683
vn -0.8669 0.0864 0.4910
vn -0.2716 -0.4962 -0.8246
vn -0.7961 0.0326 -0.6042
vn -0.5512 -0.7487 -0.3683
vn -0.9680 -0.1821 -0.1726
vn -0.7169 0.1491 -0.6810
vn -0.9728 0.0288 -0.2298
vn 0.2450 0.3384 0.9085
vn 0.1930 0.8160 0.5448
vn -0.2733 0.7849 0.5561
vn -0.0799 0.3650 0.9276
vn -0.8816 -0.0885 0.4637
vn -0.9607 -0.1055 0.2568
vn -0.3000 -0.2807 0.9117
vn -0.6596 -0.1786 0.7301
vn -0.4149 0.8952 0.1627
vn -0.8113 0.5325 0.2413
vn -0.3182 -0.7377 -0.5955
vn 0.3427 -0.9029 0.2593
vn 0.1102 -0.7718 0.6262
vn -0.0276 -0.9929 0.1158
vn -0.5874 -0.0708 0.8062
vn -0.5017 0.0912 0.8602
vn -0.1071 -0.0491 0.9930
vn 0.8202 -0.5088 0.2615
vn -0.1832 0.8250 -0.5346
vn -0.5077 0.7648 -0.3968
vn -0.9486 -0.2882 0.1311
vn -0.9849 -0.0429 0.1677
vn -0.9969 0.0153 -0.0767
vn -0.9596 0.2063 -0.1914
vn -0.6751 0.2036 -0.7091
vn -0.9658 0.1201 -0.2300
vn -0.2946 0.2441 -0.9239
vn -0.3940 0.3069 -0.8663
vn -0.6752 0.2774 -0.6835
vn -0.8553 0.4653 -0.2277
vn -0.8478 0.5033 0.1673
vn 0.8830 0.4094 -0.2296
vn 0.8705 0.4243 -0.2494
vn 0.5226 0.8367 -0.1638
vn 0.5238 0.8330 -0.1784
vn -0.2320 0.1388 -0.9628
vn -0.2712 0.1704 -0.9473
vn -0.8105 0.5475 0.2082
vn -0.9276 0.2528 0.2751
vn 0.9188 0.1895 0.3462
vn -0.0567 0.2470 -0.9674
vn -0.0166 0.1235 -0.9922
vn 0.8691 0.4145 -0.2698
vn 0.6546 0.3706 -0.6589
vn 0.2419 0.7229 -0.6473
vn 0.4966 0.8515 -0.1685
vn 0.4262 0.1533 -0.8915
vn 0.0173 0.1518 0.9883
vn 0.0047 0.0989 0.9951
vn 0.4718 0.1771 -0.8637
vn -0.9654 0.2557 0.0509
vn 0.7683 0.2401 -0.5933
vn 0.8359 0.1700 0.5219
vn 0.9452 0.2289 0.2329
vn 0.9450 0.2790 0.1708
vn 0.8754 0.1888 0.4450
vn 0.6338 0.2976 0.7139
vn 0.9608 0.2703 0.0621
vn 0.9535 0.2953 -0.0595
vn 0.9245 0.3667 -0.1041
vn 0.9475 0.3193 -0.0177
vn 0.9596 -0.1810 -0.2154
vn 0.9653 0.1685 -0.1997
vn 0.7555 -0.6399 -0.1405
vn 0.7903 -0.5936 -0.1521
vn 0.3059 -0.9257 -0.2225
vn 0.2826 -0.9554 -0.0858
vn 0.9337 0.3031 -0.1905
vn 0.9546 0.1598 -0.2514
vn 0.9149 0.3065 -0.2628
vn -0.9840 0.1256 0.1263
vn -0.9899 0.1356 -0.0408
vn -0.8345 0.5323 0.1424
vn -0.9462 0.3029 0.1137
vn -0.9134 -0.1068 0.3928
vn -0.9383 0.0643 0.3399
vn -0.9289 0.2958 0.2230
vn -0.8182 0.5594 0.1325
vn -0.9514 0.0267 0.3069
vn 0.5746 0.8149 -0.0756
vn -0.0211 0.9991 -0.0366
vn 0.0086 0.9998 0.0200
vn 0.6207 0.7836 0.0269
vn 0.0574 0.9925 0.1076
vn -0.4593 0.8868 0.0519
vn 0.8096 -0.5851 0.0462
vn 0.3075 -0.9191 0.2464
vn -0.0136 -0.9660 -0.2583
vn -0.5742 -0.8103 0.1173
vn 0.1198 -0.9918 -0.0441
vn 0.0739 -0.9895 0.1241
vn -0.1627 -0.9684 -0.1892
vn 0.6710 0.6581 0.3414
vn -0.9065 -0.2976 0.2994
vn -0.8673 -0.3428 0.3609
vn -0.3824 -0.9098 0.1616
vn -0.4363 0.8936 0.1056
vn -0.4818 -0.8763 -0.0004
vn -0.9401 -0.1101 0.3227
vn 0.9709 -0.1438 -0.1917
vn 0.8846 0.2886 -0.3663
vn -0.1385 0.0816 0.9870
vn -0.1161 0.1277 0.9850
vn -0.4320 0.1292 0.8926
vn -0.4121 0.0806 0.9076
vn -0.1618 -0.0450 0.9858
vn -0.3832 -0.0409 0.9228
vn -0.3817 -0.6719 0.6347
vn -0.3812 -0.3192 0.8676
vn -0.5764 -0.2379 0.7818
vn -0.6973 -0.3857 0.6042
vn -0.0977 -0.3521 0.9309
vn -0.6477 -0.0156 0.7617
vn -0.7112 0.1293 0.6910
vn -0.8687 -0.0117 0.4952
vn -0.8050 0.1428 -0.5758
vn -0.7898 -0.0797 -0.6082
vn -0.9445 -0.0854 -0.3173
vn -0.9363 0.1571 -0.3141
vn 0.1103 -0.4321 -0.8951
vn 0.0603 -0.7114 -0.7002
vn -0.6228 -0.3530 -0.6982
vn -0.3808 -0.2616 -0.8869
vn -0.8435 -0.4585 -0.2797
vn -0.4905 -0.0934 -0.8664
vn -0.9491 0.2137 0.2314
vn -0.9806 0.1949 0.0209
vn -0.9915 -0.1260 -0.0339
vn -0.9645 -0.0442 0.2605
vn 0.4962 0.8675 0.0339
vn 0.4840 0.8730 0.0596
vn 0.0279 0.9988 -0.0394
vn 0.0270 0.9992 -0.0280
vn -0.5485 0.1216 -0.8273
vn -0.1930 0.1221 -0.9736
vn -0.1170 -0.1174 -0.9862
vn 0.9423 -0.2716 0.1958
vn 0.8844 -0.2361 0.4025
vn 0.5348 -0.5859 0.6089
vn 0.5525 -0.8029 0.2239
vn 0.1827 0.3664 0.9124
vn 0.3343 0.7847 0.5220
vn -0.1337 0.8170 0.5609
vn -0.1462 0.3403 0.9289
vn 0.0497 0.1555 -0.9866
vn 0.0835 -0.1192 -0.9894
vn 0.2174 0.1701 -0.9612
vn 0.3156 -0.0398 -0.9481
vn -0.2788 -0.9299 -0.2399
vn 0.5691 0.2112 0.7947
vn 0.8947 0.2283 0.3840
vn 0.7512 0.4903 0.4420
vn 0.5269 0.2910 0.7985
vn 0.7479 -0.1504 -0.6466
vn 0.8785 -0.1823 -0.4417
vn 0.4000 -0.5996 -0.6931
vn 0.3810 -0.3938 -0.8365
vn 0.9160 0.0857 0.3919
vn 0.9851 0.0550 0.1632
vn 0.9544 0.2379 0.1803
vn 0.1819 -0.4986 -0.8475
vn 0.7306 0.0327 -0.6820
vn 0.9455 -0.1813 -0.2705
vn 0.5101 -0.7492 -0.4225
vn 0.6433 0.1495 -0.7509
vn 0.9445 0.0286 -0.3272
vn 0.2534 -0.7396 -0.6235
vn 0.9828 -0.1047 0.1520
vn 0.9275 -0.0879 0.3635
vn 0.7384 -0.1779 0.6505
vn 0.4005 -0.2812 0.8721
vn 0.8345 0.5295 0.1526
vn 0.4326 0.8939 0.1171
vn 0.0405 -0.9930 0.1110
vn -0.0418 -0.7734 0.6326
vn -0.3154 -0.9027 0.2926
vn 0.6749 -0.0706 0.7345
vn 0.5954 0.0910 0.7983
vn 0.2173 -0.0493 0.9749
vn 0.3009 0.3085 -0.9024
vn 0.1685 0.1715 -0.9707
vn 0.1273 0.1396 -0.9820
vn 0.1947 0.2456 -0.9496
vn -0.7900 -0.5078 0.3437
vn 0.4641 0.7645 -0.4473
vn 0.1251 0.8261 -0.5495
vn 0.9838 0.0151 -0.1788
vn 0.9972 -0.0426 0.0622
vn 0.9577 -0.2863 0.0301
vn 0.9353 0.2050 -0.2883
vn 0.9375 0.1193 -0.3268
vn 0.5984 0.2041 -0.7748
vn 0.8282 0.4635 -0.3150
vn 0.6015 0.2778 -0.7490
vn 0.8625 0.5003 0.0762
vn -0.5419 0.8317 -0.1211
vn -0.5395 0.8352 -0.1068
vn -0.8936 0.4214 -0.1543
vn -0.9037 0.4067 -0.1336
vn 0.9524 0.2507 0.1735
vn 0.8302 0.5444 0.1202
vn -0.8795 0.1888 0.4368
vn -0.0930 0.1242 -0.9879
vn -0.0496 0.2483 -0.9674
vn -0.5140 0.8502 -0.1143
vn -0.3110 0.7228 -0.6171
vn -0.7244 0.3692 -0.5822
vn -0.8945 0.4117 -0.1745
vn -0.5244 0.1532 -0.8376
vn 0.0921 0.1526 0.9840
vn 0.1054 0.0994 0.9894
vn -0.5671 0.1771 -0.8044
vn 0.9660 0.2536 -0.0503
vn -0.8305 0.2387 -0.5032
vn -0.8263 0.1885 0.5308
vn -0.9230 0.2775 0.2665
vn -0.9170 0.2278 0.3275
vn -0.7792 0.1699 0.6033
vn -0.5569 0.2984 0.7751
vn -0.9449 0.3172 0.0810
vn -0.9313 0.3642 -0.0062
vn -0.9552 0.2932 0.0406
vn -0.9497 0.2686 0.1608
vn -0.9813 0.1672 -0.0956
vn -0.9774 -0.1795 -0.1117
vn -0.2927 -0.9546 -0.0549
vn -0.3299 -0.9251 -0.1879
vn -0.8037 -0.5913 -0.0670
vn -0.7684 -0.6372 -0.0596
vn -0.9494 0.3008 -0.0899
vn -0.9386 0.3042 -0.1628
vn -0.9763 0.1586 -0.1474
vn 0.9920 0.1245 0.0218
vn 0.9806 0.1345 -0.1428
vn 0.9537 0.3006 0.0133
vn 0.8469 0.5291 0.0532
vn 0.9697 0.0637 0.2358
vn 0.9510 -0.1060 0.2904
vn 0.9481 0.2935 0.1222
vn 0.8298 0.5563 0.0450
vn 0.9790 0.0265 0.2021
vn -0.5811 0.8137 -0.0146
vn -0.0062 0.9998 0.0207
vn 0.0172 0.9991 -0.0384
vn -0.0456 0.9926 0.1125
vn -0.6162 0.7823 0.0912
vn 0.4647 0.8855 0.0032
vn -0.2807 -0.9193 0.2759
vn -0.8014 -0.5836 0.1311
vn 0.5850 -0.8092 0.0551
vn -0.0151 -0.9662 -0.2572
vn -0.0602 -0.9896 0.1306
vn -0.1250 -0.9917 -0.0308
vn 0.1420 -0.9686 -0.2043
vn -0.6329 0.6578 0.4084
vn 0.9024 -0.3405 0.2640
vn 0.9343 -0.2953 0.1995
vn 0.3989 -0.9092 0.1191
vn 0.4477 0.8923 0.0586
vn 0.4793 -0.8761 -0.0509
vn 0.9696 -0.1093 0.2188
vn -0.9859 -0.1426 -0.0871
vn -0.9200 0.2865 -0.2675
vn 0.4121 0.0806 0.9076
vn 0.4320 0.1292 0.8926
vn 0.1161 0.1277 0.9850
vn 0.1385 0.0816 0.9870
vn 0.3832 -0.0409 0.9228
vn 0.1618 -0.0450 0.9858
vn 0.6973 -0.3857 0.6042
vn 0.5764 -0.2379 0.7818
vn 0.3812 -0.3192 0.8676
vn 0.3817 -0.6719 0.6347
vn 0.0977 -0.3521 0.9309
vn 0.6477 -0.0156 0.7617
vn 0.7112 0.1293 0.6910
vn 0.8687 -0.0117 0.4952
vn 0.9363 0.1571 -0.3141
vn 0.9445 -0.0854 -0.3173
vn 0.7898 -0.0797 -0.6082
vn 0.8050 0.1428 -0.5758
vn 0.3808 -0.2616 -0.8869
vn 0.6228 -0.3530 -0.6982
vn -0.0603 -0.7114 -0.7002
vn -0.1103 -0.4321 -0.8951
vn 0.8435 -0.4585 -0.2797
vn 0.4905 -0.0934 -0.8664
vn 0.9645 -0.0442 0.2605
vn 0.9915 -0.1260 -0.0339
vn 0.9806 0.1949 0.0209
vn 0.9491 0.2137 0.2314
vn -0.0270 0.9992 -0.0280
vn -0.0279 0.9988 -0.0394
vn -0.4840 0.8730 0.0596
vn -0.4962 0.8675 0.0339
vn 0.5485 0.1216 -0.8273
vn 0.1170 -0.1174 -0.9862
vn 0.1930 0.1221 -0.9736
vn -0.5525 -0.8029 0.2239
vn -0.5348 -0.5859 0.6089
vn -0.8844 -0.2361 0.4025
vn -0.9423 -0.2716 0.1958
vn 0.1462 0.3403 0.9289
vn 0.1337 0.8170 0.5609
vn -0.3343 0.7847 0.5220
vn -0.1827 0.3664 0.9124
vn -0.0835 -0.1192 -0.9894
vn -0.0497 0.1555 -0.9866
vn -0.3156 -0.0398 -0.9481
vn -0.2174 0.1701 -0.9611
vn 0.2788 -0.9299 -0.2399
vn -0.5269 0.2910 0.7985
vn -0.7512 0.4903 0.4420
vn -0.8947 0.2283 0.3840
vn -0.5691 0.2112 0.7947
vn -0.3810 -0.3938 -0.8365
vn -0.4000 -0.5996 -0.6931
vn -0.8785 -0.1823 -0.4417
vn -0.7479 -0.1504 -0.6466
vn -0.9544 0.2379 0.1803
vn -0.9851 0.0550 0.1632
vn -0.9160 0.0857 0.3919
vn -0.1819 -0.4986 -0.8475
vn -0.7306 0.0327 -0.6820
vn -0.5101 -0.7492 -0.4225
vn -0.9455 -0.1813 -0.2705
vn -0.6433 0.1495 -0.7509
vn -0.9445 0.0286 -0.3272
vn -0.2534 -0.7396 -0.6235
vn -0.9275 -0.0879 0.3635
vn -0.9828 -0.1047 0.1520
vn -0.4005 -0.2812 0.8721
vn -0.7384 -0.1780 0.6505
vn -0.4326 0.8939 0.1171
vn -0.8345 0.5295 0.1526
vn 0.3154 -0.9027 0.2926
vn 0.0418 -0.7734 0.6326
vn -0.0405 -0.9930 0.1110
vn -0.6749 -0.0706 0.7345
vn -0.5954 0.0910 0.7983
vn -0.2173 -0.0493 0.9749
vn -0.1947 0.2456 -0.9496
vn -0.1273 0.1396 -0.9820
vn -0.1685 0.1715 -0.9707
vn -0.3009 0.3085 -0.9024
vn 0.7900 -0.5078 0.3437
vn -0.1251 0.8261 -0.5495
vn -0.4641 0.7645 -0.4473
vn -0.9577 -0.2863 0.0301
vn -0.9972 -0.0426 0.0622
vn -0.9838 0.0151 -0.1788
vn -0.5984 0.2041 -0.7748
vn -0.9375 0.1193 -0.3268
vn -0.9353 0.2050 -0.2883
vn -0.6015 0.2778 -0.7490
vn -0.8282 0.4635 -0.3150
vn -0.8625 0.5003 0.0762
vn 0.9037 0.4067 -0.1336
vn 0.8936 0.4214 -0.1543
vn 0.5395 0.8352 -0.1068
vn 0.5419 0.8317 -0.1211
vn -0.8302 0.5444 0.1202
vn -0.9524 0.2507 0.1735
vn 0.8795 0.1888 0.4368
vn 0.0496 0.2483 -0.9674
vn 0.0930 0.1242 -0.9879
vn 0.8945 0.4117 -0.1745
vn 0.7244 0.3692 -0.5822
vn 0.3111 0.7228 -0.6171
vn 0.5140 0.8502 -0.1143
vn 0.5244 0.1532 -0.8376
vn -0.0921 0.1526 0.9840
vn -0.1054 0.0994 0.9894
vn 0.5671 0.1770 -0.8044
vn -0.9660 0.2536 -0.0503
vn 0.8305 0.2387 -0.5032
vn 0.7792 0.1699 0.6033
vn 0.9170 0.2278 0.3275
vn 0.9230 0.2775 0.2665
vn 0.8263 0.1885 0.5308
vn 0.5569 0.2984 0.7751
vn 0.9497 0.2686 0.1608
vn 0.9552 0.2932 0.0406
vn 0.9313 0.3642 -0.0062
vn 0.9449 0.3172 0.0810
vn 0.9774 -0.1795 -0.1117
vn 0.9813 0.1672 -0.0956
vn 0.7684 -0.6372 -0.0596
vn 0.8037 -0.5913 -0.0670
vn 0.3299 -0.9251 -0.1879
vn 0.2927 -0.9546 -0.0549
vn 0.9494 0.3008 -0.0899
vn 0.9763 0.1586 -0.1474
vn 0.9386 0.3042 -0.1628
vn -0.9806 0.1345 -0.1428
vn -0.9920 0.1245 0.0218
vn -0.8469 0.5291 0.0532
vn -0.9537 0.3006 0.0133
vn -0.9510 -0.1060 0.2904
vn -0.9697 0.0637 0.2358
vn -0.9481 0.2935 0.1222
vn -0.8298 0.5563 0.0450
vn -0.9790 0.0265 0.2021
vn 0.5811 0.8137 -0.0146
vn -0.0172 0.9991 -0.0384
vn 0.0062 0.9998 0.0207
vn 0.6162 0.7823 0.0912
vn 0.0456 0.9926 0.1125
vn -0.4647 0.8855 0.0032
vn 0.8014 -0.5836 0.1311
vn 0.2807 -0.9193 0.2759
vn 0.0151 -0.9662 -0.2572
vn -0.5850 -0.8092 0.0551
vn 0.1250 -0.9917 -0.0308
vn 0.0602 -0.9896 0.1306
vn -0.1420 -0.9686 -0.2043
vn 0.6329 0.6578 0.4084
vn -0.3989 -0.9092 0.1191
vn -0.9343 -0.2953 0.1995
vn -0.9024 -0.3405 0.2640
vn -0.4477 0.8923 0.0586
vn -0.4793 -0.8761 -0.0509
vn -0.9696 -0.1093 0.2188
vn 0.9859 -0.1426 -0.0871
vn 0.9200 0.2865 -0.2675
vn 0.0858 -0.0874 0.9925
vn 0.0640 0.1418 0.9878
vn -0.0066 0.3100 0.9507
vn -0.0000 -0.0951 0.9955
vn 0.1814 -0.6700 0.7199
vn 0.2200 -0.1860 0.9576
vn 0.0965 -0.2136 0.9721
vn 0.0938 -0.6948 0.7131
vn 0.2850 -0.6359 0.7172
vn 0.3573 -0.1663 0.9191
vn 0.4003 -0.5975 0.6948
vn 0.4890 -0.1457 0.8601
vn 0.4852 -0.6313 0.6050
vn 0.6270 -0.1495 0.7645
vn 0.5711 -0.6211 0.5367
vn 0.7157 -0.1497 0.6822
vn 0.6304 -0.6012 0.4911
vn 0.7725 -0.1528 0.6164
vn 0.6732 -0.5871 0.4495
vn 0.8191 -0.1501 0.5536
vn 0.7071 -0.5819 0.4017
vn 0.8526 -0.1551 0.4990
vn 0.7358 -0.5896 0.3331
vn 0.8980 -0.1575 0.4107
vn 0.7777 -0.5723 0.2601
vn 0.9349 -0.1525 0.3204
vn 0.7856 -0.5817 0.2105
vn 0.9455 -0.1740 0.2753
vn 0.7678 -0.6095 0.1975
vn 0.9412 -0.2157 0.2600
vn 0.7599 -0.6188 0.1990
vn 0.9424 -0.2299 0.2429
vn 0.7532 -0.6289 0.1930
vn 0.9546 -0.2031 0.2179
vn 0.7721 -0.6083 0.1842
vn 0.9631 -0.1643 0.2132
vn 0.7833 -0.6126 0.1057
vn 0.9843 -0.1321 0.1167
vn 0.7726 -0.5367 -0.3391
vn 0.8455 -0.1128 -0.5219
vn 0.9878 0.1219 0.0975
vn 0.8410 0.1195 -0.5277
vn 0.5817 0.7329 -0.3529
vn 0.6900 0.7233 0.0274
vn 0.5460 0.8343 0.0759
vn 0.9724 0.1625 0.1676
vn 0.9773 0.0938 0.1898
vn 0.6758 0.7265 0.1243
vn 0.5404 0.8159 0.2059
vn 0.9525 0.1480 0.2662
vn 0.9574 0.0086 0.2885
vn 0.7655 0.6072 0.2128
vn 0.6400 0.7424 0.1981
vn 0.9602 0.0165 0.2788
vn 0.6985 0.6796 0.2240
vn 0.9428 0.0073 0.3334
vn 0.5793 0.7749 0.2528
vn 0.8907 0.0833 0.4469
vn 0.6624 0.6218 0.4178
vn 0.8523 0.0672 0.5188
vn 0.5328 0.7094 0.4615
vn 0.8114 0.1490 0.5652
vn 0.6640 0.5052 0.5512
vn 0.7812 0.0055 0.6243
vn 0.4604 0.6818 0.5685
vn 0.6637 0.1607 0.7305
vn 0.4648 0.5418 0.7003
vn 0.6203 0.0288 0.7839
vn 0.3646 0.6104 0.7032
vn 0.4637 0.1734 0.8689
vn 0.3150 0.3468 0.8835
vn 0.3315 -0.0365 0.9427
vn 0.2795 0.4846 0.8289
vn 0.2134 -0.0533 0.9755
vn -0.0001 -0.2117 0.9773
vn 0.0643 0.6260 0.7771
vn 0.0131 0.6504 0.7595
vn 0.3305 0.8687 0.3690
vn 0.2985 0.8176 0.4924
vn 0.1713 0.9841 0.0459
vn 0.2724 0.9514 0.1436
vn 0.2163 0.9763 0.0086
vn 0.1624 0.9857 0.0452
vn 0.2979 0.7766 0.5551
vn 0.3318 0.7426 0.5818
vn 0.3387 0.9224 0.1855
vn 0.3143 0.8992 0.3045
vn 0.1848 0.9783 0.0937
vn 0.2833 0.9506 0.1266
vn 0.1411 0.7465 0.6502
vn 0.3799 0.8563 0.3499
vn 0.2761 0.9590 0.0638
vn 0.2729 0.9618 -0.0200
vn 0.3485 0.7304 -0.5874
vn -0.0113 0.9993 0.0364
vn -0.0007 0.9985 -0.0545
vn 0.0270 0.9954 -0.0915
vn -0.1815 0.9833 -0.0091
vn 0.0170 0.9990 0.0405
vn 0.0776 0.9966 0.0267
vn 0.0139 0.9996 0.0230
vn -0.0576 0.9983 0.0022
vn 0.2226 0.9746 -0.0236
vn -0.1279 0.9917 -0.0119
vn 0.1055 0.9913 0.0787
vn 0.1141 0.9238 -0.3655
vn 0.0209 0.9995 -0.0255
vn -0.0851 0.9960 -0.0260
vn -0.0739 0.9970 0.0209
vn -0.0379 0.9992 0.0138
vn 0.0994 0.9944 0.0368
vn -0.0737 0.9956 -0.0582
vn -0.0414 0.9982 0.0436
vn -0.4495 0.7459 -0.4916
vn -0.2846 0.9092 -0.3040
vn -0.1832 0.9439 -0.2747
vn -0.3769 0.7674 -0.5187
vn -0.0667 0.7994 -0.5970
vn -0.0152 0.9615 -0.2742
vn -0.0000 0.9503 -0.3113
vn -0.0005 0.7786 -0.6275
vn -0.5348 0.8424 -0.0660
vn -0.6044 0.7892 -0.1086
vn -0.5892 0.8001 -0.1122
vn -0.5824 0.8040 -0.1196
vn -0.4681 0.7507 -0.4662
vn -0.3137 0.9112 -0.2671
vn -0.1493 0.7834 -0.6033
vn -0.0855 0.9402 -0.3297
vn -0.5771 0.8102 -0.1023
vn -0.5738 0.8114 -0.1108
vn -0.5967 0.6983 -0.3953
vn -0.4182 0.8702 -0.2605
vn -0.4671 0.8810 -0.0756
vn -0.5754 0.8114 -0.1029
vn -0.6059 0.7144 -0.3501
vn -0.5312 0.8220 -0.2053
vn -0.1540 0.9433 -0.2940
vn -0.2797 0.7857 -0.5518
vn -0.5197 0.8479 -0.1050
vn -0.5564 0.8166 -0.1534
vn -0.6948 0.6742 -0.2504
vn -0.5551 0.8133 -0.1742
vn -0.4435 0.8532 -0.2744
vn -0.2733 0.4737 -0.8372
vn -0.5975 0.7668 -0.2345
vn -0.6002 0.7830 -0.1632
vn -0.1548 0.6108 -0.7765
vn -0.0630 0.1266 -0.9900
vn -0.6768 0.7228 -0.1396
vn -0.5980 0.7918 -0.1241
vn 0.0056 0.9997 -0.0222
vn -0.0000 1.0000 -0.0000
vn -0.0000 0.9997 -0.0225
vn -0.0100 0.9999 -0.0123
vn -0.0519 0.9987 0.0014
vn -0.0005 1.0000 0.0001
vn -0.0006 1.0000 0.0001
vn -0.0010 1.0000 0.0003
vn -0.0013 1.0000 0.0001
vn -0.0021 1.0000 -0.0002
vn -0.0009 0.9999 -0.0125
vn -0.0000 0.9999 -0.0121
vn 0.0062 0.7339 -0.6792
vn -0.0000 0.7410 -0.6715
vn -0.1225 0.9921 -0.0257
vn -0.1129 0.9935 -0.0136
vn -0.1032 0.9943 -0.0279
vn -0.0003 1.0000 0.0002
vn -0.1270 0.9917 -0.0193
vn -0.1296 0.9913 -0.0215
vn -0.1097 0.9928 -0.0487
vn -0.1307 0.9912 -0.0220
vn 0.2743 0.1638 -0.9476
vn 0.3063 -0.0705 -0.9493
vn 0.0137 -0.0302 -0.9994
vn 0.0119 -0.7279 -0.6856
vn -0.0000 -0.7062 -0.7080
vn -0.0000 -0.0200 -0.9998
vn 0.3021 -0.6480 -0.6992
vn 0.2220 -0.9733 -0.0576
vn 0.0406 -0.9950 -0.0912
vn 0.0714 -0.6473 -0.7589
vn -0.0000 -0.6852 0.7283
vn 0.0746 -0.9683 0.2385
vn 0.0464 -0.9800 0.1936
vn 0.2150 -0.9680 0.1291
vn 0.1931 -0.9721 0.1330
vn 0.0331 -0.9621 0.2709
vn -0.0001 -0.9693 0.2459
vn 0.2546 -0.9652 0.0591
vn 0.2456 -0.9675 0.0606
vn 0.1596 -0.9774 0.1386
vn 0.1226 -0.9779 0.1695
vn 0.2301 -0.9686 0.0939
vn 0.2515 -0.9653 0.0702
vn 0.2308 -0.9711 0.0615
vn 0.2250 -0.9728 0.0548
vn 0.1048 -0.9706 0.2169
vn 0.2224 -0.9677 0.1188
vn 0.2324 -0.9705 0.0634
vn 0.0103 -0.9992 0.0373
vn 0.0105 -0.9998 0.0151
vn 0.0134 -0.9999 0.0022
vn 0.0134 -0.9999 0.0026
vn -0.0000 -1.0000 -0.0000
vn 0.0143 -0.9999 0.0010
vn 0.0141 -0.9999 -0.0005
vn 0.0128 -0.9999 -0.0003
vn 0.0127 -0.9999 0.0015
vn 0.0122 -0.9999 0.0016
vn 0.0131 -0.9999 0.0018
vn -0.0000 -1.0000 0.0006
vn 0.0117 -0.9999 0.0053
vn -0.0000 -1.0000 0.0037
vn -0.0000 -0.9999 0.0121
vn -0.0000 -0.9995 0.0303
vn 0.0124 -0.9973 0.0725
vn -0.0000 -0.9980 0.0631
vn -0.0000 -0.9940 0.1095
vn -0.0561 0.6872 -0.7243
vn 0.0175 -0.0413 -0.9990
vn 0.0313 -0.7248 -0.6882
vn 0.0585 -0.0343 -0.9977
vn 0.0161 -0.9977 -0.0662
vn -0.0002 -0.9983 -0.0585
vn -0.0000 -0.9979 -0.0641
vn 0.0079 -1.0000 0.0055
vn 0.0344 -0.9983 0.0473
vn 0.0130 -0.9989 0.0442
vn -0.0636 0.1442 0.9875
vn -0.0857 -0.0875 0.9925
vn -0.0937 -0.6950 0.7129
vn -0.0964 -0.2139 0.9721
vn -0.2198 -0.1866 0.9575
vn -0.1813 -0.6704 0.7195
vn -0.3543 -0.1689 0.9197
vn -0.2849 -0.6368 0.7165
vn -0.4885 -0.1498 0.8596
vn -0.3999 -0.5986 0.6941
vn -0.6288 -0.1519 0.7626
vn -0.4848 -0.6322 0.6045
vn -0.7156 -0.1507 0.6820
vn -0.5707 -0.6218 0.5363
vn -0.7723 -0.1540 0.6163
vn -0.6300 -0.6020 0.4906
vn -0.8190 -0.1513 0.5535
vn -0.6726 -0.5881 0.4491
vn -0.8525 -0.1557 0.4989
vn -0.7068 -0.5824 0.4016
vn -0.8981 -0.1573 0.4107
vn -0.7359 -0.5895 0.3332
vn -0.9350 -0.1520 0.3205
vn -0.7779 -0.5720 0.2602
vn -0.9456 -0.1736 0.2752
vn -0.7858 -0.5815 0.2105
vn -0.9413 -0.2151 0.2600
vn -0.7681 -0.6091 0.1976
vn -0.9426 -0.2292 0.2430
vn -0.7602 -0.6184 0.1992
vn -0.9547 -0.2026 0.2179
vn -0.7534 -0.6286 0.1930
vn -0.9632 -0.1639 0.2132
vn -0.7722 -0.6081 0.1842
vn -0.9844 -0.1314 0.1168
vn -0.7835 -0.6123 0.1058
vn -0.8456 -0.1119 -0.5220
vn -0.7727 -0.5362 -0.3398
vn -0.6900 0.7233 0.0274
vn -0.5817 0.7329 -0.3528
vn -0.8410 0.1195 -0.5277
vn -0.9878 0.1219 0.0974
vn -0.9724 0.1625 0.1676
vn -0.5460 0.8343 0.0759
vn -0.6758 0.7265 0.1244
vn -0.9773 0.0938 0.1899
vn -0.9525 0.1479 0.2662
vn -0.5404 0.8158 0.2059
vn -0.7656 0.6071 0.2128
vn -0.9574 0.0085 0.2885
vn -0.9602 0.0164 0.2788
vn -0.6400 0.7424 0.1980
vn -0.9427 0.0071 0.3334
vn -0.6984 0.6797 0.2240
vn -0.8907 0.0831 0.4469
vn -0.5789 0.7752 0.2527
vn -0.8523 0.0673 0.5187
vn -0.6622 0.6220 0.4178
vn -0.8113 0.1493 0.5652
vn -0.5329 0.7093 0.4615
vn -0.7811 0.0057 0.6244
vn -0.6639 0.5053 0.5513
vn -0.6637 0.1608 0.7305
vn -0.4603 0.6818 0.5686
vn -0.6230 0.0309 0.7816
vn -0.4638 0.5403 0.7021
vn -0.4620 0.1651 0.8714
vn -0.3628 0.6100 0.7045
vn -0.3265 -0.0352 0.9446
vn -0.3141 0.3480 0.8833
vn -0.2134 -0.0532 0.9755
vn -0.2798 0.4846 0.8288
vn -0.0612 0.6296 0.7745
vn -0.2985 0.8175 0.4925
vn -0.3304 0.8687 0.3691
vn -0.2722 0.9515 0.1435
vn -0.1712 0.9842 0.0459
vn -0.1624 0.9857 0.0452
vn -0.2163 0.9763 0.0086
vn -0.3319 0.7424 0.5819
vn -0.2981 0.7764 0.5552
vn -0.3144 0.8991 0.3045
vn -0.3386 0.9225 0.1855
vn -0.2832 0.9507 0.1266
vn -0.1848 0.9783 0.0937
vn -0.1411 0.7464 0.6503
vn -0.3800 0.8563 0.3499
vn -0.2761 0.9590 0.0637
vn -0.2728 0.9619 -0.0200
vn -0.3485 0.7304 -0.5874
vn 0.0146 0.9991 0.0394
vn -0.0270 0.9954 -0.0915
vn -0.0170 0.9990 0.0405
vn 0.1815 0.9833 -0.0092
vn -0.0139 0.9996 0.0230
vn -0.0776 0.9966 0.0267
vn 0.0574 0.9983 0.0022
vn -0.2226 0.9746 -0.0237
vn 0.1276 0.9918 -0.0117
vn -0.1057 0.9912 0.0790
vn -0.1141 0.9238 -0.3655
vn -0.0211 0.9995 -0.0254
vn 0.0849 0.9961 -0.0258
vn 0.0738 0.9971 0.0209
vn 0.0380 0.9992 0.0139
vn -0.0994 0.9944 0.0369
vn 0.0737 0.9956 -0.0581
vn 0.0414 0.9982 0.0436
vn 0.3768 0.7674 -0.5187
vn 0.1832 0.9439 -0.2747
vn 0.2846 0.9092 -0.3040
vn 0.4495 0.7459 -0.4915
vn 0.0151 0.9615 -0.2743
vn 0.0666 0.7997 -0.5968
vn 0.5824 0.8040 -0.1196
vn 0.5892 0.8001 -0.1122
vn 0.6044 0.7892 -0.1086
vn 0.5348 0.8424 -0.0660
vn 0.3137 0.9112 -0.2671
vn 0.4681 0.7507 -0.4662
vn 0.0854 0.9402 -0.3297
vn 0.1493 0.7834 -0.6033
vn 0.5738 0.8114 -0.1108
vn 0.5771 0.8102 -0.1023
vn 0.4182 0.8702 -0.2605
vn 0.5967 0.6983 -0.3953
vn 0.5754 0.8114 -0.1029
vn 0.4671 0.8810 -0.0756
vn 0.5312 0.8220 -0.2053
vn 0.6059 0.7144 -0.3501
vn 0.2797 0.7857 -0.5518
vn 0.1540 0.9433 -0.2940
vn 0.5564 0.8166 -0.1534
vn 0.5197 0.8479 -0.1050
vn 0.5551 0.8133 -0.1743
vn 0.6948 0.6742 -0.2504
vn 0.2733 0.4737 -0.8372
vn 0.4435 0.8532 -0.2744
vn 0.6002 0.7830 -0.1632
vn 0.5975 0.7668 -0.2345
vn 0.0630 0.1266 -0.9899
vn 0.1548 0.6108 -0.7765
vn 0.5980 0.7918 -0.1241
vn 0.6768 0.7228 -0.1396
vn -0.0056 0.9997 -0.0222
vn 0.0100 0.9999 -0.0123
vn 0.0519 0.9987 0.0014
vn 0.0006 1.0000 0.0001
vn 0.0005 1.0000 0.0001
vn 0.0013 1.0000 0.0001
vn 0.0010 1.0000 0.0003
vn 0.0009 0.9999 -0.0125
vn 0.0021 1.0000 -0.0002
vn -0.0062 0.7339 -0.6792
vn 0.1129 0.9935 -0.0136
vn 0.1225 0.9921 -0.0257
vn 0.0003 1.0000 0.0002
vn 0.1032 0.9943 -0.0279
vn 0.1270 0.9917 -0.0193
vn 0.1296 0.9913 -0.0215
vn 0.1307 0.9912 -0.0220
vn 0.1097 0.9928 -0.0487
vn -0.2743 0.1638 -0.9476
vn -0.3060 -0.0700 -0.9495
vn -0.0119 -0.7279 -0.6856
vn -0.0137 -0.0302 -0.9994
vn -0.0714 -0.6473 -0.7589
vn -0.0406 -0.9950 -0.0912
vn -0.2216 -0.9734 -0.0575
vn -0.3017 -0.6479 -0.6994
vn -0.0463 -0.9800 0.1937
vn -0.0747 -0.9682 0.2386
vn -0.1933 -0.9721 0.1332
vn -0.2152 -0.9680 0.1292
vn -0.0331 -0.9620 0.2711
vn -0.2454 -0.9675 0.0605
vn -0.2545 -0.9653 0.0591
vn -0.1227 -0.9778 0.1697
vn -0.1598 -0.9774 0.1387
vn -0.2514 -0.9653 0.0702
vn -0.2300 -0.9687 0.0939
vn -0.2248 -0.9729 0.0548
vn -0.2306 -0.9711 0.0615
vn -0.1049 -0.9705 0.2171
vn -0.2224 -0.9677 0.1189
vn -0.2322 -0.9706 0.0633
vn -0.0105 -0.9998 0.0151
vn -0.0103 -0.9993 0.0373
vn -0.0134 -0.9999 0.0026
vn -0.0134 -0.9999 0.0022
vn -0.0143 -0.9999 0.0010
vn -0.0141 -0.9999 -0.0005
vn -0.0128 -0.9999 -0.0003
vn -0.0127 -0.9999 0.0015
vn -0.0122 -0.9999 0.0016
vn -0.0131 -0.9999 0.0018
vn -0.0116 -0.9999 0.0053
vn -0.0123 -0.9973 0.0723
vn 0.0561 0.6872 -0.7243
vn -0.0313 -0.7248 -0.6882
vn -0.0175 -0.0413 -0.9990
vn -0.0585 -0.0343 -0.9977
vn -0.0161 -0.9977 -0.0662
vn 0.0002 -0.9983 -0.0585
vn -0.0079 -1.0000 0.0055
vn -0.0130 -0.9989 0.0442
vn -0.0344 -0.9983 0.0473
vn -0.4867 -0.2799 0.8275
vn -0.5266 -0.1324 0.8397
vn -0.7487 -0.0491 0.6611
vn -0.7010 -0.2082 0.6821
vn 0.3080 -0.9475 -0.0859
vn 0.2764 -0.9604 -0.0348
vn -0.2208 -0.9505 -0.2187
vn -0.2454 -0.9259 -0.2873
vn -0.5438 0.0923 0.8341
vn -0.7645 0.1437 0.6284
vn -0.7755 0.4059 0.4835
vn -0.6425 0.7504 0.1556
vn -0.8378 0.5445 0.0399
vn -0.8956 0.4038 0.1864
vn -0.5490 0.3686 0.7502
vn -0.9457 0.3245 0.0199
vn -0.9554 0.2944 0.0219
vn -0.9843 0.0764 -0.1589
vn -0.9920 0.1219 -0.0315
vn -0.9390 0.2436 0.2428
vn -0.0004 0.9952 -0.0977
vn -0.2427 0.9227 -0.2996
vn -0.5788 0.5778 -0.5755
vn -0.4988 0.7131 -0.4927
vn -0.9575 0.0616 0.2819
vn -0.7224 0.6723 0.1614
vn -0.5347 0.8328 -0.1431
vn -0.8698 0.2597 -0.4195
vn -0.9548 0.2461 -0.1666
vn -0.5944 0.2097 -0.7764
vn -0.5898 0.0913 -0.8023
vn -0.7327 0.0771 -0.6762
vn -0.7064 0.2493 -0.6625
vn -0.3451 0.7447 -0.5712
vn -0.1859 0.3762 -0.9077
vn -0.4199 0.2852 -0.8616
vn -0.5469 0.4565 -0.7018
vn -0.8499 -0.3825 -0.3624
vn -0.8928 -0.3580 -0.2734
vn -0.9630 -0.0946 -0.2525
vn -0.9305 -0.1160 -0.3474
vn -0.4144 0.1516 -0.8974
vn -0.6331 -0.7553 -0.1692
vn -0.7228 -0.6668 0.1815
vn -0.9361 -0.3438 -0.0740
vn -0.4003 0.0579 -0.9145
vn 0.7355 0.6648 0.1303
vn 0.7041 0.6791 -0.2077
vn 0.2242 0.9417 -0.2508
vn 0.0656 0.9977 0.0188
vn 0.4191 -0.5955 0.6854
vn 0.5800 -0.3199 0.7492
vn 0.1988 -0.3492 0.9157
vn 0.1536 -0.4491 0.8802
vn 0.4235 0.7116 0.5605
vn 0.5259 0.6140 0.5886
vn -0.0851 0.9964 0.0029
vn -0.1321 0.9046 0.4053
vn 0.0083 -0.8533 0.5213
vn -0.1664 -0.5189 0.8385
vn -0.4502 -0.4861 0.7490
vn -0.3761 -0.8420 0.3867
vn 0.3001 0.0874 -0.9499
vn 0.3511 -0.0537 -0.9348
vn -0.0530 0.0027 -0.9986
vn -0.0941 0.1195 -0.9884
vn 0.4712 0.0102 -0.8820
vn 0.4868 -0.0753 -0.8702
vn 0.6457 0.3730 -0.6663
vn 0.4424 0.4218 -0.7914
vn 0.7417 -0.3080 0.5959
vn 0.7658 -0.1403 0.6276
vn 0.6470 -0.1774 0.7415
vn 0.2053 0.4519 -0.8681
vn 0.6453 0.0164 -0.7637
vn -0.9531 0.0500 -0.2986
vn 0.5796 -0.0998 -0.8088
vn 0.9626 0.0810 -0.2584
vn -0.8946 0.0445 -0.4447
vn -0.8826 -0.1191 -0.4547
vn 0.0094 0.8945 -0.4470
vn -0.7939 0.2399 -0.5587
vn -0.8351 0.0519 -0.5477
vn 0.7698 0.0701 0.6345
vn 0.6976 0.0635 0.7137
vn 0.2282 0.3512 0.9081
vn -0.2573 0.3830 0.8872
vn 0.5949 -0.6551 0.4658
vn 0.1641 -0.9644 0.2074
vn -0.4248 0.8435 0.3288
vn -0.1888 0.9726 -0.1356
vn -0.3925 0.9180 0.0569
vn 0.3008 0.0393 0.9529
vn -0.2098 0.9340 0.2891
vn -0.7786 0.6138 0.1305
vn 0.2474 -0.2256 0.9423
vn -0.2692 0.0436 0.9621
vn 0.3832 -0.6738 -0.6318
vn 0.3199 -0.9234 -0.2119
vn -0.2511 -0.8590 -0.4461
vn -0.1135 -0.5634 -0.8183
vn 0.9878 -0.1528 -0.0287
vn 0.9883 0.1018 0.1139
vn 0.9734 0.1194 0.1953
vn 0.9833 -0.1255 0.1315
vn 0.8898 -0.1507 -0.4308
vn 0.9041 -0.1930 -0.3812
vn 0.6394 -0.0233 -0.7685
vn 0.4155 -0.1114 -0.9028
vn 0.1528 -0.1174 -0.9813
vn 0.6755 -0.0500 -0.7356
vn 0.8454 -0.3954 -0.3591
vn 0.8415 -0.5399 -0.0174
vn 0.6422 0.7548 0.1340
vn 0.7668 0.6387 0.0631
vn 0.0189 0.9922 -0.1235
vn -0.1208 0.9899 -0.0737
vn -0.5357 -0.6113 -0.5826
vn -0.5531 -0.6968 -0.4567
vn -0.7676 -0.3497 -0.5370
vn -0.7103 -0.2877 -0.6424
vn 0.8472 -0.3126 0.4297
vn 0.6892 -0.6603 0.2983
vn -0.5521 -0.7430 -0.3783
vn -0.8043 -0.3814 -0.4556
vn 0.3260 -0.0239 -0.9451
vn -0.1308 -0.1439 -0.9809
vn -0.0220 -0.0368 -0.9991
vn -0.3828 -0.4058 -0.8299
vn -0.5751 -0.1996 -0.7933
vn -0.3829 -0.0932 -0.9191
vn -0.1850 0.9693 0.1621
vn -0.2095 0.9763 0.0544
vn -0.0569 0.9676 0.2458
vn -0.7327 -0.4218 0.5341
vn -0.9255 -0.2622 0.2733
vn -0.2337 -0.3288 0.9150
vn -0.2598 -0.1939 0.9460
vn -0.3928 -0.0142 -0.9195
vn 0.9554 -0.2885 -0.0628
vn -0.6086 -0.0125 -0.7934
vn 0.9446 -0.1211 0.3051
vn 0.9224 -0.3132 0.2259
vn 0.9490 -0.3093 0.0611
vn 0.2203 -0.9730 0.0696
vn 0.4646 0.0286 -0.8850
vn -0.9543 -0.1158 0.2756
vn -0.9908 -0.0641 -0.1195
vn -0.2503 -0.9682 -0.0053
vn 0.7706 -0.6243 0.1284
vn 0.9419 0.1118 0.3168
vn 0.8442 0.0886 0.5287
vn 0.8601 -0.1293 0.4935
vn -0.1317 0.9908 -0.0323
vn -0.1090 0.9927 -0.0513
vn -0.1895 0.9746 0.1195
vn 0.4871 0.7347 0.4722
vn -0.2147 -0.9671 -0.1364
vn -0.5779 -0.7616 -0.2932
vn -0.8326 -0.0963 -0.5455
vn -0.7462 -0.0520 -0.6637
vn 0.8146 -0.5790 0.0351
vn 0.7010 -0.2082 0.6821
vn 0.7487 -0.0491 0.6611
vn 0.5266 -0.1324 0.8397
vn 0.4867 -0.2799 0.8275
vn 0.2454 -0.9259 -0.2873
vn 0.2208 -0.9505 -0.2187
vn -0.2764 -0.9604 -0.0348
vn -0.3080 -0.9475 -0.0859
vn 0.7645 0.1437 0.6284
vn 0.5438 0.0923 0.8341
vn 0.8956 0.4038 0.1864
vn 0.8378 0.5445 0.0399
vn 0.6425 0.7504 0.1556
vn 0.7755 0.4059 0.4835
vn 0.5490 0.3686 0.7502
vn 0.9920 0.1219 -0.0315
vn 0.9843 0.0764 -0.1589
vn 0.9554 0.2944 0.0219
vn 0.9457 0.3245 0.0199
vn 0.9390 0.2436 0.2428
vn 0.4988 0.7131 -0.4927
vn 0.5788 0.5778 -0.5755
vn 0.2427 0.9227 -0.2996
vn 0.0004 0.9952 -0.0977
vn 0.9575 0.0616 0.2819
vn 0.9548 0.2461 -0.1666
vn 0.8698 0.2597 -0.4195
vn 0.5347 0.8328 -0.1431
vn 0.7224 0.6723 0.1614
vn 0.7064 0.2493 -0.6625
vn 0.7327 0.0771 -0.6762
vn 0.5898 0.0913 -0.8023
vn 0.5944 0.2097 -0.7764
vn 0.5469 0.4565 -0.7018
vn 0.4199 0.2852 -0.8616
vn 0.1859 0.3762 -0.9077
vn 0.3451 0.7447 -0.5712
vn 0.9305 -0.1160 -0.3474
vn 0.9630 -0.0946 -0.2525
vn 0.8928 -0.3580 -0.2734
vn 0.8499 -0.3825 -0.3624
vn 0.4144 0.1516 -0.8974
vn 0.9361 -0.3438 -0.0740
vn 0.7228 -0.6668 0.1815
vn 0.6331 -0.7553 -0.1692
vn 0.4003 0.0579 -0.9145
vn -0.0656 0.9977 0.0188
vn -0.2242 0.9417 -0.2508
vn -0.7041 0.6791 -0.2077
vn -0.7355 0.6648 0.1303
vn -0.1536 -0.4491 0.8802
vn -0.1988 -0.3492 0.9157
vn -0.5800 -0.3199 0.7492
vn -0.4191 -0.5955 0.6854
vn 0.1321 0.9046 0.4053
vn 0.0851 0.9964 0.0029
vn -0.5259 0.6140 0.5886
vn -0.4235 0.7116 0.5605
vn 0.3761 -0.8420 0.3867
vn 0.4502 -0.4861 0.7490
vn 0.1664 -0.5189 0.8385
vn -0.0083 -0.8533 0.5213
vn 0.0941 0.1195 -0.9884
vn 0.0530 0.0027 -0.9986
vn -0.3511 -0.0537 -0.9348
vn -0.3001 0.0874 -0.9499
vn -0.4868 -0.0753 -0.8702
vn -0.4712 0.0102 -0.8820
vn -0.4424 0.4218 -0.7914
vn -0.6457 0.3730 -0.6663
vn -0.6470 -0.1774 0.7415
vn -0.7658 -0.1403 0.6276
vn -0.7417 -0.3080 0.5959
vn -0.2053 0.4519 -0.8681
vn -0.6453 0.0164 -0.7637
vn 0.9531 0.0500 -0.2986
vn -0.5796 -0.0998 -0.8088
vn -0.9626 0.0810 -0.2584
vn 0.8826 -0.1191 -0.4547
vn 0.8946 0.0445 -0.4447
vn -0.0094 0.8945 -0.4470
vn 0.8351 0.0519 -0.5477
vn 0.7939 0.2399 -0.5587
vn -0.6976 0.0635 0.7137
vn -0.7698 0.0701 0.6345
vn 0.2573 0.3830 0.8872
vn -0.2282 0.3512 0.9081
vn -0.1641 -0.9644 0.2074
vn -0.5949 -0.6551 0.4658
vn 0.3925 0.9180 0.0569
vn 0.1888 0.9726 -0.1356
vn 0.4248 0.8435 0.3288
vn -0.3008 0.0393 0.9529
vn 0.7786 0.6138 0.1305
vn 0.2098 0.9340 0.2891
vn -0.2474 -0.2256 0.9423
vn 0.2692 0.0436 0.9621
vn 0.1135 -0.5634 -0.8183
vn 0.2511 -0.8590 -0.4461
vn -0.3199 -0.9234 -0.2119
vn -0.3832 -0.6738 -0.6318
vn -0.9833 -0.1255 0.1315
vn -0.9734 0.1194 0.1953
vn -0.9883 0.1018 0.1139
vn -0.9878 -0.1528 -0.0287
vn -0.6394 -0.0233 -0.7685
vn -0.9041 -0.1930 -0.3812
vn -0.8898 -0.1507 -0.4308
vn -0.1528 -0.1174 -0.9813
vn -0.4155 -0.1114 -0.9028
vn -0.8454 -0.3954 -0.3591
vn -0.6755 -0.0500 -0.7356
vn -0.8415 -0.5399 -0.0174
vn 0.1208 0.9899 -0.0737
vn -0.0189 0.9922 -0.1235
vn -0.7668 0.6387 0.0631
vn -0.6422 0.7548 0.1340
vn 0.7103 -0.2877 -0.6424
vn 0.7676 -0.3497 -0.5370
vn 0.5531 -0.6968 -0.4567
vn 0.5357 -0.6113 -0.5826
vn -0.6892 -0.6603 0.2983
vn -0.8472 -0.3126 0.4297
vn 0.8043 -0.3814 -0.4556
vn 0.5521 -0.7430 -0.3783
vn 0.0220 -0.0368 -0.9991
vn 0.1308 -0.1439 -0.9809
vn -0.3260 -0.0239 -0.9451
vn 0.5751 -0.1996 -0.7933
vn 0.3828 -0.4058 -0.8299
vn 0.3829 -0.0932 -0.9191
vn 0.2095 0.9763 0.0544
vn 0.1850 0.9693 0.1621
vn 0.0569 0.9676 0.2458
vn 0.9255 -0.2622 0.2733
vn 0.7327 -0.4218 0.5341
vn 0.2337 -0.3288 0.9150
vn 0.2598 -0.1939 0.9460
vn 0.3928 -0.0142 -0.9195
vn -0.9554 -0.2885 -0.0628
vn 0.6086 -0.0125 -0.7934
vn -0.9490 -0.3093 0.0611
vn -0.9224 -0.3132 0.2259
vn -0.9446 -0.1211 0.3051
vn -0.2203 -0.9730 0.0696
vn -0.4646 0.0286 -0.8850
vn 0.9908 -0.0641 -0.1195
vn 0.9543 -0.1158 0.2756
vn 0.2503 -0.9682 -0.0053
vn -0.7706 -0.6243 0.1284
vn -0.8601 -0.1293 0.4935
vn -0.8442 0.0886 0.5287
vn -0.9419 0.1118 0.3168
vn 0.1090 0.9927 -0.0513
vn 0.1317 0.9908 -0.0323
vn 0.1895 0.9746 0.1195
vn -0.4871 0.7347 0.4722
vn 0.5779 -0.7616 -0.2932
vn 0.2147 -0.9671 -0.1364
vn 0.8326 -0.0963 -0.5455
vn 0.7462 -0.0520 -0.6637
vn -0.8146 -0.5790 0.0351
vn 0.7966 -0.4558 0.3970
vn 0.8374 -0.1832 0.5150
vn 0.4497 -0.2720 0.8507
vn 0.4274 -0.6805 0.5952
vn -0.2178 0.8441 -0.4900
vn -0.1921 0.5823 -0.7900
vn -0.2030 0.5543 -0.8072
vn -0.5430 0.7060 -0.4547
vn 0.2986 0.4572 -0.8377
vn 0.4685 0.2095 -0.8582
vn 0.2511 0.1837 -0.9504
vn 0.0988 0.5376 -0.8374
vn 0.6206 0.4447 -0.6458
vn 0.5023 0.4314 -0.7494
vn 0.0388 0.5927 -0.8045
vn -0.0394 0.6268 -0.7782
vn 0.7908 0.0611 -0.6090
vn 0.7608 -0.0600 -0.6462
vn 0.4470 -0.3099 -0.8391
vn 0.4648 -0.0272 -0.8850
vn -0.0795 0.6609 -0.7463
vn 0.6788 0.2930 -0.6733
vn 0.7858 0.1488 -0.6003
vn 0.6434 0.5222 -0.5597
vn 0.4252 0.7755 -0.4666
vn 1.0000 -0.0044 0.0068
vn 0.9802 0.1797 -0.0827
vn 0.7030 0.5700 0.4253
vn 0.8211 -0.0454 0.5690
vn 0.9981 -0.0496 0.0379
vn 0.9910 -0.1292 0.0362
vn 0.9334 -0.1803 -0.3103
vn 0.9624 0.0296 -0.2702
vn 0.9385 0.1137 -0.3261
vn 0.2306 -0.1919 -0.9539
vn 0.1320 -0.5099 -0.8500
vn -0.0976 -0.5921 -0.7999
vn -0.0996 -0.2946 -0.9504
vn 0.0859 -0.2985 0.9505
vn 0.0658 -0.7744 0.6293
vn 0.9639 0.0455 -0.2625
vn -0.1359 0.5879 -0.7974
vn -0.1001 0.1632 -0.9815
vn -0.5116 0.1336 -0.8488
vn -0.3975 0.5287 -0.7500
vn -0.3047 -0.6844 0.6624
vn -0.2717 -0.2883 0.9182
vn -0.7026 -0.2298 0.6734
vn -0.6835 -0.4887 0.5421
vn -0.1608 -0.0759 0.9841
vn -0.2208 0.7131 0.6654
vn -0.6909 0.5147 0.5077
vn -0.7152 -0.1106 0.6901
vn -0.6955 0.3694 -0.6163
vn -0.7492 0.3879 -0.5368
vn -0.9966 0.0776 -0.0278
vn -0.9919 -0.0501 0.1170
vn -0.3374 0.6135 -0.7139
vn -0.6168 0.4508 -0.6453
vn -0.4893 -0.2461 -0.8367
vn -0.3826 -0.5288 -0.7576
vn -0.6818 -0.3154 -0.6601
vn -0.7538 -0.1111 -0.6476
vn -0.0281 -0.9712 -0.2367
vn -0.3547 -0.9165 -0.1849
vn -0.9549 0.1302 -0.2670
vn 0.2918 0.7279 0.6206
vn 0.3359 -0.0575 0.9401
vn -0.8509 0.2837 -0.4420
vn 0.0261 0.7786 0.6270
vn -0.1000 0.8596 -0.5011
vn -0.9390 0.0607 -0.3385
vn -0.9910 0.0304 -0.1304
vn -0.6328 0.4184 -0.6516
vn -0.7068 -0.6908 -0.1524
vn -0.2557 0.6776 -0.6895
vn -0.9670 -0.1644 0.1945
vn -0.9620 -0.2196 -0.1622
vn -0.8786 -0.0889 -0.4693
vn 0.0467 0.8663 -0.4974
vn -0.1223 0.6226 -0.7729
vn -0.1569 0.6047 -0.7808
vn -0.1539 0.6864 -0.7108
vn 0.2676 -0.9293 -0.2545
vn -0.7655 0.0998 -0.6356
vn 0.0892 -0.0341 0.9954
vn 0.6529 -0.7071 -0.2716
vn -0.9226 -0.0078 -0.3856
vn -0.9872 0.0199 -0.1582
vn -0.9802 -0.0703 0.1851
vn -0.4274 -0.6805 0.5952
vn -0.4497 -0.2720 0.8507
vn -0.8374 -0.1832 0.5150
vn -0.7966 -0.4558 0.3970
vn 0.5430 0.7060 -0.4547
vn 0.2030 0.5543 -0.8072
vn 0.1921 0.5823 -0.7900
vn 0.2178 0.8441 -0.4900
vn -0.0988 0.5376 -0.8374
vn -0.2511 0.1837 -0.9504
vn -0.4685 0.2095 -0.8582
vn -0.2986 0.4572 -0.8377
vn 0.0394 0.6268 -0.7782
vn -0.0388 0.5927 -0.8045
vn -0.5023 0.4314 -0.7494
vn -0.6206 0.4447 -0.6458
vn -0.4648 -0.0272 -0.8850
vn -0.4470 -0.3099 -0.8391
vn -0.7608 -0.0600 -0.6462
vn -0.7908 0.0611 -0.6090
vn 0.0795 0.6609 -0.7463
vn -0.6788 0.2930 -0.6733
vn -0.7858 0.1488 -0.6003
vn -0.4252 0.7755 -0.4666
vn -0.6434 0.5222 -0.5597
vn -0.8211 -0.0454 0.5690
vn -0.7030 0.5700 0.4253
vn -0.9802 0.1797 -0.0827
vn -1.0000 -0.0044 0.0068
vn -0.9624 0.0296 -0.2702
vn -0.9334 -0.1803 -0.3103
vn -0.9910 -0.1292 0.0362
vn -0.9981 -0.0496 0.0379
vn -0.9385 0.1137 -0.3261
vn 0.0996 -0.2946 -0.9504
vn 0.0976 -0.5921 -0.7999
vn -0.1320 -0.5099 -0.8500
vn -0.2306 -0.1919 -0.9539
vn -0.0658 -0.7744 0.6293
vn -0.0859 -0.2985 0.9505
vn -0.9639 0.0455 -0.2625
vn 0.3975 0.5287 -0.7500
vn 0.5116 0.1336 -0.8488
vn 0.1001 0.1632 -0.9815
vn 0.1359 0.5879 -0.7974
vn 0.6835 -0.4887 0.5421
vn 0.7026 -0.2298 0.6734
vn 0.2717 -0.2883 0.9182
vn 0.3047 -0.6844 0.6624
vn 0.7152 -0.1106 0.6901
vn 0.6909 0.5147 0.5077
vn 0.2208 0.7131 0.6654
vn 0.1608 -0.0759 0.9841
vn 0.7492 0.3879 -0.5368
vn 0.6955 0.3694 -0.6163
vn 0.9966 0.0776 -0.0278
vn 0.9919 -0.0501 0.1170
vn 0.6168 0.4508 -0.6453
vn 0.3374 0.6135 -0.7139
vn 0.7538 -0.1111 -0.6476
vn 0.6818 -0.3154 -0.6601
vn 0.3826 -0.5288 -0.7576
vn 0.4893 -0.2461 -0.8367
vn 0.3547 -0.9165 -0.1849
vn 0.0281 -0.9712 -0.2367
vn 0.9549 0.1302 -0.2670
vn -0.3359 -0.0575 0.9401
vn -0.2918 0.7279 0.6206
vn 0.8509 0.2837 -0.4420
vn 0.1000 0.8596 -0.5011
vn -0.0261 0.7786 0.6270
vn 0.9910 0.0304 -0.1304
vn 0.9390 0.0607 -0.3385
vn 0.6328 0.4184 -0.6516
vn 0.7068 -0.6908 -0.1524
vn 0.2557 0.6776 -0.6895
vn 0.9620 -0.2196 -0.1622
vn 0.9670 -0.1644 0.1945
vn 0.8786 -0.0889 -0.4693
vn 0.1569 0.6047 -0.7808
vn 0.1223 0.6226 -0.7729
vn -0.0467 0.8663 -0.4974
vn 0.1539 0.6864 -0.7108
vn -0.2676 -0.9293 -0.2545
vn 0.7655 0.0998 -0.6356
vn -0.0892 -0.0341 0.9954
vn -0.6529 -0.7071 -0.2716
vn 0.9872 0.0199 -0.1582
vn 0.9226 -0.0078 -0.3856
vn 0.9802 -0.0703 0.1851
vn -0.2326 0.7845 -0.5748
vn -0.1666 0.6750 -0.7187
vn -0.1841 0.6568 -0.7312
vn -0.5143 0.6865 -0.5140
vn 0.1120 -0.7669 0.6319
vn 0.2307 -0.2947 0.9273
vn -0.2089 -0.2871 0.9348
vn -0.3123 -0.6868 0.6563
vn 0.0765 0.4309 -0.8992
vn 0.2695 0.1880 -0.9445
vn 0.0146 0.1482 -0.9888
vn -0.0310 0.4903 -0.8710
vn 0.1769 0.6002 -0.7800
vn 0.0732 0.5496 -0.8322
vn -0.2043 0.5978 -0.7752
vn -0.2526 0.6806 -0.6877
vn -0.1847 0.6678 -0.7211
vn -0.2994 0.4930 -0.8169
vn -0.2753 0.6886 -0.6708
vn 0.3966 0.3476 -0.8497
vn 0.7208 0.2429 -0.6492
vn 0.8896 0.0376 -0.4552
vn 0.6392 0.1593 -0.7524
vn 0.9172 -0.3240 -0.2319
vn 0.9663 -0.2562 0.0254
vn 0.7985 -0.4945 0.3433
vn 0.5734 -0.7938 -0.2027
vn -0.6418 0.3926 -0.6587
vn -0.7294 0.0539 -0.6820
vn -0.8942 0.0341 -0.4463
vn -0.8072 0.2628 -0.5285
vn -0.0018 0.8103 -0.5861
vn 0.2583 0.6703 -0.6957
vn 0.9945 -0.0474 -0.0938
vn 0.8435 0.4349 -0.3153
vn 0.6842 0.6900 0.2361
vn 0.8283 -0.0628 0.5567
vn 0.7283 -0.0001 -0.6852
vn 0.7213 -0.2514 -0.6454
vn 0.3090 -0.5413 -0.7820
vn 0.2464 -0.1086 -0.9631
vn -0.3469 0.0933 -0.9333
vn 0.1828 -0.9715 -0.1511
vn -0.1106 -0.6523 -0.7498
vn -0.9639 0.0155 -0.2660
vn -0.9014 0.1622 -0.4014
vn -0.7164 -0.2165 0.6633
vn -0.7142 -0.4883 0.5015
vn -0.2634 0.6751 -0.6892
vn -0.1523 0.8050 -0.5734
vn -0.1293 -0.0009 0.9916
vn -0.2816 0.8025 0.5260
vn -0.7009 0.6158 0.3599
vn -0.7427 -0.0340 0.6688
vn -0.7246 0.4369 -0.5330
vn -0.7358 0.4959 -0.4612
vn -0.9861 0.1652 -0.0195
vn -0.9899 -0.0272 0.1391
vn -0.4688 0.5278 -0.7083
vn -0.7154 0.3768 -0.5884
vn 0.5128 -0.6736 0.5323
vn -0.1592 -0.9818 -0.1035
vn -0.6931 -0.2596 -0.6725
vn -0.5916 -0.5576 -0.5823
vn -0.8132 -0.3659 -0.4526
vn -0.8665 -0.1285 -0.4824
vn -0.4839 -0.8734 -0.0545
vn -0.9828 0.0865 -0.1633
vn -0.9972 -0.0085 -0.0738
vn -0.7735 -0.6334 -0.0227
vn -0.3877 0.6325 -0.6705
vn -0.9580 -0.2021 0.2037
vn -0.9755 -0.2163 -0.0412
vn -0.9480 -0.1442 -0.2836
vn -0.9738 -0.0950 0.2067
vn -0.9977 -0.0326 -0.0602
vn -0.9638 -0.0376 -0.2640
vn 0.8388 -0.2270 0.4949
vn 0.9898 -0.1405 -0.0256
vn 0.9419 -0.0353 -0.3339
vn -0.2640 0.6709 -0.6930
vn -0.0747 -0.2488 -0.9657
vn 0.5599 -0.2612 0.7863
vn 0.4695 -0.0135 0.8828
vn 0.2295 0.0198 0.9731
vn -0.3564 -0.6481 -0.6730
vn -0.3813 -0.3124 -0.8701
vn 0.0005 0.8714 0.4907
vn -0.2500 0.7875 -0.5634
vn 0.3021 0.8490 0.4335
vn 0.5143 0.6865 -0.5140
vn 0.1841 0.6568 -0.7312
vn 0.1666 0.6750 -0.7187
vn 0.2326 0.7845 -0.5748
vn 0.3123 -0.6868 0.6563
vn 0.2089 -0.2871 0.9348
vn -0.2307 -0.2947 0.9273
vn -0.1120 -0.7669 0.6319
vn 0.0310 0.4903 -0.8710
vn -0.0146 0.1482 -0.9888
vn -0.2695 0.1880 -0.9445
vn -0.0765 0.4309 -0.8992
vn 0.2526 0.6806 -0.6877
vn 0.2043 0.5978 -0.7752
vn -0.0732 0.5496 -0.8322
vn -0.1769 0.6002 -0.7800
vn 0.2753 0.6886 -0.6708
vn 0.2994 0.4930 -0.8169
vn 0.1847 0.6678 -0.7211
vn -0.3966 0.3476 -0.8497
vn -0.6392 0.1593 -0.7524
vn -0.8896 0.0376 -0.4552
vn -0.7208 0.2429 -0.6492
vn -0.5734 -0.7938 -0.2027
vn -0.7985 -0.4945 0.3433
vn -0.9663 -0.2562 0.0254
vn -0.9172 -0.3240 -0.2319
vn 0.8072 0.2628 -0.5285
vn 0.8942 0.0341 -0.4463
vn 0.7294 0.0539 -0.6820
vn 0.6418 0.3926 -0.6587
vn -0.2583 0.6703 -0.6957
vn 0.0018 0.8103 -0.5861
vn -0.8283 -0.0628 0.5567
vn -0.6842 0.6900 0.2361
vn -0.8435 0.4349 -0.3153
vn -0.9945 -0.0474 -0.0938
vn -0.2464 -0.1086 -0.9631
vn -0.3090 -0.5413 -0.7820
vn -0.7213 -0.2514 -0.6454
vn -0.7283 -0.0001 -0.6853
vn 0.3469 0.0933 -0.9333
vn 0.1106 -0.6523 -0.7498
vn -0.1828 -0.9715 -0.1511
vn 0.9014 0.1622 -0.4014
vn 0.9639 0.0155 -0.2660
vn 0.7142 -0.4883 0.5015
vn 0.7164 -0.2165 0.6633
vn 0.1523 0.8050 -0.5734
vn 0.2634 0.6751 -0.6892
vn 0.7427 -0.0340 0.6688
vn 0.7009 0.6158 0.3599
vn 0.2816 0.8025 0.5260
vn 0.1293 -0.0009 0.9916
vn 0.7358 0.4959 -0.4612
vn 0.7246 0.4369 -0.5330
vn 0.9861 0.1652 -0.0195
vn 0.9899 -0.0272 0.1391
vn 0.7154 0.3768 -0.5884
vn 0.4688 0.5278 -0.7083
vn 0.1592 -0.9818 -0.1035
vn -0.5128 -0.6736 0.5323
vn 0.8665 -0.1285 -0.4824
vn 0.8132 -0.3659 -0.4526
vn 0.5916 -0.5576 -0.5823
vn 0.6931 -0.2596 -0.6725
vn 0.4839 -0.8734 -0.0545
vn 0.9828 0.0865 -0.1633
vn 0.9972 -0.0085 -0.0738
vn 0.7735 -0.6334 -0.0227
vn 0.3877 0.6325 -0.6705
vn 0.9755 -0.2163 -0.0412
vn 0.9580 -0.2021 0.2037
vn 0.9480 -0.1442 -0.2836
vn 0.9977 -0.0326 -0.0602
vn 0.9738 -0.0950 0.2067
vn 0.9638 -0.0376 -0.2640
vn -0.9898 -0.1405 -0.0256
vn -0.8388 -0.2270 0.4949
vn -0.9419 -0.0353 -0.3339
vn 0.2640 0.6709 -0.6930
vn 0.0747 -0.2488 -0.9657
vn -0.5599 -0.2612 0.7863
vn -0.2295 0.0198 0.9731
vn -0.4695 -0.0135 0.8828
vn 0.3813 -0.3124 -0.8701
vn 0.3564 -0.6481 -0.6730
vn -0.0005 0.8714 0.4907
vn 0.2500 0.7875 -0.5634
vn -0.3021 0.8490 0.4335
vn 0.9693 -0.2267 0.0955
vn 0.8323 -0.2809 0.4778
vn 0.7588 -0.5824 0.2917
vn 0.9192 -0.3927 0.0301
vn -0.7623 0.6008 -0.2406
vn -0.5108 0.7724 -0.3775
vn -0.5574 0.6864 -0.4671
vn -0.6604 0.6444 -0.3854
vn -0.0378 0.3824 -0.9232
vn 0.0886 0.1695 -0.9815
vn -0.2798 0.1069 -0.9541
vn -0.2507 0.4144 -0.8749
vn -0.3157 0.6649 -0.6769
vn 0.2448 0.4609 -0.8530
vn 0.1489 0.4622 -0.8742
vn -0.2693 0.5851 -0.7649
vn 0.6702 0.0240 -0.7418
vn 0.7211 -0.1274 -0.6810
vn 0.2589 -0.4795 -0.8385
vn 0.0766 -0.0410 -0.9962
vn -0.3302 0.6350 -0.6984
vn 0.3892 0.2545 -0.8853
vn 0.5842 0.0939 -0.8062
vn 0.0889 0.7639 -0.6391
vn 0.3596 0.4956 -0.7906
vn 0.7982 0.6017 -0.0294
vn 0.9789 -0.1324 0.1556
vn 0.9214 -0.1056 -0.3740
vn 0.8505 0.1244 -0.5111
vn 0.9324 -0.1329 -0.3362
vn 0.9379 -0.1710 -0.3018
vn 0.8964 -0.1865 -0.4021
vn 0.8549 -0.0476 -0.5165
vn 0.7028 0.0926 -0.7054
vn -0.3677 -0.1751 -0.9133
vn -0.2399 -0.6303 -0.7384
vn -0.4156 -0.6202 -0.6653
vn -0.5497 -0.2360 -0.8013
vn 0.6114 -0.3045 0.7304
vn 0.5078 -0.7151 0.4804
vn 0.8118 -0.0369 -0.5827
vn -0.4896 0.4010 -0.7743
vn -0.5431 0.0422 -0.8386
vn -0.8032 0.0341 -0.5947
vn -0.7458 0.3572 -0.5623
vn 0.1946 -0.6929 0.6943
vn 0.3101 -0.2913 0.9050
vn -0.3103 -0.2317 0.9220
vn -0.2989 -0.5173 0.8019
vn 0.3172 -0.0646 0.9462
vn -0.0604 0.7816 0.6208
vn -0.5570 0.5622 0.6112
vn -0.3933 -0.0659 0.9171
vn -0.9053 0.4151 -0.0904
vn -0.9164 0.3985 -0.0386
vn -0.9367 0.1673 0.3076
vn -0.8704 -0.0224 0.4918
vn -0.7456 0.5697 -0.3457
vn -0.9170 0.3973 -0.0355
vn -0.7550 -0.1990 -0.6248
vn -0.6179 -0.5646 -0.5472
vn -0.8986 -0.3879 -0.2049
vn -0.9493 -0.1016 -0.2974
vn 0.0740 -0.9882 -0.1344
vn -0.2441 -0.9692 0.0338
vn -0.9585 0.1017 0.2662
vn 0.5444 0.7682 0.3370
vn 0.7797 -0.0950 0.6190
vn -0.9823 0.1810 0.0491
vn 0.2855 0.8238 0.4898
vn -0.3549 0.8412 -0.4080
vn -0.9420 -0.0032 0.3355
vn -0.9916 0.0201 0.1278
vn -0.8928 0.3103 -0.3266
vn -0.6179 -0.7314 0.2885
vn -0.5950 0.6360 -0.4914
vn -0.7723 -0.2421 0.5873
vn -0.8729 -0.2463 0.4211
vn -0.9734 -0.1568 0.1672
vn -0.2476 0.8569 -0.4521
vn -0.4080 0.6839 -0.6048
vn -0.4627 0.6907 -0.5557
vn -0.4387 0.6568 -0.6134
vn 0.3275 -0.9198 -0.2159
vn -0.9604 0.0490 -0.2744
vn 0.5874 -0.0611 0.8070
vn 0.6623 -0.6832 -0.3076
vn -0.9214 -0.0846 0.3793
vn -0.9863 -0.0585 0.1543
vn -0.8126 -0.1381 0.5663
vn -0.9192 -0.3927 0.0301
vn -0.7588 -0.5824 0.2917
vn -0.8324 -0.2809 0.4778
vn -0.9693 -0.2267 0.0955
vn 0.6604 0.6444 -0.3854
vn 0.5574 0.6864 -0.4671
vn 0.5108 0.7724 -0.3775
vn 0.7623 0.6008 -0.2406
vn 0.2507 0.4144 -0.8749
vn 0.2798 0.1069 -0.9541
vn -0.0886 0.1695 -0.9815
vn 0.0378 0.3824 -0.9232
vn 0.2693 0.5851 -0.7649
vn -0.1489 0.4622 -0.8742
vn -0.2448 0.4609 -0.8530
vn 0.3157 0.6649 -0.6769
vn -0.0766 -0.0410 -0.9962
vn -0.2589 -0.4795 -0.8385
vn -0.7211 -0.1274 -0.6810
vn -0.6702 0.0240 -0.7418
vn 0.3302 0.6350 -0.6984
vn -0.3892 0.2545 -0.8853
vn -0.5842 0.0939 -0.8062
vn -0.3596 0.4956 -0.7906
vn -0.0889 0.7639 -0.6391
vn -0.8505 0.1244 -0.5111
vn -0.9214 -0.1056 -0.3740
vn -0.9789 -0.1324 0.1556
vn -0.7982 0.6017 -0.0294
vn -0.8549 -0.0476 -0.5165
vn -0.8964 -0.1865 -0.4022
vn -0.9379 -0.1710 -0.3018
vn -0.9324 -0.1329 -0.3362
vn -0.7028 0.0926 -0.7054
vn 0.5497 -0.2360 -0.8013
vn 0.4156 -0.6202 -0.6653
vn 0.2399 -0.6303 -0.7384
vn 0.3677 -0.1751 -0.9133
vn -0.5078 -0.7151 0.4804
vn -0.6114 -0.3045 0.7304
vn -0.8118 -0.0369 -0.5827
vn 0.7458 0.3572 -0.5623
vn 0.8032 0.0341 -0.5947
vn 0.5431 0.0422 -0.8386
vn 0.4896 0.4010 -0.7743
vn 0.2989 -0.5173 0.8019
vn 0.3103 -0.2317 0.9220
vn -0.3101 -0.2913 0.9050
vn -0.1946 -0.6929 0.6943
vn 0.3933 -0.0659 0.9171
vn 0.5570 0.5622 0.6112
vn 0.0604 0.7816 0.6208
vn -0.3172 -0.0646 0.9462
vn 0.9164 0.3985 -0.0386
vn 0.9053 0.4151 -0.0904
vn 0.9367 0.1673 0.3076
vn 0.8704 -0.0224 0.4918
vn 0.9170 0.3973 -0.0355
vn 0.7456 0.5697 -0.3457
vn 0.9493 -0.1016 -0.2974
vn 0.8986 -0.3879 -0.2049
vn 0.6179 -0.5646 -0.5472
vn 0.7550 -0.1990 -0.6248
vn 0.2441 -0.9692 0.0338
vn -0.0740 -0.9882 -0.1344
vn 0.9585 0.1017 0.2662
vn -0.7797 -0.0950 0.6190
vn -0.5444 0.7682 0.3370
vn 0.9823 0.1810 0.0491
vn 0.3549 0.8412 -0.4080
vn -0.2855 0.8238 0.4898
vn 0.9916 0.0201 0.1278
vn 0.9420 -0.0032 0.3355
vn 0.8928 0.3103 -0.3266
vn 0.6179 -0.7314 0.2885
vn 0.5950 0.6360 -0.4914
vn 0.8729 -0.2463 0.4211
vn 0.7723 -0.2421 0.5873
vn 0.9734 -0.1568 0.1672
vn 0.4627 0.6907 -0.5557
vn 0.4080 0.6839 -0.6048
vn 0.2476 0.8569 -0.4521
vn 0.4387 0.6568 -0.6134
vn -0.3275 -0.9198 -0.2159
vn 0.9604 0.0490 -0.2744
vn -0.5874 -0.0611 0.8070
vn -0.6623 -0.6832 -0.3076
vn 0.9863 -0.0585 0.1543
vn 0.9214 -0.0846 0.3793
vn 0.8126 -0.1381 0.5663
vn -0.8656 0.1780 -0.4680
vn -0.8971 -0.0325 -0.4407
vn -0.9919 -0.0360 -0.1219
vn -0.9727 0.1254 -0.1953
vn 0.5527 0.6979 0.4554
vn -0.0604 0.9759 -0.2095
vn -0.4324 0.8981 0.0806
vn 0.1410 0.6779 0.7215
vn -0.8398 0.5175 -0.1640
vn -0.8186 0.4521 -0.3541
vn -0.7221 0.5261 -0.4493
vn -0.7975 0.5168 -0.3112
vn -0.7842 0.4101 -0.4657
vn -0.7386 0.4984 -0.4539
vn -0.7619 -0.6476 -0.0074
vn -0.8870 -0.2858 0.3628
vn -0.9440 -0.0914 0.3172
vn -0.9728 -0.1776 -0.1490
vn -0.8312 0.4148 -0.3702
vn -0.7964 0.4596 -0.3930
vn -0.6909 0.5911 -0.4163
vn -0.6812 0.5957 -0.4255
vn -0.8428 0.4722 -0.2582
vn -0.7609 0.5110 -0.3998
vn -0.8167 0.4407 -0.3725
vn -0.4671 0.5484 -0.6936
vn -0.5117 0.5356 -0.6718
vn -0.6106 0.4884 -0.6234
vn -0.5942 0.5077 -0.6238
vn -0.3097 0.4680 -0.8277
vn -0.3446 0.4839 -0.8044
vn -0.3328 0.5187 -0.7876
vn -0.3567 0.5007 -0.7887
vn -0.5505 0.4836 -0.6805
vn -0.4349 0.5711 -0.6962
vn 0.9905 -0.0246 -0.1352
vn 0.9592 -0.2762 -0.0603
vn 0.8541 -0.0463 -0.5180
vn 0.7901 0.0617 -0.6098
vn 0.1962 -0.9570 0.2136
vn -0.1575 -0.8390 0.5209
vn -0.5133 -0.7982 -0.3153
vn -0.4932 0.5769 -0.6511
vn -0.3487 0.4796 -0.8052
vn -0.3574 0.4615 -0.8120
vn 0.2134 0.7873 -0.5785
vn -0.3640 0.5604 -0.7439
vn -0.4322 0.4903 -0.7569
vn -0.2868 0.5975 -0.7488
vn -0.7370 0.4831 -0.4728
vn -0.6958 0.5031 -0.5125
vn -0.6965 0.5235 -0.4908
vn -0.7458 0.5318 -0.4012
vn -0.4776 0.5279 -0.7023
vn -0.6710 0.5850 -0.4556
vn -0.7146 0.5373 -0.4479
vn -0.5004 0.5650 -0.6560
vn -0.5481 -0.3528 0.7584
vn -0.7601 0.6461 -0.0698
vn -0.4574 0.7231 0.5176
vn 0.9391 -0.0953 0.3301
vn 0.8553 -0.4350 0.2815
vn 0.6744 -0.6659 -0.3190
vn 0.4393 -0.8983 0.0031
vn -0.2874 -0.7915 -0.5395
vn 0.0018 -0.5775 -0.8164
vn 0.7214 -0.1109 -0.6836
vn 0.5008 0.1240 -0.8566
vn 0.5694 -0.5032 0.6501
vn 0.2454 -0.4259 0.8709
vn 0.3182 -0.0915 -0.9436
vn -0.7035 0.4811 -0.5231
vn 0.4613 0.0728 0.8842
vn 0.3705 0.3080 0.8763
vn -0.3677 0.4909 0.7898
vn -0.0710 0.0821 0.9941
vn 0.3274 -0.9395 0.1002
vn -0.3680 -0.8253 -0.4284
vn -0.6198 0.0215 0.7845
vn -0.8530 0.3855 0.3517
vn -0.9419 0.3096 0.1305
vn -0.8513 -0.0057 0.5246
vn 0.0089 0.5525 -0.8334
vn 0.5494 0.2793 -0.7875
vn 0.2357 0.2839 -0.9294
vn -0.2089 0.5134 -0.8323
vn 0.7232 -0.5123 0.4632
vn 0.7784 -0.1323 0.6137
vn 0.5529 -0.1251 0.8238
vn -0.7748 0.0137 -0.6321
vn -0.7134 -0.3038 -0.6315
vn -0.8445 -0.2844 -0.4539
vn 0.1625 -0.1283 0.9783
vn -0.0522 0.2654 -0.9627
vn 0.1318 0.1300 -0.9827
vn -0.3582 -0.0478 -0.9324
vn -0.3704 0.1857 -0.9101
vn -0.3762 -0.1528 0.9138
vn -0.2690 -0.2411 0.9325
vn -0.7282 -0.1113 0.6763
vn -0.4184 0.5401 -0.7302
vn -0.4741 0.4925 -0.7299
vn -0.4493 0.3923 -0.8026
vn -0.6119 0.0786 -0.7870
vn -0.6191 0.3316 -0.7119
vn -0.5928 -0.2323 -0.7711
vn -0.8682 0.3627 -0.3387
vn 0.9253 0.1685 0.3396
vn 0.8519 0.4441 0.2775
vn 0.6832 0.2507 0.6859
vn 0.7252 0.0757 0.6844
vn -0.9637 -0.0208 0.2662
vn 0.8832 0.3226 -0.3404
vn 0.5821 0.6773 -0.4499
vn -0.0324 0.7931 -0.6082
vn -0.5819 0.5627 -0.5872
vn -0.7001 0.4457 -0.5579
vn -0.7716 0.3864 -0.5053
vn 0.6633 0.7483 -0.0035
vn -0.7548 0.2728 -0.5966
vn -0.9799 0.1854 0.0742
vn -0.3237 0.4604 -0.8266
vn 0.9727 0.1254 -0.1953
vn 0.9919 -0.0360 -0.1219
vn 0.8971 -0.0325 -0.4407
vn 0.8656 0.1780 -0.4680
vn -0.1410 0.6779 0.7215
vn 0.4324 0.8981 0.0806
vn 0.0604 0.9759 -0.2095
vn -0.5527 0.6979 0.4554
vn 0.7975 0.5168 -0.3112
vn 0.7221 0.5261 -0.4493
vn 0.8186 0.4521 -0.3541
vn 0.8398 0.5175 -0.1640
vn 0.7386 0.4984 -0.4539
vn 0.7842 0.4101 -0.4657
vn 0.9728 -0.1776 -0.1490
vn 0.9440 -0.0914 0.3172
vn 0.8870 -0.2858 0.3628
vn 0.7619 -0.6476 -0.0074
vn 0.7964 0.4596 -0.3929
vn 0.8312 0.4148 -0.3702
vn 0.6812 0.5957 -0.4255
vn 0.6909 0.5911 -0.4163
vn 0.8428 0.4722 -0.2582
vn 0.8167 0.4407 -0.3725
vn 0.7609 0.5110 -0.3998
vn 0.5942 0.5077 -0.6238
vn 0.6106 0.4884 -0.6234
vn 0.5117 0.5356 -0.6718
vn 0.4671 0.5484 -0.6936
vn 0.3567 0.5007 -0.7887
vn 0.3328 0.5187 -0.7876
vn 0.3446 0.4839 -0.8044
vn 0.3097 0.4680 -0.8277
vn 0.5505 0.4836 -0.6805
vn 0.4349 0.5711 -0.6962
vn -0.7901 0.0617 -0.6098
vn -0.8541 -0.0463 -0.5180
vn -0.9592 -0.2762 -0.0603
vn -0.9905 -0.0246 -0.1352
vn 0.5133 -0.7982 -0.3153
vn 0.1575 -0.8390 0.5209
vn -0.1962 -0.9570 0.2136
vn 0.4932 0.5769 -0.6511
vn 0.3574 0.4615 -0.8120
vn 0.3487 0.4796 -0.8052
vn 0.2868 0.5975 -0.7488
vn 0.4322 0.4903 -0.7569
vn 0.3640 0.5604 -0.7439
vn -0.2134 0.7873 -0.5785
vn 0.7458 0.5318 -0.4012
vn 0.6965 0.5235 -0.4908
vn 0.6958 0.5031 -0.5125
vn 0.7370 0.4831 -0.4728
vn 0.4776 0.5279 -0.7023
vn 0.7146 0.5373 -0.4479
vn 0.6710 0.5850 -0.4556
vn 0.5004 0.5650 -0.6560
vn 0.5481 -0.3528 0.7584
vn 0.4574 0.7231 0.5176
vn 0.7601 0.6461 -0.0698
vn -0.8553 -0.4350 0.2815
vn -0.9391 -0.0953 0.3301
vn -0.0018 -0.5775 -0.8164
vn 0.2874 -0.7915 -0.5395
vn -0.4393 -0.8983 0.0031
vn -0.6744 -0.6659 -0.3190
vn -0.5008 0.1240 -0.8566
vn -0.7214 -0.1109 -0.6836
vn -0.2454 -0.4259 0.8709
vn -0.5694 -0.5032 0.6501
vn -0.3182 -0.0915 -0.9436
vn 0.7035 0.4811 -0.5231
vn 0.0710 0.0821 0.9941
vn 0.3677 0.4909 0.7898
vn -0.3705 0.3080 0.8763
vn -0.4613 0.0728 0.8842
vn 0.3680 -0.8253 -0.4284
vn -0.3274 -0.9395 0.1002
vn 0.8513 -0.0057 0.5246
vn 0.9419 0.3096 0.1305
vn 0.8530 0.3855 0.3517
vn 0.6198 0.0215 0.7845
vn 0.2089 0.5134 -0.8323
vn -0.2357 0.2839 -0.9294
vn -0.5494 0.2793 -0.7875
vn -0.0089 0.5525 -0.8334
vn -0.7232 -0.5123 0.4632
vn -0.5529 -0.1251 0.8238
vn -0.7784 -0.1323 0.6137
vn 0.8445 -0.2844 -0.4539
vn 0.7134 -0.3038 -0.6315
vn 0.7748 0.0137 -0.6321
vn -0.1625 -0.1283 0.9783
vn 0.3704 0.1857 -0.9101
vn 0.3582 -0.0478 -0.9324
vn -0.1318 0.1300 -0.9827
vn 0.0522 0.2654 -0.9627
vn 0.3762 -0.1528 0.9138
vn 0.2690 -0.2411 0.9325
vn 0.7282 -0.1113 0.6763
vn 0.4741 0.4925 -0.7299
vn 0.4184 0.5401 -0.7302
vn 0.6191 0.3316 -0.7119
vn 0.6119 0.0786 -0.7870
vn 0.4493 0.3923 -0.8026
vn 0.5928 -0.2323 -0.7711
vn 0.8682 0.3627 -0.3387
vn -0.7252 0.0757 0.6844
vn -0.6832 0.2507 0.6859
vn -0.8519 0.4441 0.2775
vn -0.9253 0.1685 0.3396
vn 0.9637 -0.0208 0.2662
vn -0.5821 0.6773 -0.4499
vn -0.8832 0.3226 -0.3404
vn 0.5819 0.5627 -0.5872
vn 0.0324 0.7931 -0.6082
vn 0.7716 0.3864 -0.5053
vn 0.7001 0.4457 -0.5579
vn -0.6633 0.7483 -0.0035
vn 0.7548 0.2728 -0.5966
vn 0.9799 0.1854 0.0742
vn 0.3237 0.4604 -0.8266
vn -0.5121 -0.1248 0.8498
vn -0.5589 -0.0365 0.8284
vn -0.6113 -0.0265 0.7910
vn -0.6683 -0.1094 0.7358
vn -0.6305 0.1682 0.7577
vn -0.5805 0.1845 0.7931
vn -0.5885 0.6310 0.5055
vn -0.3569 0.9280 0.1067
vn -0.5349 0.7919 0.2944
vn -0.5661 0.5985 0.5668
vn -0.6570 0.5390 0.5272
vn -0.7363 0.2267 0.6376
vn -0.7899 -0.0404 0.6119
vn -0.9187 0.3081 0.2470
vn -0.7001 0.2040 -0.6843
vn -0.7324 -0.0634 -0.6780
vn -0.8078 -0.0751 -0.5846
vn -0.7658 0.2553 -0.5903
vn 0.0447 0.8846 -0.4643
vn 0.2083 0.5625 -0.8001
vn -0.0570 0.5411 -0.8390
vn -0.3266 0.6960 -0.6395
vn -0.4337 0.7580 -0.4872
vn -0.2973 0.1750 -0.9386
vn -0.9978 -0.0665 0.0027
vn -0.9375 0.2781 0.2093
vn -0.9610 0.2759 0.0170
vn -0.9830 -0.1042 -0.1510
vn 0.6533 -0.7477 0.1193
vn 0.6030 -0.7849 0.1426
vn 0.0920 -0.9953 0.0317
vn 0.1212 -0.9925 0.0173
vn -0.3608 -0.0470 -0.9315
vn 0.6388 -0.4729 0.6069
vn 0.6943 -0.2096 0.6885
vn 0.2250 -0.1968 0.9543
vn 0.2666 -0.2865 0.9202
vn 0.4182 0.6188 0.6650
vn 0.5725 0.7310 0.3714
vn -0.0584 0.9982 0.0112
vn -0.1366 0.9441 0.2999
vn 0.2479 -0.7964 0.5516
vn -0.0901 -0.3990 0.9125
vn -0.4586 -0.3637 0.8108
vn -0.2390 -0.8544 0.4613
vn 0.3852 0.1646 -0.9080
vn 0.4892 -0.0038 -0.8722
vn 0.1713 -0.0015 -0.9852
vn 0.2539 0.1588 -0.9541
vn 0.5100 0.0920 -0.8552
vn 0.5743 -0.0468 -0.8173
vn 0.0099 0.9758 -0.2184
vn 0.8075 0.5749 -0.1323
vn 0.7802 0.3435 -0.5228
vn 0.4619 0.5032 -0.7304
vn 0.3340 0.9051 -0.2633
vn 0.8577 -0.2275 0.4611
vn 0.8327 -0.1844 0.5221
vn 0.5960 -0.2023 0.7771
vn 0.2217 0.5104 -0.8309
vn 0.7990 0.0518 -0.5991
vn 0.7648 0.6442 -0.0087
vn 0.2036 0.9747 -0.0918
vn 0.7225 -0.1048 -0.6834
vn 0.9888 0.0729 -0.1302
vn 0.0847 0.9015 -0.4244
vn 0.8554 0.0582 0.5146
vn 0.5971 -0.0196 0.8019
vn -0.0541 0.3271 0.9434
vn -0.4350 0.5140 0.7393
vn 0.8258 -0.4722 0.3084
vn 0.4930 -0.8573 0.1484
vn -0.4305 0.8992 0.0782
vn -0.2695 0.9595 -0.0817
vn -0.1914 0.9638 0.1856
vn -0.0219 -0.0014 0.9998
vn 0.0825 -0.1590 0.9838
vn -0.4652 0.1051 0.8790
vn 0.6733 -0.0420 -0.7382
vn 0.7786 -0.1762 -0.6023
vn 0.5139 -0.2527 -0.8198
vn 0.5083 -0.0315 -0.8606
vn -0.4718 0.7701 0.4294
vn 0.7446 -0.6149 -0.2596
vn 0.3551 -0.8361 -0.4181
vn 0.9726 0.1378 0.1871
vn 0.9872 0.0903 0.1316
vn 0.6677 0.7440 -0.0240
vn 0.9554 -0.1406 -0.2596
vn 0.9321 -0.2325 -0.2778
vn 0.7446 -0.1319 -0.6544
vn 0.8344 -0.1119 -0.5396
vn 0.9535 -0.2723 -0.1290
vn 0.9289 -0.3580 0.0946
vn -0.5185 -0.8318 -0.1981
vn -0.4730 -0.8566 -0.2063
vn -0.8144 -0.4681 -0.3429
vn -0.8257 -0.4202 -0.3763
vn 0.8856 -0.2596 0.3850
vn 0.8476 -0.4602 0.2642
vn -0.9775 -0.0413 0.2067
vn 0.0109 -0.2763 -0.9610
vn 0.1745 -0.0269 -0.9843
vn -0.2331 -0.7428 -0.6276
vn -0.5170 -0.8317 -0.2026
vn -0.8493 -0.3648 -0.3817
vn -0.7382 -0.3138 -0.5972
vn -0.3812 -0.1165 -0.9171
vn -0.2644 -0.1625 0.9506
vn -0.3602 -0.0835 0.9291
vn -0.3738 -0.0853 -0.9236
vn 0.9648 -0.2578 0.0516
vn -0.7523 -0.1679 -0.6371
vn -0.9496 -0.3073 0.0624
vn -0.8873 -0.1969 0.4170
vn -0.8420 -0.1479 0.5189
vn -0.9719 -0.1942 0.1333
vn -0.7773 -0.2638 0.5711
vn -0.8477 -0.4629 -0.2592
vn -0.9036 -0.3941 -0.1681
vn -0.9680 -0.2353 -0.0875
vn -0.9351 -0.2742 -0.2246
vn -0.9149 0.2390 -0.3254
vn -0.9323 -0.1128 -0.3436
vn -0.0658 0.9746 0.2140
vn 0.0028 0.9856 0.1692
vn -0.5079 0.8531 -0.1197
vn -0.4888 0.8527 0.1846
vn -0.8910 -0.2789 -0.3583
vn -0.8575 -0.2630 -0.4422
vn -0.8748 -0.1026 -0.4735
vn 0.9835 -0.1579 0.0881
vn 0.9685 -0.1601 0.1907
vn 0.9536 -0.2603 0.1513
vn 0.8904 -0.4256 0.1616
vn 0.9167 0.1814 0.3560
vn 0.9302 -0.1660 0.3272
vn 0.9234 -0.2697 0.2731
vn 0.8594 -0.4532 0.2367
vn 0.8730 -0.1694 0.4573
vn -0.4899 -0.8521 -0.1843
vn 0.0926 -0.9957 0.0031
vn 0.0851 -0.9962 -0.0190
vn 0.0272 -0.9993 0.0268
vn -0.5566 -0.8198 -0.1344
vn 0.5613 -0.8144 0.1471
vn 0.0180 0.9980 0.0602
vn -0.4572 0.8609 -0.2233
vn -0.2244 0.9716 0.0758
vn -0.2667 0.9601 0.0846
vn -0.0888 0.9918 0.0920
vn 0.0373 0.9973 -0.0630
vn 0.0558 0.9960 -0.0693
vn -0.7126 -0.6708 0.2056
vn 0.4157 0.8352 0.3601
vn 0.5021 0.8461 0.1789
vn -0.1016 0.9938 -0.0459
vn 0.5409 -0.8327 0.1182
vn 0.1292 0.9704 -0.2041
vn 0.8685 0.1357 0.4768
vn -0.8525 0.2634 -0.4516
vn -0.8329 -0.2245 -0.5059
vn 0.6683 -0.1094 0.7358
vn 0.6113 -0.0265 0.7910
vn 0.5589 -0.0365 0.8284
vn 0.5121 -0.1248 0.8498
vn 0.5805 0.1845 0.7931
vn 0.6305 0.1682 0.7577
vn 0.5661 0.5985 0.5668
vn 0.5349 0.7919 0.2944
vn 0.3569 0.9280 0.1067
vn 0.5885 0.6310 0.5055
vn 0.6570 0.5390 0.5272
vn 0.7363 0.2267 0.6376
vn 0.7899 -0.0404 0.6119
vn 0.9187 0.3081 0.2470
vn 0.7658 0.2553 -0.5903
vn 0.8078 -0.0751 -0.5846
vn 0.7324 -0.0634 -0.6780
vn 0.7001 0.2040 -0.6843
vn 0.3266 0.6960 -0.6395
vn 0.0570 0.5411 -0.8390
vn -0.2083 0.5625 -0.8001
vn -0.0447 0.8846 -0.4643
vn 0.4337 0.7580 -0.4872
vn 0.2973 0.1750 -0.9386
vn 0.9830 -0.1042 -0.1510
vn 0.9610 0.2759 0.0170
vn 0.9375 0.2781 0.2093
vn 0.9978 -0.0665 0.0027
vn -0.1212 -0.9925 0.0173
vn -0.0920 -0.9953 0.0317
vn -0.6030 -0.7849 0.1426
vn -0.6533 -0.7477 0.1193
vn 0.3608 -0.0470 -0.9315
vn -0.2666 -0.2865 0.9202
vn -0.2250 -0.1968 0.9543
vn -0.6943 -0.2096 0.6885
vn -0.6388 -0.4729 0.6069
vn 0.1366 0.9441 0.2999
vn 0.0584 0.9982 0.0112
vn -0.5725 0.7310 0.3714
vn -0.4182 0.6188 0.6650
vn 0.2390 -0.8544 0.4613
vn 0.4586 -0.3637 0.8108
vn 0.0901 -0.3990 0.9125
vn -0.2479 -0.7964 0.5516
vn -0.2539 0.1588 -0.9541
vn -0.1713 -0.0015 -0.9852
vn -0.4892 -0.0038 -0.8722
vn -0.3852 0.1646 -0.9080
vn -0.5743 -0.0468 -0.8173
vn -0.5100 0.0920 -0.8552
vn -0.0099 0.9758 -0.2184
vn -0.3340 0.9051 -0.2633
vn -0.4619 0.5032 -0.7304
vn -0.7802 0.3435 -0.5228
vn -0.8075 0.5749 -0.1323
vn -0.5960 -0.2023 0.7771
vn -0.8327 -0.1844 0.5221
vn -0.8577 -0.2275 0.4611
vn -0.2217 0.5104 -0.8309
vn -0.7990 0.0518 -0.5991
vn -0.2036 0.9747 -0.0918
vn -0.7648 0.6442 -0.0087
vn -0.7225 -0.1048 -0.6834
vn -0.9888 0.0729 -0.1302
vn -0.0847 0.9015 -0.4244
vn -0.5971 -0.0196 0.8019
vn -0.8554 0.0582 0.5146
vn 0.4350 0.5141 0.7393
vn 0.0541 0.3271 0.9434
vn -0.4930 -0.8573 0.1484
vn -0.8258 -0.4722 0.3084
vn 0.1914 0.9638 0.1856
vn 0.2695 0.9595 -0.0817
vn 0.4305 0.8992 0.0782
vn 0.0219 -0.0014 0.9998
vn -0.0825 -0.1590 0.9838
vn 0.4652 0.1051 0.8790
vn -0.5083 -0.0315 -0.8606
vn -0.5139 -0.2527 -0.8198
vn -0.7786 -0.1762 -0.6023
vn -0.6733 -0.0420 -0.7382
vn 0.4718 0.7701 0.4294
vn -0.3551 -0.8361 -0.4181
vn -0.7446 -0.6149 -0.2596
vn -0.6677 0.7440 -0.0240
vn -0.9872 0.0903 0.1316
vn -0.9726 0.1378 0.1871
vn -0.7446 -0.1319 -0.6544
vn -0.9321 -0.2325 -0.2778
vn -0.9554 -0.1406 -0.2596
vn -0.9535 -0.2723 -0.1290
vn -0.8344 -0.1119 -0.5396
vn -0.9289 -0.3580 0.0946
vn 0.8257 -0.4202 -0.3763
vn 0.8144 -0.4681 -0.3429
vn 0.4730 -0.8566 -0.2063
vn 0.5185 -0.8318 -0.1981
vn -0.8476 -0.4602 0.2642
vn -0.8856 -0.2596 0.3850
vn 0.9775 -0.0413 0.2067
vn -0.1745 -0.0269 -0.9843
vn -0.0109 -0.2763 -0.9610
vn 0.7382 -0.3138 -0.5972
vn 0.8493 -0.3648 -0.3817
vn 0.5170 -0.8317 -0.2026
vn 0.2331 -0.7428 -0.6276
vn 0.3812 -0.1165 -0.9171
vn 0.2644 -0.1625 0.9506
vn 0.3602 -0.0835 0.9291
vn 0.3738 -0.0853 -0.9236
vn -0.9648 -0.2578 0.0516
vn 0.7523 -0.1679 -0.6371
vn 0.9719 -0.1942 0.1333
vn 0.8420 -0.1479 0.5189
vn 0.8873 -0.1969 0.4170
vn 0.9496 -0.3073 0.0624
vn 0.7773 -0.2638 0.5711
vn 0.9351 -0.2742 -0.2246
vn 0.9680 -0.2353 -0.0875
vn 0.9036 -0.3941 -0.1681
vn 0.8477 -0.4629 -0.2592
vn 0.9323 -0.1128 -0.3436
vn 0.9149 0.2390 -0.3254
vn 0.4888 0.8527 0.1846
vn 0.5079 0.8531 -0.1197
vn -0.0028 0.9856 0.1692
vn 0.0658 0.9746 0.2140
vn 0.8910 -0.2789 -0.3583
vn 0.8748 -0.1026 -0.4735
vn 0.8575 -0.2630 -0.4422
vn -0.9685 -0.1601 0.1907
vn -0.9835 -0.1579 0.0881
vn -0.8904 -0.4256 0.1616
vn -0.9536 -0.2603 0.1513
vn -0.9302 -0.1660 0.3272
vn -0.9167 0.1814 0.3560
vn -0.9234 -0.2697 0.2731
vn -0.8594 -0.4532 0.2367
vn -0.8730 -0.1694 0.4573
vn 0.4899 -0.8521 -0.1843
vn -0.0851 -0.9962 -0.0190
vn -0.0926 -0.9957 0.0031
vn 0.5566 -0.8198 -0.1344
vn -0.0272 -0.9993 0.0268
vn -0.5613 -0.8144 0.1471
vn 0.4572 0.8609 -0.2233
vn -0.0180 0.9980 0.0602
vn 0.2667 0.9601 0.0846
vn 0.2244 0.9716 0.0758
vn -0.0373 0.9973 -0.0630
vn 0.0888 0.9918 0.0920
vn -0.0558 0.9960 -0.0693
vn 0.7126 -0.6708 0.2056
vn 0.1016 0.9938 -0.0459
vn -0.5021 0.8461 0.1789
vn -0.4157 0.8352 0.3601
vn -0.5409 -0.8327 0.1182
vn -0.1292 0.9704 -0.2041
vn -0.8685 0.1357 0.4768
vn 0.8525 0.2634 -0.4516
vn 0.8329 -0.2245 -0.5059
vn -0.0853 -0.1423 0.9861
vn -0.1602 -0.1446 0.9764
vn -0.4485 -0.1299 0.8843
vn -0.4684 -0.1554 0.8697
vn -0.2456 -0.0516 0.9680
vn -0.4154 -0.0310 0.9091
vn -0.4005 0.2976 0.8666
vn -0.3541 0.7477 0.5617
vn -0.7018 0.4342 0.5648
vn -0.5532 0.2131 0.8053
vn -0.2302 0.2749 0.9335
vn -0.6542 -0.0726 0.7529
vn -0.7312 -0.1990 0.6525
vn -0.9043 -0.0702 0.4210
vn -0.6917 0.0456 -0.7207
vn -0.6888 -0.2259 -0.6889
vn -0.8725 -0.2505 -0.4194
vn -0.9008 0.0461 -0.4318
vn -0.1974 0.7911 -0.5789
vn -0.1444 0.3185 -0.9368
vn -0.3297 0.2615 -0.9071
vn -0.5607 0.3627 -0.7444
vn -0.8041 0.4459 -0.3932
vn -0.3950 0.0475 -0.9175
vn -0.9513 -0.2807 -0.1273
vn -0.9468 -0.3018 0.1113
vn -0.9909 -0.0027 0.1345
vn -0.9757 0.1117 -0.1887
vn 0.5244 -0.7776 0.3470
vn 0.6157 -0.7612 0.2039
vn 0.2924 -0.9481 0.1250
vn 0.1942 -0.9620 0.1922
vn -0.4178 -0.1910 -0.8882
vn 0.7790 0.0782 0.6221
vn 0.9418 0.2417 0.2338
vn 0.4730 0.8547 0.2140
vn 0.3779 0.5704 0.7293
vn 0.5750 -0.6258 0.5270
vn 0.3238 -0.3049 0.8957
vn -0.0239 -0.3481 0.9371
vn 0.1697 -0.8096 0.5619
vn 0.0925 -0.0161 -0.9956
vn 0.1206 -0.2373 -0.9639
vn -0.1138 -0.1874 -0.9757
vn -0.1461 0.0413 -0.9884
vn 0.4139 -0.0794 -0.9069
vn 0.2171 -0.2713 -0.9377
vn -0.3432 0.9257 -0.1589
vn 0.7737 -0.3940 0.4962
vn 0.5028 -0.3271 0.8002
vn 0.5161 -0.2790 0.8098
vn 0.7556 -0.4417 0.4838
vn 0.9907 0.0355 -0.1315
vn 0.9254 0.0566 -0.3747
vn 0.6295 0.2289 -0.7425
vn 0.7304 0.5698 -0.3765
vn 0.9341 -0.2158 0.2843
vn 0.7954 -0.2929 0.5306
vn 0.8487 -0.3988 0.3474
vn 0.1311 0.3248 -0.9367
vn 0.8356 -0.1034 -0.5396
vn 0.9787 0.1331 -0.1561
vn 0.6762 0.7319 -0.0841
vn 0.6338 -0.2999 -0.7130
vn 0.9926 -0.0710 -0.0984
vn 0.1683 0.8435 -0.5100
vn 0.9770 -0.0278 0.2113
vn 0.8278 -0.1024 0.5516
vn 0.5835 -0.0203 0.8118
vn 0.2309 0.1458 0.9620
vn 0.8086 -0.5072 0.2982
vn 0.6822 -0.7102 0.1741
vn -0.1586 0.7856 0.5980
vn -0.0289 0.9992 0.0284
vn -0.1909 0.9700 0.1507
vn 0.5364 -0.1299 0.8339
vn 0.4910 -0.2808 0.8247
vn 0.1219 -0.1077 0.9867
vn 0.2532 -0.2083 -0.9447
vn 0.4765 -0.2891 -0.8303
vn 0.3640 -0.2137 -0.9065
vn 0.2544 -0.1467 -0.9559
vn 0.5948 -0.7615 -0.2574
vn 0.3319 -0.8492 -0.4107
vn 0.9047 0.3734 0.2052
vn 0.9874 -0.0164 0.1576
vn 0.9839 -0.0560 -0.1696
vn 0.9423 -0.2776 -0.1872
vn 0.9002 -0.4146 -0.1333
vn 0.5890 -0.3620 -0.7225
vn 0.6766 -0.3187 -0.6638
vn 0.8542 -0.5148 -0.0728
vn 0.7791 -0.5397 0.3190
vn -0.4309 -0.9008 -0.0531
vn -0.3574 -0.9119 -0.2016
vn -0.8547 -0.4537 -0.2523
vn -0.8694 -0.4437 -0.2176
vn -0.7853 0.5766 0.2255
vn 0.8388 -0.4149 0.3527
vn 0.7890 -0.5668 0.2371
vn -0.8946 -0.2723 0.3543
vn 0.0769 -0.2228 -0.9718
vn 0.0191 -0.1235 -0.9922
vn -0.1964 -0.7761 -0.5993
vn -0.4515 -0.8919 -0.0253
vn -0.8830 -0.4120 -0.2249
vn -0.6727 -0.3616 -0.6455
vn -0.4262 -0.1258 -0.8958
vn 0.1410 -0.1970 0.9702
vn 0.0952 -0.2291 0.9687
vn -0.4459 -0.1991 -0.8727
vn 0.8787 -0.4618 0.1210
vn -0.7385 -0.2932 -0.6072
vn -0.9273 -0.3457 0.1436
vn -0.8548 -0.2367 0.4619
vn -0.8067 -0.2216 0.5478
vn -0.9281 -0.2948 0.2274
vn -0.5652 -0.3587 0.7429
vn -0.8861 -0.4289 -0.1756
vn -0.9165 -0.3898 -0.0903
vn -0.9379 -0.3463 0.0225
vn -0.9175 -0.3814 -0.1127
vn -0.9549 0.1691 -0.2442
vn -0.9375 -0.2563 -0.2352
vn -0.1916 0.9569 -0.2183
vn -0.2420 0.9694 0.0422
vn -0.7476 0.6565 -0.1009
vn -0.7436 0.6403 -0.1927
vn -0.8939 -0.3892 -0.2224
vn -0.8833 -0.3892 -0.2611
vn -0.9336 -0.2534 -0.2532
vn 0.9538 -0.2874 0.0878
vn 0.9589 -0.2781 -0.0566
vn 0.8486 -0.5242 0.0715
vn 0.7822 -0.6005 0.1661
vn 0.8509 0.0071 0.5253
vn 0.8586 -0.2119 0.4667
vn 0.8355 -0.4949 0.2385
vn 0.7911 -0.6075 0.0712
vn 0.9162 -0.1517 0.3710
vn -0.3836 -0.9054 -0.1820
vn 0.3528 -0.9346 -0.0460
vn 0.3671 -0.9295 -0.0340
vn 0.3544 -0.9317 0.0792
vn -0.4226 -0.9040 -0.0644
vn 0.6425 -0.7660 0.0198
vn -0.3428 0.9052 0.2511
vn -0.8300 0.5540 0.0647
vn 0.3637 0.9308 -0.0367
vn -0.0025 0.9847 -0.1740
vn -0.1306 0.9904 0.0441
vn -0.0732 0.9784 0.1936
vn 0.0990 0.9918 0.0811
vn -0.5123 -0.7941 0.3270
vn 0.9253 0.3535 0.1376
vn 0.7910 0.4570 0.4068
vn 0.2084 0.9669 0.1474
vn 0.6563 -0.7474 0.1032
vn 0.3239 0.9411 0.0971
vn 0.9631 0.0128 0.2690
vn -0.9777 0.1025 -0.1831
vn -0.8611 -0.3617 -0.3574
vn 0.4684 -0.1554 0.8697
vn 0.4485 -0.1299 0.8843
vn 0.1602 -0.1446 0.9764
vn 0.0853 -0.1423 0.9861
vn 0.4154 -0.0310 0.9091
vn 0.2456 -0.0516 0.9680
vn 0.5532 0.2131 0.8053
vn 0.7018 0.4342 0.5648
vn 0.3541 0.7477 0.5617
vn 0.4005 0.2976 0.8666
vn 0.2302 0.2749 0.9335
vn 0.6542 -0.0726 0.7529
vn 0.7312 -0.1990 0.6525
vn 0.9043 -0.0702 0.4210
vn 0.9008 0.0461 -0.4318
vn 0.8725 -0.2505 -0.4194
vn 0.6888 -0.2259 -0.6889
vn 0.6917 0.0456 -0.7207
vn 0.5607 0.3627 -0.7444
vn 0.3297 0.2615 -0.9071
vn 0.1444 0.3185 -0.9368
vn 0.1974 0.7911 -0.5789
vn 0.8041 0.4459 -0.3932
vn 0.3950 0.0475 -0.9175
vn 0.9757 0.1117 -0.1887
vn 0.9909 -0.0027 0.1345
vn 0.9468 -0.3018 0.1113
vn 0.9513 -0.2807 -0.1273
vn -0.1942 -0.9620 0.1922
vn -0.2924 -0.9481 0.1250
vn -0.6157 -0.7612 0.2039
vn -0.5244 -0.7776 0.3470
vn 0.4178 -0.1910 -0.8882
vn -0.3779 0.5704 0.7293
vn -0.4730 0.8547 0.2140
vn -0.9418 0.2418 0.2338
vn -0.7790 0.0782 0.6221
vn -0.1697 -0.8096 0.5619
vn 0.0239 -0.3481 0.9371
vn -0.3238 -0.3049 0.8957
vn -0.5750 -0.6258 0.5270
vn 0.1461 0.0413 -0.9884
vn 0.1138 -0.1874 -0.9757
vn -0.1206 -0.2373 -0.9639
vn -0.0925 -0.0161 -0.9956
vn -0.2171 -0.2713 -0.9377
vn -0.4139 -0.0794 -0.9069
vn 0.3432 0.9257 -0.1589
vn -0.7556 -0.4417 0.4838
vn -0.5161 -0.2790 0.8098
vn -0.5028 -0.3271 0.8002
vn -0.7737 -0.3940 0.4962
vn -0.7304 0.5698 -0.3765
vn -0.6295 0.2289 -0.7425
vn -0.9254 0.0566 -0.3747
vn -0.9907 0.0355 -0.1315
vn -0.8487 -0.3988 0.3474
vn -0.7954 -0.2929 0.5306
vn -0.9341 -0.2158 0.2843
vn -0.1311 0.3248 -0.9367
vn -0.8356 -0.1034 -0.5396
vn -0.6762 0.7319 -0.0841
vn -0.9787 0.1331 -0.1561
vn -0.6338 -0.2999 -0.7130
vn -0.9926 -0.0710 -0.0984
vn -0.1683 0.8435 -0.5100
vn -0.8278 -0.1024 0.5516
vn -0.9770 -0.0278 0.2113
vn -0.2309 0.1458 0.9620
vn -0.5835 -0.0203 0.8118
vn -0.6822 -0.7102 0.1741
vn -0.8086 -0.5072 0.2982
vn 0.1909 0.9700 0.1507
vn 0.0289 0.9992 0.0284
vn 0.1586 0.7856 0.5980
vn -0.5364 -0.1299 0.8339
vn -0.4910 -0.2808 0.8247
vn -0.1219 -0.1077 0.9867
vn -0.2544 -0.1467 -0.9559
vn -0.3640 -0.2137 -0.9065
vn -0.4765 -0.2891 -0.8303
vn -0.2532 -0.2083 -0.9447
vn -0.3319 -0.8492 -0.4107
vn -0.5948 -0.7615 -0.2574
vn -0.9839 -0.0560 -0.1696
vn -0.9874 -0.0164 0.1576
vn -0.9047 0.3734 0.2052
vn -0.5890 -0.3620 -0.7225
vn -0.9002 -0.4146 -0.1333
vn -0.9423 -0.2776 -0.1872
vn -0.8542 -0.5148 -0.0728
vn -0.6766 -0.3187 -0.6638
vn -0.7791 -0.5397 0.3190
vn 0.8694 -0.4437 -0.2176
vn 0.8547 -0.4537 -0.2523
vn 0.3574 -0.9119 -0.2016
vn 0.4309 -0.9008 -0.0531
vn 0.7853 0.5766 0.2255
vn -0.7890 -0.5668 0.2371
vn -0.8388 -0.4149 0.3527
vn 0.8946 -0.2723 0.3543
vn -0.0191 -0.1235 -0.9922
vn -0.0769 -0.2228 -0.9718
vn 0.6727 -0.3616 -0.6455
vn 0.8830 -0.4120 -0.2249
vn 0.4515 -0.8919 -0.0253
vn 0.1964 -0.7761 -0.5993
vn 0.4262 -0.1258 -0.8958
vn -0.1410 -0.1970 0.9702
vn -0.0952 -0.2291 0.9687
vn 0.4459 -0.1991 -0.8727
vn -0.8787 -0.4618 0.1210
vn 0.7385 -0.2932 -0.6072
vn 0.9281 -0.2948 0.2274
vn 0.8067 -0.2216 0.5478
vn 0.8548 -0.2367 0.4619
vn 0.9273 -0.3457 0.1436
vn 0.5652 -0.3587 0.7429
vn 0.9175 -0.3814 -0.1127
vn 0.9379 -0.3463 0.0225
vn 0.9165 -0.3898 -0.0903
vn 0.8861 -0.4289 -0.1756
vn 0.9375 -0.2563 -0.2352
vn 0.9549 0.1691 -0.2442
vn 0.7436 0.6403 -0.1927
vn 0.7476 0.6565 -0.1009
vn 0.2420 0.9694 0.0422
vn 0.1916 0.9569 -0.2183
vn 0.8939 -0.3892 -0.2224
vn 0.9336 -0.2534 -0.2532
vn 0.8833 -0.3892 -0.2611
vn -0.9589 -0.2781 -0.0566
vn -0.9538 -0.2874 0.0878
vn -0.7822 -0.6005 0.1661
vn -0.8486 -0.5242 0.0715
vn -0.8586 -0.2119 0.4667
vn -0.8509 0.0071 0.5253
vn -0.8355 -0.4949 0.2385
vn -0.7911 -0.6075 0.0712
vn -0.9162 -0.1517 0.3710
vn 0.3836 -0.9054 -0.1820
vn -0.3671 -0.9295 -0.0340
vn -0.3528 -0.9346 -0.0460
vn 0.4226 -0.9040 -0.0644
vn -0.3544 -0.9317 0.0792
vn -0.6425 -0.7660 0.0198
vn 0.8300 0.5540 0.0647
vn 0.3428 0.9052 0.2511
vn 0.0025 0.9847 -0.1740
vn -0.3637 0.9308 -0.0367
vn 0.0732 0.9784 0.1936
vn 0.1306 0.9904 0.0441
vn -0.0990 0.9918 0.0811
vn 0.5123 -0.7941 0.3271
vn -0.2084 0.9669 0.1474
vn -0.7910 0.4570 0.4068
vn -0.9252 0.3535 0.1376
vn -0.6563 -0.7474 0.1032
vn -0.3239 0.9411 0.0971
vn -0.9631 0.0128 0.2690
vn 0.9777 0.1025 -0.1831
vn 0.8611 -0.3617 -0.3574
vn -0.2237 -0.1266 0.9664
vn -0.2442 -0.0807 0.9664
vn -0.4704 -0.0813 0.8787
vn -0.4877 -0.1316 0.8630
vn -0.2645 0.0461 0.9633
vn -0.4448 0.0431 0.8946
vn -0.4354 0.3240 0.8399
vn -0.4064 0.6815 0.6086
vn -0.7105 0.4045 0.5758
vn -0.6054 0.2499 0.7557
vn -0.2004 0.3513 0.9146
vn -0.6781 0.0151 0.7348
vn -0.7318 -0.1403 0.6669
vn -0.8806 0.0125 0.4737
vn -0.6677 0.0896 -0.7390
vn -0.6880 -0.1637 -0.7070
vn -0.8794 -0.1838 -0.4393
vn -0.8899 0.1003 -0.4450
vn 0.1452 0.7094 -0.6897
vn 0.2140 0.4336 -0.8753
vn -0.2130 0.2723 -0.9383
vn -0.4826 0.3809 -0.7887
vn -0.7723 0.5067 -0.3832
vn -0.3268 0.0968 -0.9401
vn -0.9723 -0.2268 -0.0562
vn -0.9510 -0.2461 0.1873
vn -0.9749 0.0508 0.2167
vn -0.9816 0.1481 -0.1207
vn 0.4231 -0.9005 0.1004
vn 0.4351 -0.8975 0.0727
vn 0.0262 -0.9994 -0.0243
vn 0.0292 -0.9989 -0.0369
vn -0.3872 -0.1337 -0.9122
vn 0.0248 0.1139 -0.9932
vn -0.0411 -0.1251 -0.9913
vn 0.8032 0.2744 0.5287
vn 0.8987 0.3182 0.3017
vn 0.4890 0.8275 0.2758
vn 0.4184 0.6102 0.6728
vn 0.2288 -0.8017 0.5522
vn 0.0379 -0.3700 0.9283
vn -0.2417 -0.3389 0.9093
vn -0.1855 -0.8173 0.5456
vn 0.1984 0.1166 -0.9732
vn 0.1684 -0.1569 -0.9731
vn 0.3909 0.0424 -0.9195
vn 0.3055 -0.1716 -0.9366
vn -0.2351 0.9327 -0.2734
vn 0.8172 -0.2668 0.5108
vn 0.4223 -0.2298 0.8768
vn 0.3729 -0.3141 0.8731
vn 0.6521 -0.5380 0.5341
vn 0.8888 0.1977 -0.4135
vn 0.7670 0.1633 -0.6205
vn 0.4324 0.3986 -0.8088
vn 0.4400 0.6052 -0.6634
vn 0.9600 -0.0652 0.2724
vn 0.8450 -0.0997 0.5254
vn 0.9158 -0.2807 0.2871
vn 0.2652 0.4983 -0.8254
vn 0.7581 -0.0323 -0.6513
vn 0.9517 0.2051 -0.2287
vn 0.5280 0.7559 -0.3870
vn 0.6801 -0.1554 -0.7165
vn 0.9549 -0.0328 -0.2951
vn 0.2983 0.7437 -0.5982
vn 0.9578 0.1252 0.2586
vn 0.8624 0.1040 0.4955
vn 0.6044 0.2020 0.7707
vn 0.2452 0.2952 0.9234
vn 0.7714 -0.5906 0.2368
vn 0.3674 -0.9176 0.1517
vn -0.1149 0.7729 0.6240
vn 0.0167 0.9929 0.1181
vn -0.3037 0.9144 0.2678
vn 0.5334 0.0801 0.8421
vn 0.4501 -0.0993 0.8874
vn 0.0621 0.0522 0.9967
vn 0.2662 -0.1733 -0.9482
vn 0.3694 -0.3097 -0.8761
vn 0.2856 -0.2461 -0.9262
vn 0.2329 -0.1410 -0.9622
vn -0.7849 0.5398 0.3042
vn 0.4698 -0.7822 -0.4092
vn 0.1783 -0.8224 -0.5403
vn 0.9865 0.0510 0.1554
vn 0.9916 -0.0179 -0.1278
vn 0.9371 0.3303 0.1126
vn 0.9464 -0.1372 -0.2923
vn 0.9398 -0.2360 -0.2469
vn 0.6404 -0.2143 -0.7375
vn 0.6355 -0.2940 -0.7140
vn 0.8213 -0.5092 -0.2572
vn 0.8131 -0.5623 0.1506
vn -0.4768 -0.8655 -0.1535
vn -0.4829 -0.8592 -0.1690
vn -0.8554 -0.4679 -0.2221
vn -0.8392 -0.4852 -0.2456
vn 0.9138 -0.2953 0.2788
vn 0.7689 -0.6074 0.1995
vn -0.8857 -0.2127 0.4128
vn 0.0810 -0.2495 -0.9650
vn 0.0477 -0.1266 -0.9908
vn -0.2151 -0.7412 -0.6359
vn -0.4549 -0.8768 -0.1557
vn -0.8387 -0.4728 -0.2701
vn -0.6145 -0.4107 -0.6736
vn -0.3657 -0.1688 -0.9153
vn -0.0499 -0.1535 0.9869
vn -0.0379 -0.0998 0.9943
vn -0.4084 -0.1921 -0.8924
vn 0.9544 -0.2979 0.0187
vn -0.7244 -0.2754 -0.6319
vn -0.9222 -0.3165 0.2223
vn -0.8364 -0.2087 0.5068
vn -0.7932 -0.1843 0.5804
vn -0.9199 -0.2583 0.2951
vn -0.5939 -0.3093 0.7427
vn -0.9038 -0.4205 -0.0797
vn -0.9297 -0.3677 0.0191
vn -0.9441 -0.3109 0.1098
vn -0.9389 -0.3430 -0.0284
vn -0.9548 0.2110 -0.2095
vn -0.9615 -0.1970 -0.1918
vn -0.2700 0.9388 -0.2139
vn -0.2377 0.9679 -0.0811
vn -0.7087 0.6947 -0.1229
vn -0.7588 0.6367 -0.1371
vn -0.9179 -0.3540 -0.1794
vn -0.8960 -0.3577 -0.2630
vn -0.9494 -0.1876 -0.2518
vn 0.9833 -0.1476 0.1068
vn 0.9835 -0.1584 -0.0870
vn 0.9318 -0.3515 0.0907
vn 0.7933 -0.5961 0.1242
vn 0.9003 0.1261 0.4167
vn 0.9314 -0.0757 0.3561
vn 0.9135 -0.3428 0.2192
vn 0.7760 -0.6201 0.1153
vn 0.9477 -0.0317 0.3177
vn -0.5390 -0.8403 -0.0587
vn 0.0189 -0.9992 -0.0363
vn -0.0084 -0.9998 0.0203
vn -0.0524 -0.9928 0.1080
vn -0.5823 -0.8115 0.0488
vn 0.4122 -0.9103 0.0382
vn -0.2802 0.9258 0.2538
vn -0.7800 0.6231 0.0577
vn 0.5355 0.8370 0.1126
vn 0.0207 0.9671 -0.2534
vn -0.1009 0.9940 -0.0419
vn -0.0690 0.9902 0.1214
vn 0.1452 0.9702 -0.1942
vn -0.6328 -0.6818 0.3669
vn 0.8872 0.3459 0.3053
vn 0.8398 0.3923 0.3752
vn 0.3550 0.9211 0.1597
vn 0.3878 -0.9170 0.0938
vn 0.4737 0.8805 -0.0177
vn 0.9330 0.1309 0.3351
vn -0.9687 0.1669 -0.1840
vn -0.8605 -0.3367 -0.3823
vn 0.4877 -0.1316 0.8630
vn 0.4704 -0.0813 0.8787
vn 0.2442 -0.0807 0.9664
vn 0.2237 -0.1266 0.9664
vn 0.4448 0.0431 0.8946
vn 0.2645 0.0461 0.9633
vn 0.6054 0.2499 0.7557
vn 0.7105 0.4045 0.5758
vn 0.4064 0.6815 0.6086
vn 0.4354 0.3240 0.8399
vn 0.2004 0.3513 0.9146
vn 0.6781 0.0151 0.7348
vn 0.7318 -0.1403 0.6669
vn 0.8806 0.0125 0.4737
vn 0.8899 0.1003 -0.4450
vn 0.8794 -0.1838 -0.4393
vn 0.6880 -0.1637 -0.7070
vn 0.6677 0.0896 -0.7390
vn 0.4826 0.3809 -0.7887
vn 0.2130 0.2723 -0.9383
vn -0.2140 0.4336 -0.8753
vn -0.1452 0.7094 -0.6897
vn 0.7723 0.5067 -0.3832
vn 0.3268 0.0968 -0.9401
vn 0.9816 0.1481 -0.1207
vn 0.9749 0.0508 0.2167
vn 0.9510 -0.2461 0.1873
vn 0.9723 -0.2268 -0.0562
vn -0.0292 -0.9989 -0.0369
vn -0.0262 -0.9994 -0.0243
vn -0.4351 -0.8975 0.0727
vn -0.4231 -0.9005 0.1004
vn 0.3873 -0.1337 -0.9122
vn 0.0411 -0.1251 -0.9913
vn -0.0248 0.1139 -0.9932
vn -0.4184 0.6102 0.6728
vn -0.4890 0.8275 0.2758
vn -0.8987 0.3182 0.3017
vn -0.8032 0.2744 0.5287
vn 0.1855 -0.8173 0.5456
vn 0.2417 -0.3389 0.9093
vn -0.0379 -0.3700 0.9283
vn -0.2288 -0.8017 0.5522
vn -0.1684 -0.1569 -0.9731
vn -0.1984 0.1166 -0.9732
vn -0.3055 -0.1716 -0.9366
vn -0.3909 0.0424 -0.9195
vn 0.2351 0.9327 -0.2734
vn -0.6521 -0.5380 0.5341
vn -0.3729 -0.3141 0.8731
vn -0.4223 -0.2298 0.8768
vn -0.8172 -0.2668 0.5108
vn -0.4400 0.6052 -0.6634
vn -0.4324 0.3986 -0.8088
vn -0.7670 0.1633 -0.6205
vn -0.8888 0.1977 -0.4135
vn -0.9158 -0.2807 0.2871
vn -0.8450 -0.0997 0.5254
vn -0.9600 -0.0652 0.2724
vn -0.2652 0.4983 -0.8254
vn -0.7581 -0.0323 -0.6513
vn -0.5280 0.7559 -0.3870
vn -0.9517 0.2051 -0.2287
vn -0.6801 -0.1554 -0.7165
vn -0.9549 -0.0328 -0.2951
vn -0.2983 0.7437 -0.5982
vn -0.8624 0.1040 0.4955
vn -0.9578 0.1252 0.2586
vn -0.2452 0.2952 0.9234
vn -0.6044 0.2020 0.7707
vn -0.3674 -0.9176 0.1517
vn -0.7714 -0.5906 0.2368
vn 0.3037 0.9144 0.2678
vn -0.0167 0.9929 0.1181
vn 0.1149 0.7729 0.6240
vn -0.5334 0.0801 0.8421
vn -0.4501 -0.0993 0.8874
vn -0.0621 0.0522 0.9967
vn -0.2329 -0.1410 -0.9622
vn -0.2856 -0.2460 -0.9262
vn -0.3694 -0.3097 -0.8761
vn -0.2662 -0.1733 -0.9482
vn 0.7849 0.5398 0.3042
vn -0.1783 -0.8224 -0.5403
vn -0.4698 -0.7822 -0.4092
vn -0.9371 0.3303 0.1126
vn -0.9916 -0.0179 -0.1278
vn -0.9865 0.0510 0.1554
vn -0.6404 -0.2143 -0.7375
vn -0.9398 -0.2360 -0.2469
vn -0.9464 -0.1372 -0.2923
vn -0.8213 -0.5092 -0.2572
vn -0.6355 -0.2940 -0.7140
vn -0.8131 -0.5623 0.1506
vn 0.8392 -0.4852 -0.2456
vn 0.8554 -0.4679 -0.2221
vn 0.4829 -0.8592 -0.1690
vn 0.4769 -0.8655 -0.1535
vn -0.7689 -0.6074 0.1995
vn -0.9138 -0.2953 0.2788
vn 0.8857 -0.2127 0.4128
vn -0.0477 -0.1266 -0.9908
vn -0.0810 -0.2495 -0.9650
vn 0.6145 -0.4107 -0.6736
vn 0.8387 -0.4728 -0.2701
vn 0.4549 -0.8768 -0.1557
vn 0.2151 -0.7412 -0.6359
vn 0.3657 -0.1688 -0.9153
vn 0.0499 -0.1535 0.9869
vn 0.0379 -0.0998 0.9943
vn 0.4084 -0.1921 -0.8924
vn -0.9544 -0.2979 0.0187
vn 0.7244 -0.2754 -0.6320
vn 0.9199 -0.2583 0.2951
vn 0.7932 -0.1843 0.5804
vn 0.8364 -0.2087 0.5068
vn 0.9222 -0.3165 0.2223
vn 0.5939 -0.3093 0.7427
vn 0.9389 -0.3430 -0.0284
vn 0.9441 -0.3109 0.1098
vn 0.9297 -0.3677 0.0191
vn 0.9038 -0.4205 -0.0797
vn 0.9615 -0.1970 -0.1918
vn 0.9548 0.2110 -0.2095
vn 0.7588 0.6367 -0.1371
vn 0.7087 0.6947 -0.1229
vn 0.2377 0.9679 -0.0811
vn 0.2700 0.9388 -0.2139
vn 0.9179 -0.3540 -0.1794
vn 0.9494 -0.1876 -0.2518
vn 0.8960 -0.3577 -0.2630
vn -0.9835 -0.1584 -0.0870
vn -0.9833 -0.1476 0.1068
vn -0.7933 -0.5961 0.1242
vn -0.9318 -0.3515 0.0907
vn -0.9314 -0.0757 0.3561
vn -0.9003 0.1261 0.4167
vn -0.9135 -0.3428 0.2192
vn -0.7760 -0.6201 0.1153
vn -0.9477 -0.0317 0.3177
vn 0.5390 -0.8403 -0.0587
vn 0.0084 -0.9998 0.0203
vn -0.0189 -0.9992 -0.0363
vn 0.5823 -0.8115 0.0488
vn 0.0524 -0.9928 0.1080
vn -0.4122 -0.9103 0.0382
vn 0.7800 0.6231 0.0577
vn 0.2802 0.9258 0.2538
vn -0.0207 0.9671 -0.2534
vn -0.5355 0.8370 0.1126
vn 0.0690 0.9902 0.1214
vn 0.1009 0.9940 -0.0419
vn -0.1452 0.9702 -0.1942
vn 0.6328 -0.6819 0.3669
vn -0.3550 0.9211 0.1597
vn -0.8398 0.3923 0.3752
vn -0.8872 0.3459 0.3053
vn -0.3878 -0.9170 0.0938
vn -0.4737 0.8805 -0.0177
vn -0.9330 0.1309 0.3351
vn 0.9687 0.1669 -0.1840
vn 0.8605 -0.3367 -0.3823
vn -0.1188 -0.1266 0.9848
vn -0.1391 -0.0807 0.9870
vn -0.3734 -0.0813 0.9241
vn -0.3923 -0.1316 0.9104
vn -0.1596 0.0461 0.9861
vn -0.3462 0.0431 0.9372
vn -0.3427 0.3240 0.8818
vn -0.3388 0.6815 0.6487
vn -0.6446 0.4045 0.6487
vn -0.5208 0.2499 0.8163
vn -0.1011 0.3513 0.9308
vn -0.5954 0.0151 0.8033
vn -0.6561 -0.1403 0.7415
vn -0.8247 0.0125 0.5654
vn -0.7431 0.0896 -0.6631
vn -0.7598 -0.1637 -0.6292
vn -0.9214 -0.1838 -0.3424
vn -0.9325 0.1003 -0.3470
vn 0.0703 0.7094 -0.7013
vn 0.1188 0.4336 -0.8932
vn -0.3125 0.2723 -0.9100
vn -0.5645 0.3809 -0.7323
vn -0.8089 0.5067 -0.2981
vn -0.4258 0.0968 -0.8996
vn -0.9254 -0.2461 0.2882
vn -0.9460 0.0508 0.3200
vn -0.9889 0.1481 -0.0146
vn -0.9727 -0.2268 0.0484
vn 0.4314 -0.9005 0.0545
vn 0.4404 -0.8975 0.0256
vn 0.0234 -0.9994 -0.0270
vn 0.0251 -0.9989 -0.0398
vn -0.4829 -0.1337 -0.8654
vn 0.8553 0.2744 0.4395
vn 0.9259 0.3182 0.2035
vn 0.5158 0.8275 0.2217
vn 0.4882 0.6102 0.6240
vn 0.2867 -0.8017 0.5245
vn 0.1373 -0.3700 0.9189
vn -0.1427 -0.3389 0.9299
vn -0.1259 -0.8173 0.5623
vn 0.0928 0.1166 -0.9888
vn 0.0631 -0.1569 -0.9856
vn -0.1472 -0.1251 -0.9812
vn -0.0819 0.1139 -0.9901
vn 0.2900 0.0424 -0.9561
vn 0.2032 -0.1716 -0.9640
vn -0.2631 0.9327 -0.2466
vn 0.8673 -0.2668 0.4202
vn 0.5140 -0.2298 0.8265
vn 0.4645 -0.3141 0.8280
vn 0.7057 -0.5380 0.4611
vn 0.8393 0.1977 -0.5065
vn 0.6960 0.1633 -0.6992
vn 0.3431 0.3986 -0.8505
vn 0.3663 0.6052 -0.7067
vn 0.9837 -0.0652 0.1678
vn 0.8965 -0.0997 0.4317
vn 0.9413 -0.2807 0.1872
vn 0.1751 0.4983 -0.8491
vn 0.6838 -0.0323 -0.7289
vn 0.9216 0.2051 -0.3294
vn 0.4835 0.7559 -0.4415
vn 0.5993 -0.1554 -0.7853
vn 0.9177 -0.0328 -0.3958
vn 0.2324 0.7437 -0.6268
vn 0.9801 0.1252 0.1543
vn 0.9106 0.1040 0.4001
vn 0.6836 0.2020 0.7014
vn 0.3429 0.2952 0.8918
vn 0.7924 -0.5906 0.1527
vn 0.3816 -0.9176 0.1114
vn -0.0473 0.7729 0.6327
vn 0.0293 0.9929 0.1157
vn -0.2732 0.9144 0.2989
vn 0.6207 0.0801 0.7800
vn 0.5427 -0.0993 0.8340
vn 0.1687 0.0522 0.9843
vn 0.1629 -0.1733 -0.9713
vn 0.2733 -0.3097 -0.9107
vn 0.1846 -0.2460 -0.9515
vn 0.1283 -0.1410 -0.9817
vn 0.4231 -0.7822 -0.4572
vn 0.1193 -0.8224 -0.5563
vn 0.9438 0.3303 0.0114
vn 0.9975 0.0510 0.0487
vn 0.9722 -0.0179 -0.2335
vn 0.9096 -0.1372 -0.3922
vn 0.9079 -0.2360 -0.3463
vn 0.5576 -0.2143 -0.8020
vn 0.5552 -0.2940 -0.7780
vn 0.7890 -0.5092 -0.3438
vn 0.8246 -0.5623 0.0625
vn -0.4906 -0.8655 -0.1014
vn -0.4982 -0.8592 -0.1162
vn -0.8743 -0.4679 -0.1290
vn -0.8607 -0.4852 -0.1542
vn -0.7478 0.5398 0.3867
vn 0.9385 -0.2953 0.1791
vn 0.7859 -0.6074 0.1159
vn -0.8362 -0.2127 0.5054
vn -0.0230 -0.2495 -0.9681
vn -0.0588 -0.1266 -0.9902
vn -0.2821 -0.7412 -0.6091
vn -0.4690 -0.8768 -0.1060
vn -0.8629 -0.4728 -0.1785
vn -0.6832 -0.4107 -0.6037
vn -0.4618 -0.1688 -0.8708
vn 0.0563 -0.1535 0.9865
vn 0.0690 -0.0998 0.9926
vn -0.5018 -0.1921 -0.8434
vn 0.9509 -0.2979 -0.0838
vn -0.7880 -0.2754 -0.5506
vn -0.8930 -0.3165 0.3200
vn -0.7772 -0.2087 0.5936
vn -0.7264 -0.1843 0.6622
vn -0.8829 -0.2583 0.3921
vn -0.5107 -0.3093 0.8022
vn -0.9071 -0.4205 0.0178
vn -0.9223 -0.3677 0.1188
vn -0.9269 -0.3109 0.2104
vn -0.9365 -0.3430 0.0725
vn -0.9717 0.2110 -0.1058
vn -0.9765 -0.1970 -0.0875
vn -0.2914 0.9388 -0.1837
vn -0.2450 0.9679 -0.0551
vn -0.7178 0.6947 -0.0462
vn -0.7692 0.6367 -0.0549
vn -0.9318 -0.3540 -0.0799
vn -0.9191 -0.3577 -0.1653
vn -0.9710 -0.1876 -0.1485
vn 0.9891 -0.1476 0.0006
vn 0.9685 -0.1584 -0.1920
vn 0.9361 -0.3515 -0.0098
vn 0.8020 -0.5961 0.0384
vn 0.9398 0.1261 0.3177
vn 0.9642 -0.0757 0.2541
vn 0.9317 -0.3428 0.1199
vn 0.7839 -0.6201 0.0314
vn 0.9763 -0.0317 0.2142
vn -0.5422 -0.8403 -0.0005
vn 0.0149 -0.9992 -0.0381
vn -0.0062 -0.9998 0.0211
vn -0.0405 -0.9928 0.1130
vn -0.5737 -0.8115 0.1110
vn 0.4139 -0.9103 -0.0062
vn -0.2513 0.9258 0.2824
vn -0.7693 0.6231 0.1411
vn 0.5445 0.8370 0.0545
vn -0.0066 0.9671 -0.2541
vn -0.1048 0.9940 -0.0309
vn -0.0556 0.9902 0.1281
vn 0.1236 0.9702 -0.2086
vn -0.5898 -0.6818 0.4327
vn 0.9148 0.3459 0.2084
vn 0.8753 0.3923 0.2829
vn 0.3701 0.9211 0.1207
vn 0.3956 -0.9170 0.0516
vn 0.4690 0.8805 -0.0684
vn 0.9636 0.1309 0.2331
vn -0.9828 0.1669 -0.0790
vn -0.8965 -0.3367 -0.2878
vn 0.3923 -0.1316 0.9104
vn 0.3734 -0.0813 0.9241
vn 0.1391 -0.0807 0.9870
vn 0.1188 -0.1266 0.9848
vn 0.3462 0.0431 0.9372
vn 0.1596 0.0461 0.9861
vn 0.5208 0.2499 0.8163
vn 0.6446 0.4045 0.6487
vn 0.3388 0.6815 0.6487
vn 0.3427 0.3240 0.8818
vn 0.1011 0.3513 0.9308
vn 0.5954 0.0151 0.8033
vn 0.6561 -0.1403 0.7415
vn 0.8247 0.0125 0.5654
vn 0.9325 0.1003 -0.3470
vn 0.9214 -0.1838 -0.3424
vn 0.7598 -0.1637 -0.6292
vn 0.7431 0.0896 -0.6631
vn 0.5645 0.3809 -0.7324
vn 0.3125 0.2723 -0.9100
vn -0.1188 0.4336 -0.8932
vn -0.0703 0.7094 -0.7013
vn 0.8089 0.5067 -0.2981
vn 0.4258 0.0968 -0.8996
vn 0.9727 -0.2268 0.0484
vn 0.9889 0.1481 -0.0146
vn 0.9460 0.0508 0.3200
vn 0.9254 -0.2461 0.2882
vn -0.0251 -0.9989 -0.0398
vn -0.0234 -0.9994 -0.0270
vn -0.4404 -0.8975 0.0256
vn -0.4314 -0.9005 0.0545
vn 0.4829 -0.1337 -0.8654
vn -0.4882 0.6102 0.6240
vn -0.5158 0.8275 0.2217
vn -0.9259 0.3182 0.2035
vn -0.8553 0.2744 0.4395
vn 0.1259 -0.8173 0.5623
vn 0.1427 -0.3389 0.9299
vn -0.1373 -0.3700 0.9189
vn -0.2867 -0.8017 0.5245
vn 0.0819 0.1139 -0.9901
vn 0.1472 -0.1251 -0.9812
vn -0.0631 -0.1569 -0.9856
vn -0.0928 0.1166 -0.9888
vn -0.2032 -0.1716 -0.9640
vn -0.2900 0.0424 -0.9561
vn 0.2631 0.9327 -0.2466
vn -0.7057 -0.5380 0.4611
vn -0.4645 -0.3141 0.8280
vn -0.5140 -0.2298 0.8265
vn -0.8673 -0.2668 0.4202
vn -0.3663 0.6052 -0.7067
vn -0.3431 0.3986 -0.8505
vn -0.6960 0.1633 -0.6992
vn -0.8393 0.1977 -0.5065
vn -0.9413 -0.2807 0.1872
vn -0.8965 -0.0997 0.4317
vn -0.9837 -0.0652 0.1678
vn -0.1751 0.4983 -0.8491
vn -0.6838 -0.0323 -0.7289
vn -0.4835 0.7559 -0.4415
vn -0.9216 0.2051 -0.3294
vn -0.5993 -0.1554 -0.7853
vn -0.9177 -0.0328 -0.3958
vn -0.2324 0.7437 -0.6268
vn -0.9106 0.1040 0.4001
vn -0.9801 0.1252 0.1543
vn -0.3429 0.2952 0.8918
vn -0.6836 0.2020 0.7014
vn -0.3816 -0.9176 0.1114
vn -0.7924 -0.5906 0.1527
vn 0.2732 0.9144 0.2989
vn -0.0293 0.9929 0.1157
vn 0.0473 0.7729 0.6327
vn -0.6207 0.0801 0.7800
vn -0.5427 -0.0993 0.8340
vn -0.1687 0.0522 0.9843
vn -0.1283 -0.1410 -0.9817
vn -0.1846 -0.2460 -0.9515
vn -0.2733 -0.3097 -0.9107
vn -0.1629 -0.1733 -0.9713
vn -0.1193 -0.8224 -0.5563
vn -0.4231 -0.7822 -0.4572
vn -0.9722 -0.0179 -0.2335
vn -0.9975 0.0510 0.0487
vn -0.9438 0.3303 0.0114
vn -0.5576 -0.2143 -0.8020
vn -0.9079 -0.2360 -0.3463
vn -0.9096 -0.1372 -0.3922
vn -0.7890 -0.5092 -0.3438
vn -0.5552 -0.2939 -0.7780
vn -0.8246 -0.5623 0.0625
vn 0.8607 -0.4852 -0.1542
vn 0.8743 -0.4679 -0.1290
vn 0.4982 -0.8592 -0.1162
vn 0.4906 -0.8655 -0.1014
vn 0.7478 0.5398 0.3867
vn -0.7859 -0.6074 0.1159
vn -0.9385 -0.2953 0.1791
vn 0.8362 -0.2127 0.5054
vn 0.0588 -0.1266 -0.9902
vn 0.0230 -0.2495 -0.9681
vn 0.6832 -0.4107 -0.6037
vn 0.8629 -0.4728 -0.1785
vn 0.4690 -0.8768 -0.1060
vn 0.2821 -0.7412 -0.6091
vn 0.4618 -0.1688 -0.8708
vn -0.0563 -0.1535 0.9865
vn -0.0690 -0.0998 0.9926
vn 0.5018 -0.1921 -0.8434
vn -0.9509 -0.2979 -0.0838
vn 0.7880 -0.2754 -0.5506
vn 0.8829 -0.2583 0.3921
vn 0.7264 -0.1843 0.6622
vn 0.7772 -0.2087 0.5936
vn 0.8930 -0.3165 0.3200
vn 0.5107 -0.3093 0.8022
vn 0.9365 -0.3430 0.0725
vn 0.9269 -0.3109 0.2104
vn 0.9223 -0.3677 0.1188
vn 0.9071 -0.4205 0.0178
vn 0.9765 -0.1970 -0.0875
vn 0.9717 0.2110 -0.1058
vn 0.7692 0.6367 -0.0549
vn 0.7178 0.6947 -0.0462
vn 0.2450 0.9679 -0.0551
vn 0.2914 0.9388 -0.1837
vn 0.9318 -0.3540 -0.0799
vn 0.9710 -0.1876 -0.1485
vn 0.9191 -0.3577 -0.1653
vn -0.9685 -0.1584 -0.1920
vn -0.9891 -0.1476 0.0006
vn -0.8020 -0.5961 0.0384
vn -0.9361 -0.3515 -0.0098
vn -0.9642 -0.0757 0.2541
vn -0.9398 0.1261 0.3177
vn -0.9317 -0.3428 0.1199
vn -0.7839 -0.6201 0.0314
vn -0.9763 -0.0317 0.2142
vn 0.5422 -0.8403 -0.0005
vn 0.0062 -0.9998 0.0211
vn -0.0149 -0.9992 -0.0381
vn 0.5737 -0.8115 0.1110
vn 0.0405 -0.9928 0.1130
vn -0.4139 -0.9103 -0.0062
vn 0.7693 0.6231 0.1411
vn 0.2513 0.9258 0.2824
vn 0.0066 0.9671 -0.2541
vn -0.5445 0.8370 0.0545
vn 0.0556 0.9902 0.1281
vn 0.1048 0.9940 -0.0309
vn -0.1236 0.9702 -0.2086
vn 0.5898 -0.6819 0.4327
vn -0.3701 0.9211 0.1207
vn -0.8753 0.3923 0.2829
vn -0.9148 0.3459 0.2084
vn -0.3956 -0.9170 0.0516
vn -0.4690 0.8805 -0.0684
vn -0.9636 0.1309 0.2331
vn 0.9828 0.1669 -0.0790
vn 0.8965 -0.3367 -0.2878
vt 0.416571 0.667613
vt 0.419031 0.668224
vt 0.419610 0.676728
vt 0.412159 0.674877
vt 0.416224 0.637971
vt 0.420540 0.617121
vt 0.429886 0.622684
vt 0.425206 0.639558
vt 0.402320 0.644192
vt 0.391975 0.659560
vt 0.373393 0.641767
vt 0.391209 0.627956
vt 0.447882 0.636076
vt 0.462919 0.653946
vt 0.435515 0.670606
vt 0.425230 0.655520
vt 0.413369 0.655684
vt 0.403015 0.668961
vt 0.407362 0.636054
vt 0.404647 0.622260
vt 0.406299 0.691104
vt 0.422118 0.697447
vt 0.414885 0.719584
vt 0.400051 0.708760
vt 0.392053 0.726341
vt 0.411193 0.733594
vt 0.396529 0.748219
vt 0.382545 0.743257
vt 0.413514 0.739859
vt 0.408621 0.753144
vt 0.379745 0.674662
vt 0.368831 0.685102
vt 0.348129 0.676318
vt 0.358393 0.659588
vt 0.367447 0.716044
vt 0.361464 0.736921
vt 0.328041 0.728030
vt 0.335771 0.703543
vt 0.375072 0.696691
vt 0.392248 0.683101
vt 0.342410 0.687389
vt 0.472908 0.670723
vt 0.444016 0.686723
vt 0.431184 0.737800
vt 0.446704 0.745873
vt 0.442301 0.756646
vt 0.428973 0.757343
vt 0.418159 0.756115
vt 0.418371 0.744776
vt 0.478761 0.682295
vt 0.486124 0.700014
vt 0.454298 0.711196
vt 0.448692 0.697077
vt 0.460366 0.729953
vt 0.492883 0.721065
vt 0.495895 0.734242
vt 0.462884 0.741276
vt 0.498428 0.752494
vt 0.464999 0.755596
vt 0.431575 0.717256
vt 0.433719 0.705137
vt 0.404597 0.768582
vt 0.401292 0.784020
vt 0.383830 0.781134
vt 0.385406 0.764068
vt 0.374405 0.800204
vt 0.382256 0.795856
vt 0.388724 0.808414
vt 0.381554 0.812530
vt 0.390470 0.816341
vt 0.395833 0.811754
vt 0.398640 0.798481
vt 0.359494 0.758775
vt 0.369851 0.767475
vt 0.368643 0.779506
vt 0.353852 0.778483
vt 0.321750 0.778141
vt 0.323126 0.753089
vt 0.358122 0.796420
vt 0.358434 0.816648
vt 0.327581 0.828326
vt 0.323188 0.802620
vt 0.375967 0.755452
vt 0.368958 0.788909
vt 0.384866 0.824095
vt 0.391721 0.825749
vt 0.391945 0.834478
vt 0.384292 0.832771
vt 0.395726 0.822146
vt 0.390930 0.819771
vt 0.397501 0.828234
vt 0.375249 0.838889
vt 0.372664 0.847081
vt 0.358429 0.843880
vt 0.363375 0.833370
vt 0.337093 0.848854
vt 0.342501 0.837518
vt 0.352414 0.866150
vt 0.386100 0.860466
vt 0.388491 0.873222
vt 0.383090 0.887164
vt 0.370585 0.880976
vt 0.393198 0.844638
vt 0.318602 0.842848
vt 0.417488 0.770577
vt 0.424108 0.776353
vt 0.422134 0.788260
vt 0.412203 0.786234
vt 0.425646 0.766269
vt 0.436014 0.772817
vt 0.439672 0.792588
vt 0.409767 0.799817
vt 0.419400 0.801647
vt 0.416217 0.813803
vt 0.407931 0.811855
vt 0.433121 0.805456
vt 0.429450 0.820835
vt 0.491100 0.790236
vt 0.499165 0.802086
vt 0.465834 0.798466
vt 0.479169 0.788658
vt 0.488284 0.827176
vt 0.477186 0.848398
vt 0.447698 0.831221
vt 0.458707 0.814943
vt 0.468359 0.778546
vt 0.458683 0.791381
vt 0.439930 0.821438
vt 0.444956 0.809688
vt 0.515716 0.794382
vt 0.501948 0.781356
vt 0.448587 0.801503
vt 0.435818 0.830959
vt 0.410122 0.828346
vt 0.419370 0.829588
vt 0.414184 0.842598
vt 0.404681 0.835336
vt 0.413456 0.821427
vt 0.406739 0.822982
vt 0.402468 0.828922
vt 0.461636 0.866548
vt 0.447036 0.878029
vt 0.438073 0.859863
vt 0.442976 0.848034
vt 0.412436 0.861696
vt 0.418379 0.889690
vt 0.403796 0.891329
vt 0.399686 0.865065
vt 0.393068 0.889932
vt 0.392546 0.874305
vt 0.433327 0.839410
vt 0.426321 0.856243
vt 0.409501 0.849778
vt 0.402065 0.847104
vt 0.436417 0.884061
vt 0.116303 0.920420
vt 0.112125 0.897940
vt 0.121113 0.896490
vt 0.126102 0.915408
vt 0.087236 0.907658
vt 0.069064 0.894068
vt 0.088034 0.876120
vt 0.098318 0.891621
vt 0.121386 0.880513
vt 0.131906 0.865452
vt 0.159225 0.882540
vt 0.143475 0.900517
vt 0.108481 0.860916
vt 0.115987 0.859137
vt 0.115310 0.867675
vt 0.112833 0.868262
vt 0.109485 0.880204
vt 0.099231 0.866767
vt 0.100518 0.913675
vt 0.103307 0.899806
vt 0.054311 0.875718
vt 0.043987 0.858664
vt 0.065024 0.850116
vt 0.075893 0.860782
vt 0.032052 0.830971
vt 0.024853 0.806306
vt 0.058401 0.798020
vt 0.064082 0.819014
vt 0.096686 0.826750
vt 0.111685 0.816052
vt 0.118720 0.838336
vt 0.102767 0.844546
vt 0.079573 0.791978
vt 0.093617 0.787187
vt 0.108130 0.801979
vt 0.088874 0.809028
vt 0.105758 0.782398
vt 0.110517 0.795731
vt 0.088559 0.852436
vt 0.071466 0.838549
vt 0.038403 0.847371
vt 0.140645 0.849289
vt 0.169701 0.865561
vt 0.145420 0.838908
vt 0.151134 0.824775
vt 0.183130 0.836178
vt 0.175653 0.853887
vt 0.189826 0.815126
vt 0.157309 0.806034
vt 0.159896 0.794715
vt 0.192799 0.801874
vt 0.162093 0.780411
vt 0.195536 0.783604
vt 0.126138 0.778412
vt 0.139441 0.779223
vt 0.143760 0.790012
vt 0.128173 0.797967
vt 0.115417 0.790864
vt 0.115320 0.779532
vt 0.130436 0.830709
vt 0.128386 0.818539
vt 0.051343 0.756451
vt 0.066131 0.755595
vt 0.067190 0.767611
vt 0.056738 0.776168
vt 0.020420 0.781289
vt 0.019187 0.756534
vt 0.020903 0.732221
vt 0.025261 0.706277
vt 0.056352 0.718286
vt 0.055804 0.738575
vt 0.082688 0.771209
vt 0.081320 0.754151
vt 0.098796 0.751481
vt 0.101912 0.766930
vt 0.079468 0.722735
vt 0.086577 0.726958
vt 0.079936 0.739424
vt 0.072141 0.734975
vt 0.088446 0.719062
vt 0.093728 0.723729
vt 0.096338 0.737017
vt 0.073149 0.779695
vt 0.066555 0.746207
vt 0.061565 0.701534
vt 0.056767 0.690839
vt 0.071194 0.687922
vt 0.073622 0.696203
vt 0.035103 0.685431
vt 0.040488 0.697056
vt 0.051279 0.668098
vt 0.070334 0.653622
vt 0.083160 0.648008
vt 0.087953 0.662124
vt 0.085076 0.674812
vt 0.082566 0.702517
vt 0.090255 0.700964
vt 0.089859 0.709682
vt 0.082973 0.711213
vt 0.093795 0.713350
vt 0.088965 0.715642
vt 0.095677 0.707308
vt 0.091735 0.690833
vt 0.016111 0.691483
vt 0.176365 0.747540
vt 0.163167 0.737747
vt 0.196233 0.734271
vt 0.188209 0.746003
vt 0.156216 0.721370
vt 0.145531 0.705184
vt 0.174901 0.688482
vt 0.185363 0.709456
vt 0.109711 0.749405
vt 0.119632 0.747501
vt 0.121469 0.759386
vt 0.114803 0.765080
vt 0.122900 0.769463
vt 0.133306 0.763032
vt 0.137135 0.743373
vt 0.105796 0.723813
vt 0.114074 0.721997
vt 0.117074 0.734136
vt 0.107455 0.735833
vt 0.127325 0.715208
vt 0.130767 0.730516
vt 0.156024 0.744729
vt 0.165571 0.757562
vt 0.142560 0.726445
vt 0.137719 0.714756
vt 0.198981 0.754861
vt 0.212670 0.741926
vt 0.146076 0.734595
vt 0.133786 0.705274
vt 0.141123 0.688548
vt 0.136503 0.676813
vt 0.145622 0.659214
vt 0.159834 0.670716
vt 0.117983 0.646689
vt 0.111301 0.674367
vt 0.098781 0.670660
vt 0.103756 0.644814
vt 0.092029 0.661209
vt 0.093209 0.645748
vt 0.102972 0.700373
vt 0.112564 0.693351
vt 0.117464 0.706364
vt 0.108252 0.707434
vt 0.111448 0.714373
vt 0.104790 0.712712
vt 0.100646 0.706718
vt 0.124875 0.680129
vt 0.131454 0.696880
vt 0.108082 0.686118
vt 0.100630 0.688594
vt 0.135258 0.653034
vt 0.117671 0.933516
vt 0.421923 0.603848
vt 0.131951 0.930661
vt 0.436667 0.607375
vt 0.078120 0.924605
vt 0.382580 0.611869
vt 0.056308 0.907624
vt 0.360257 0.627807
vt 0.460238 0.622594
vt 0.155584 0.914978
vt 0.477586 0.643335
vt 0.174856 0.894078
vt 0.095699 0.931201
vt 0.399447 0.604318
vt 0.038311 0.886997
vt 0.343219 0.648715
vt 0.026896 0.867726
vt 0.331571 0.667069
vt 0.013847 0.837322
vt 0.317763 0.696770
vt 0.006019 0.810674
vt 0.309237 0.723213
vt 0.020887 0.855251
vt 0.325302 0.679159
vt 0.489217 0.661615
vt 0.186441 0.874739
vt 0.495785 0.674148
vt 0.192815 0.861905
vt 0.504162 0.693313
vt 0.200742 0.842761
vt 0.208280 0.820085
vt 0.511270 0.716314
vt 0.211829 0.805527
vt 0.514454 0.730700
vt 0.517657 0.750822
vt 0.214591 0.785188
vt 0.001265 0.783409
vt 0.303709 0.750556
vt 0.000000 0.756383
vt 0.301751 0.778247
vt 0.013445 0.690243
vt 0.316000 0.844066
vt 0.009177 0.700427
vt 0.311785 0.834105
vt 0.001541 0.729189
vt 0.304130 0.805768
vt 0.020537 0.676458
vt 0.322954 0.857481
vt 0.037383 0.653976
vt 0.339055 0.878984
vt 0.061685 0.636831
vt 0.361248 0.896815
vt 0.078027 0.630523
vt 0.376762 0.904205
vt 0.517657 0.782467
vt 0.214591 0.753765
vt 0.516363 0.794470
vt 0.213313 0.741839
vt 0.506345 0.834477
vt 0.203342 0.702061
vt 0.493704 0.859666
vt 0.190224 0.678141
vt 0.211574 0.731122
vt 0.514607 0.805255
vt 0.474642 0.880868
vt 0.172923 0.657144
vt 0.456993 0.893801
vt 0.156112 0.643510
vt 0.121666 0.629507
vt 0.421984 0.908706
vt 0.104072 0.627253
vt 0.402819 0.909685
vt 0.389286 0.907806
vt 0.090691 0.627975
vt 0.143435 0.636118
vt 0.444334 0.900968
vt 0.725621 0.275676
vt 0.723208 0.274711
vt 0.722336 0.271309
vt 0.724393 0.268318
vt 0.762801 0.345174
vt 0.772813 0.344263
vt 0.302173 0.147748
vt 0.772062 0.354904
vt 0.301476 0.158385
vt 0.761799 0.354838
vt 0.738633 0.341740
vt 0.751093 0.344636
vt 0.750314 0.354753
vt 0.735153 0.354592
vt 0.764860 0.283805
vt 0.751930 0.284840
vt 0.751654 0.278518
vt 0.764479 0.277430
vt 0.729443 0.243125
vt 0.727009 0.244663
vt 0.725063 0.241281
vt 0.727595 0.238019
vt 0.765452 0.244225
vt 0.755693 0.242359
vt 0.756152 0.230207
vt 0.765734 0.232600
vt 0.733468 0.206927
vt 0.731026 0.207258
vt 0.728707 0.202496
vt 0.726547 0.196807
vt 0.769961 0.201336
vt 0.759087 0.197478
vt 0.759566 0.186309
vt 0.770772 0.190538
vt 0.728821 0.170176
vt 0.725545 0.170000
vt 0.724658 0.164048
vt 0.727566 0.163612
vt 0.771847 0.156252
vt 0.761156 0.152630
vt 0.761731 0.140960
vt 0.771910 0.144510
vt 0.730548 0.117103
vt 0.727147 0.117639
vt 0.727607 0.111065
vt 0.729054 0.111246
vt 0.771435 0.101678
vt 0.760631 0.098453
vt 0.760289 0.083951
vt 0.771074 0.088159
vt 0.726978 0.027190
vt 0.724302 0.021027
vt 0.724552 0.012110
vt 0.728854 0.006236
vt 0.791112 0.296827
vt 0.764710 0.027834
vt 0.755022 0.023856
vt 0.814175 0.295179
vt 0.753933 0.005261
vt 0.764882 0.011223
vt 0.825630 0.300117
vt 0.570235 0.073243
vt 0.841015 0.227184
vt 0.832017 0.225957
vt 0.830157 0.197538
vt 0.840970 0.198837
vt 0.571646 0.101292
vt 0.398577 0.067893
vt 0.395472 0.063561
vt 0.406617 0.060428
vt 0.409587 0.064184
vt 0.829589 0.151463
vt 0.839821 0.151470
vt 0.576549 0.147975
vt 0.556126 0.009991
vt 0.840912 0.294244
vt 0.832782 0.290298
vt 0.834996 0.273638
vt 0.843359 0.274183
vt 0.563219 0.028621
vt 0.540555 0.008996
vt 0.838273 0.299160
vt 0.554231 0.005316
vt 0.542677 0.013370
vt 0.322842 0.096162
vt 0.777562 0.288478
vt 0.333611 0.116180
vt 0.310345 0.122951
vt 0.777302 0.318579
vt 0.313376 0.108083
vt 0.775225 0.303628
vt 0.774597 0.256917
vt 0.341640 0.071331
vt 0.359615 0.066564
vt 0.362401 0.073480
vt 0.349600 0.080603
vt 0.408068 0.154388
vt 0.398055 0.129072
vt 0.421381 0.125365
vt 0.431505 0.153495
vt 0.407071 0.045819
vt 0.410515 0.050318
vt 0.400546 0.053207
vt 0.397031 0.048939
vt 0.475774 0.026182
vt 0.486888 0.023040
vt 0.489684 0.027135
vt 0.478565 0.030487
vt 0.339701 0.156986
vt 0.337256 0.136978
vt 0.374830 0.132732
vt 0.384750 0.155273
vt 0.512484 0.015951
vt 0.522052 0.013339
vt 0.524566 0.017502
vt 0.514928 0.020008
vt 0.769278 0.059235
vt 0.759099 0.055250
vt 0.758569 0.045776
vt 0.768281 0.049184
vt 0.733756 0.058048
vt 0.729881 0.059727
vt 0.729356 0.054138
vt 0.734093 0.047634
vt 0.764905 0.318681
vt 0.752365 0.317795
vt 0.753061 0.303628
vt 0.765690 0.304137
vt 0.728234 0.310340
vt 0.723232 0.305439
vt 0.720982 0.298664
vt 0.722873 0.294741
vt 0.451611 0.032843
vt 0.464627 0.029301
vt 0.467402 0.033859
vt 0.454963 0.037482
vt 0.771946 0.129904
vt 0.761447 0.127051
vt 0.760884 0.113015
vt 0.771654 0.115234
vt 0.732387 0.130404
vt 0.729449 0.130666
vt 0.730732 0.122192
vt 0.732604 0.117203
vt 0.427845 0.039529
vt 0.431501 0.044281
vt 0.420525 0.047424
vt 0.417129 0.042665
vt 0.771264 0.179326
vt 0.760180 0.175463
vt 0.760421 0.164360
vt 0.771568 0.167946
vt 0.732263 0.183346
vt 0.728145 0.183805
vt 0.729478 0.177775
vt 0.732165 0.168916
vt 0.376348 0.075558
vt 0.373345 0.070087
vt 0.384388 0.066694
vt 0.387615 0.071585
vt 0.767444 0.222376
vt 0.757403 0.219536
vt 0.758317 0.208537
vt 0.768953 0.211924
vt 0.732141 0.229706
vt 0.729592 0.229529
vt 0.731531 0.224285
vt 0.733813 0.220298
vt 0.764794 0.266688
vt 0.753504 0.266620
vt 0.754951 0.254197
vt 0.764889 0.255540
vt 0.726291 0.261242
vt 0.722029 0.261633
vt 0.724561 0.258311
vt 0.727052 0.255078
vt 0.306003 0.137331
vt 0.775746 0.333513
vt 0.472656 0.042382
vt 0.460796 0.045624
vt 0.736419 0.334414
vt 0.751466 0.338339
vt 0.763259 0.339046
vt 0.304071 0.142529
vt 0.774353 0.338920
vt 0.719144 0.320359
vt 0.719125 0.317784
vt 0.721986 0.314093
vt 0.763757 0.332940
vt 0.751843 0.332049
vt 0.321460 0.157665
vt 0.531269 0.011097
vt 0.533607 0.015435
vt 0.426014 0.055071
vt 0.416295 0.057752
vt 0.766575 0.038478
vt 0.756937 0.034807
vt 0.730700 0.036987
vt 0.728577 0.038315
vt 0.726321 0.031532
vt 0.727886 0.078894
vt 0.725702 0.079558
vt 0.727477 0.074256
vt 0.730010 0.068803
vt 0.770662 0.078729
vt 0.759942 0.074370
vt 0.759559 0.064792
vt 0.770208 0.069321
vt 0.494908 0.020806
vt 0.502938 0.018629
vt 0.505295 0.022551
vt 0.497495 0.024830
vt 0.358771 0.062638
vt 0.774722 0.251562
vt 0.345684 0.068149
vt 0.349763 0.064965
vt 0.774761 0.246149
vt 0.358010 0.058549
vt 0.774590 0.235154
vt 0.752069 0.290988
vt 0.765187 0.290073
vt 0.721990 0.292585
vt 0.724131 0.286346
vt 0.727365 0.283177
vt 0.107563 0.331117
vt 0.709832 0.337378
vt 0.111545 0.328689
vt 0.708376 0.341883
vt 0.112096 0.342249
vt 0.109477 0.357325
vt 0.091990 0.336434
vt 0.704361 0.320798
vt 0.095633 0.335973
vt 0.705653 0.324345
vt 0.098389 0.349045
vt 0.095124 0.365767
vt 0.079531 0.343507
vt 0.712070 0.308507
vt 0.083127 0.340566
vt 0.710135 0.312698
vt 0.083948 0.357602
vt 0.081445 0.375821
vt 0.067423 0.352618
vt 0.710716 0.293428
vt 0.071008 0.348966
vt 0.711294 0.298485
vt 0.075547 0.346391
vt 0.711773 0.303622
vt 0.074612 0.377408
vt 0.695007 0.272794
vt 0.067939 0.378980
vt 0.712415 0.280500
vt 0.711917 0.282904
vt 0.711050 0.289422
vt 0.717727 0.266666
vt 0.718227 0.268751
vt 0.716509 0.271219
vt 0.714804 0.274186
vt 0.737593 0.299297
vt 0.739624 0.287022
vt 0.745212 0.076604
vt 0.746709 0.066799
vt 0.743462 0.036088
vt 0.740355 0.025611
vt 0.734920 0.326810
vt 0.740136 0.314034
vt 0.714705 0.320252
vt 0.717910 0.324625
vt 0.711381 0.325145
vt 0.739625 0.263896
vt 0.741246 0.253887
vt 0.743086 0.224526
vt 0.746109 0.214469
vt 0.746000 0.179196
vt 0.748770 0.166403
vt 0.746580 0.128540
vt 0.748334 0.115056
vt 0.746467 0.056784
vt 0.746239 0.046860
vt 0.802641 0.296007
vt 0.741344 0.005495
vt 0.746162 0.100661
vt 0.731893 0.102798
vt 0.724354 0.090010
vt 0.743721 0.086483
vt 0.746718 0.153629
vt 0.732716 0.154312
vt 0.726605 0.143245
vt 0.744403 0.141233
vt 0.744824 0.202978
vt 0.743202 0.191520
vt 0.740768 0.244133
vt 0.740139 0.234009
vt 0.719938 0.338479
vt 0.726125 0.338728
vt 0.717891 0.342816
vt 0.713736 0.342547
vt 0.738750 0.280194
vt 0.737716 0.273349
vt 0.094937 0.587360
vt 0.127138 0.587108
vt 0.127142 0.598351
vt 0.094763 0.598318
vt 0.109639 0.364118
vt 0.126227 0.361294
vt 0.126455 0.367649
vt 0.109775 0.370806
vt 0.126684 0.379724
vt 0.108343 0.390685
vt 0.126890 0.403968
vt 0.105642 0.415326
vt 0.105146 0.428497
vt 0.126939 0.416308
vt 0.126974 0.428538
vt 0.104622 0.441605
vt 0.102940 0.473201
vt 0.127056 0.463431
vt 0.127091 0.498315
vt 0.101308 0.504846
vt 0.099614 0.525429
vt 0.127107 0.523342
vt 0.127123 0.548427
vt 0.097902 0.546012
vt 0.096517 0.561208
vt 0.127127 0.562149
vt 0.127133 0.575860
vt 0.095106 0.576389
vt 0.102681 0.369663
vt 0.103065 0.377758
vt 0.096475 0.384799
vt 0.095781 0.375415
vt 0.080905 0.409492
vt 0.081306 0.392808
vt 0.073399 0.392993
vt 0.071885 0.408339
vt 0.062947 0.407212
vt 0.685640 0.242229
vt 0.689938 0.256940
vt 0.065620 0.393187
vt 0.704792 0.262510
vt 0.717238 0.264575
vt 0.719345 0.237671
vt 0.721043 0.241360
vt 0.717950 0.245261
vt 0.717204 0.246610
vt 0.716528 0.248001
vt 0.715372 0.252088
vt 0.701612 0.242272
vt 0.703334 0.237419
vt 0.690740 0.227943
vt 0.052867 0.417006
vt 0.725262 0.215672
vt 0.725404 0.221441
vt 0.707554 0.216300
vt 0.039302 0.434833
vt 0.696412 0.205249
vt 0.721848 0.196661
vt 0.722674 0.200661
vt 0.713796 0.199298
vt 0.025240 0.438342
vt 0.707687 0.194415
vt 0.724679 0.178225
vt 0.712403 0.175777
vt 0.695502 0.167761
vt 0.030377 0.465640
vt 0.721042 0.144334
vt 0.722678 0.149855
vt 0.711264 0.150772
vt 0.024517 0.490455
vt 0.692915 0.141009
vt 0.727009 0.122812
vt 0.709532 0.124513
vt 0.021410 0.512974
vt 0.692287 0.115441
vt 0.718788 0.089538
vt 0.723092 0.096194
vt 0.707068 0.097628
vt 0.012206 0.537261
vt 0.692844 0.086678
vt 0.719730 0.070033
vt 0.720613 0.074496
vt 0.702819 0.074807
vt 0.689315 0.065754
vt 0.013258 0.556558
vt 0.722307 0.049616
vt 0.723862 0.054114
vt 0.705423 0.053272
vt 0.692177 0.044093
vt 0.006918 0.575181
vt 0.721437 0.024840
vt 0.722817 0.032762
vt 0.707042 0.029465
vt 0.000000 0.600719
vt 0.694501 0.015126
vt 0.781752 0.295470
vt 0.718390 0.008586
vt 0.719874 0.011895
vt 0.709057 0.006407
vt 0.781453 0.274001
vt 0.700084 0.000000
vt 0.000939 0.612406
vt 0.094454 0.400097
vt 0.062223 0.431500
vt 0.071637 0.445900
vt 0.057348 0.443964
vt 0.068685 0.462031
vt 0.040167 0.454211
vt 0.052465 0.456447
vt 0.065630 0.478231
vt 0.048087 0.471922
vt 0.088550 0.430569
vt 0.086927 0.445245
vt 0.045149 0.484342
vt 0.062242 0.490762
vt 0.082620 0.481949
vt 0.085179 0.459885
vt 0.040882 0.507805
vt 0.042170 0.496700
vt 0.058867 0.503298
vt 0.057680 0.514332
vt 0.078658 0.519847
vt 0.080103 0.504041
vt 0.033694 0.530164
vt 0.039688 0.519031
vt 0.056486 0.525361
vt 0.049336 0.535657
vt 0.073031 0.548366
vt 0.077234 0.535654
vt 0.027827 0.551178
vt 0.027369 0.541601
vt 0.042254 0.545970
vt 0.042488 0.555508
vt 0.068787 0.571471
vt 0.068739 0.561167
vt 0.023002 0.570535
vt 0.028356 0.560744
vt 0.042743 0.565066
vt 0.036049 0.575362
vt 0.015838 0.593353
vt 0.018099 0.580471
vt 0.029163 0.585862
vt 0.028049 0.598902
vt 0.048543 0.590146
vt 0.127152 0.619400
vt 0.800578 0.151452
vt 0.092555 0.618967
vt 0.799347 0.187096
vt 0.061177 0.604779
vt 0.799615 0.220455
vt 0.060207 0.618912
vt 0.013490 0.606049
vt 0.026860 0.612139
vt 0.799699 0.253605
vt 0.027280 0.621126
vt 0.791946 0.264628
vt 0.014736 0.615620
vt 0.723374 0.006641
vt 0.786402 0.296275
vt 0.808811 0.252370
vt 0.809183 0.222099
vt 0.809380 0.191660
vt 0.809150 0.151456
vt 0.829422 0.294594
vt 0.820152 0.290418
vt 0.825482 0.286142
vt 0.818760 0.223760
vt 0.819414 0.196228
vt 0.817720 0.151459
vt 0.311452 0.158024
vt 0.547572 0.023444
vt 0.387245 0.052221
vt 0.377517 0.055467
vt 0.777910 0.215369
vt 0.375398 0.051121
vt 0.779297 0.205174
vt 0.384392 0.047682
vt 0.510645 0.031523
vt 0.503070 0.033632
vt 0.442524 0.041144
vt 0.448940 0.048906
vt 0.437450 0.051985
vt 0.368052 0.059005
vt 0.776382 0.225361
vt 0.366636 0.054786
vt 0.530242 0.026920
vt 0.520443 0.029223
vt 0.495469 0.035753
vt 0.484095 0.039048
vt 0.827067 0.268536
vt 0.538893 0.025192
vt 0.822550 0.259917
vt 0.817921 0.251211
vt 0.369615 0.063037
vt 0.464279 0.050371
vt 0.475903 0.047519
vt 0.479154 0.052596
vt 0.467757 0.055073
vt 0.419407 0.061874
vt 0.429268 0.059560
vt 0.432505 0.063993
vt 0.422509 0.065946
vt 0.345118 0.089373
vt 0.365165 0.079507
vt 0.367944 0.085419
vt 0.340769 0.098056
vt 0.551370 0.031505
vt 0.842500 0.264805
vt 0.566031 0.036891
vt 0.568777 0.045168
vt 0.840843 0.255725
vt 0.555108 0.039563
vt 0.834657 0.264133
vt 0.833831 0.254354
vt 0.440939 0.056411
vt 0.452659 0.053272
vt 0.456365 0.057602
vt 0.444405 0.060781
vt 0.523796 0.034787
vt 0.533968 0.033207
vt 0.537664 0.039481
vt 0.527135 0.040325
vt 0.487440 0.044075
vt 0.498920 0.040673
vt 0.502396 0.045543
vt 0.490801 0.049050
vt 0.506293 0.038518
vt 0.513629 0.036356
vt 0.516625 0.041138
vt 0.509528 0.043336
vt 0.379740 0.059531
vt 0.390112 0.056369
vt 0.542663 0.032372
vt 0.546372 0.039528
vt 0.780193 0.083009
vt 0.492372 0.016429
vt 0.779732 0.073815
vt 0.500621 0.014312
vt 0.528992 0.006152
vt 0.775903 0.042286
vt 0.774455 0.031953
vt 0.538462 0.003849
vt 0.335484 0.078748
vt 0.775852 0.266710
vt 0.781062 0.183377
vt 0.403568 0.040917
vt 0.413733 0.037598
vt 0.781353 0.171805
vt 0.448299 0.027931
vt 0.781453 0.132641
vt 0.461909 0.024460
vt 0.781328 0.117287
vt 0.778512 0.063219
vt 0.510075 0.011400
vt 0.519589 0.008607
vt 0.777182 0.052637
vt 0.771151 0.017030
vt 0.833771 0.303426
vt 0.552290 0.000000
vt 0.473030 0.021538
vt 0.781035 0.104732
vt 0.780597 0.092230
vt 0.484139 0.018593
vt 0.424180 0.034445
vt 0.781451 0.159940
vt 0.434646 0.031319
vt 0.781279 0.148016
vt 0.780320 0.194784
vt 0.393530 0.044337
vt 0.326148 0.091178
vt 0.777274 0.282408
vt 0.329681 0.086200
vt 0.776788 0.276243
vt 0.370315 0.110551
vt 0.393091 0.107191
vt 0.416103 0.103832
vt 0.337130 0.107180
vt 0.369218 0.098033
vt 0.386352 0.094116
vt 0.413023 0.078064
vt 0.424320 0.083990
vt 0.451017 0.152750
vt 0.440758 0.123633
vt 0.460193 0.121924
vt 0.470569 0.152004
vt 0.435509 0.101598
vt 0.455004 0.099395
vt 0.439954 0.081236
vt 0.491193 0.151216
vt 0.480898 0.121019
vt 0.501608 0.120119
vt 0.511818 0.150428
vt 0.480256 0.096802
vt 0.505565 0.094278
vt 0.474014 0.075960
vt 0.455678 0.078541
vt 0.541673 0.149296
vt 0.568132 0.148292
vt 0.555169 0.099513
vt 0.550478 0.148962
vt 0.522077 0.096018
vt 0.538608 0.097767
vt 0.559288 0.148628
vt 0.506400 0.072586
vt 0.492356 0.073466
vt 0.523780 0.055936
vt 0.538177 0.068595
vt 0.563709 0.148460
vt 0.546887 0.098639
vt 0.546671 0.069067
vt 0.555185 0.069532
vt 0.726825 0.426428
vt 0.724036 0.441136
vt 0.721494 0.438452
vt 0.723626 0.431244
vt 0.762670 0.364518
vt 0.772706 0.365566
vt 0.302998 0.168949
vt 0.738315 0.367579
vt 0.750912 0.364886
vt 0.764620 0.419953
vt 0.763783 0.432653
vt 0.750885 0.431394
vt 0.751364 0.418924
vt 0.728941 0.456888
vt 0.724533 0.470308
vt 0.722256 0.466627
vt 0.724683 0.459600
vt 0.763890 0.454573
vt 0.764301 0.477362
vt 0.754785 0.479625
vt 0.753899 0.455756
vt 0.730043 0.501626
vt 0.727640 0.513246
vt 0.726214 0.508274
vt 0.728179 0.502577
vt 0.768150 0.507992
vt 0.768859 0.518436
vt 0.757851 0.522459
vt 0.757436 0.511656
vt 0.729074 0.554497
vt 0.725147 0.565745
vt 0.724802 0.561108
vt 0.727594 0.554270
vt 0.770004 0.551353
vt 0.770323 0.562674
vt 0.760524 0.566394
vt 0.759636 0.555012
vt 0.731862 0.605387
vt 0.728179 0.617336
vt 0.727105 0.612199
vt 0.730183 0.605297
vt 0.771724 0.604305
vt 0.772141 0.617613
vt 0.761717 0.622382
vt 0.761273 0.608036
vt 0.731806 0.681342
vt 0.735437 0.702225
vt 0.791260 0.006441
vt 0.730273 0.698257
vt 0.730251 0.688829
vt 0.769766 0.678116
vt 0.771213 0.694602
vt 0.825577 0.003237
vt 0.814280 0.007955
vt 0.760762 0.701101
vt 0.760390 0.682773
vt 0.575893 0.222970
vt 0.841063 0.075748
vt 0.840992 0.104095
vt 0.575187 0.194900
vt 0.830192 0.105388
vt 0.832069 0.076975
vt 0.405302 0.241295
vt 0.416553 0.244119
vt 0.413886 0.248108
vt 0.402559 0.245852
vt 0.566596 0.286984
vt 0.840689 0.008788
vt 0.843359 0.028712
vt 0.572251 0.267975
vt 0.835051 0.029299
vt 0.832743 0.012832
vt 0.551202 0.289086
vt 0.552953 0.284698
vt 0.838076 0.004099
vt 0.565094 0.291584
vt 0.776967 0.421613
vt 0.327482 0.218952
vt 0.317163 0.207724
vt 0.774735 0.406372
vt 0.312962 0.193082
vt 0.776891 0.391350
vt 0.336706 0.198163
vt 0.773541 0.453376
vt 0.348464 0.242218
vt 0.355498 0.232416
vt 0.368833 0.238514
vt 0.366700 0.245551
vt 0.423574 0.182305
vt 0.400010 0.180409
vt 0.425773 0.264826
vt 0.405329 0.260206
vt 0.408435 0.255749
vt 0.428728 0.259975
vt 0.485391 0.276842
vt 0.487814 0.272428
vt 0.499146 0.274920
vt 0.496699 0.279136
vt 0.376552 0.178536
vt 0.338767 0.177113
vt 0.522739 0.284238
vt 0.524835 0.280089
vt 0.534624 0.281851
vt 0.532473 0.286096
vt 0.772151 0.646408
vt 0.771836 0.656514
vt 0.762280 0.660599
vt 0.762207 0.651064
vt 0.736440 0.649804
vt 0.734120 0.659590
vt 0.733300 0.654360
vt 0.734883 0.649379
vt 0.764504 0.391159
vt 0.765207 0.405800
vt 0.752494 0.406241
vt 0.751892 0.391939
vt 0.727101 0.399499
vt 0.722055 0.415300
vt 0.718531 0.410869
vt 0.723012 0.405324
vt 0.460807 0.272048
vt 0.463764 0.267266
vt 0.476439 0.269921
vt 0.474057 0.274554
vt 0.770862 0.576793
vt 0.771235 0.591048
vt 0.760794 0.593710
vt 0.760730 0.579965
vt 0.731515 0.578100
vt 0.732902 0.590512
vt 0.731243 0.585456
vt 0.729314 0.578357
vt 0.436646 0.267181
vt 0.439881 0.262277
vt 0.769599 0.540107
vt 0.758692 0.543587
vt 0.731187 0.538880
vt 0.729256 0.531545
vt 0.726428 0.519046
vt 0.382552 0.235374
vt 0.394099 0.238468
vt 0.391279 0.243590
vt 0.380010 0.241056
vt 0.765879 0.487436
vt 0.767259 0.497681
vt 0.756748 0.500891
vt 0.755919 0.490125
vt 0.727461 0.479210
vt 0.729392 0.489345
vt 0.727696 0.484247
vt 0.726504 0.480277
vt 0.763963 0.443432
vt 0.752618 0.443339
vt 0.725139 0.448486
vt 0.723909 0.450998
vt 0.722084 0.447148
vt 0.307555 0.179062
vt 0.775488 0.376370
vt 0.468946 0.258707
vt 0.481007 0.261043
vt 0.735789 0.374954
vt 0.751190 0.371231
vt 0.763057 0.370666
vt 0.305259 0.174018
vt 0.774171 0.370936
vt 0.717295 0.388216
vt 0.720681 0.395340
vt 0.717318 0.391165
vt 0.763494 0.376799
vt 0.751487 0.377580
vt 0.541826 0.287595
vt 0.543775 0.283276
vt 0.433599 0.251970
vt 0.770873 0.667328
vt 0.761467 0.671682
vt 0.732957 0.670881
vt 0.731169 0.677451
vt 0.731863 0.670736
vt 0.731348 0.628298
vt 0.734682 0.639042
vt 0.731210 0.633695
vt 0.728679 0.627895
vt 0.772292 0.626947
vt 0.772422 0.636307
vt 0.762094 0.641484
vt 0.761907 0.631911
vt 0.504868 0.280722
vt 0.507104 0.276618
vt 0.515049 0.278291
vt 0.513028 0.282301
vt 0.366194 0.249525
vt 0.365780 0.253660
vt 0.773014 0.474946
vt 0.723094 0.423878
vt 0.721157 0.417935
vt 0.143016 0.322130
vt 0.717404 0.370273
vt 0.143300 0.355454
vt 0.136235 0.340000
vt 0.137850 0.322002
vt 0.716051 0.365097
vt 0.162964 0.333495
vt 0.703028 0.388779
vt 0.158597 0.364511
vt 0.155485 0.347580
vt 0.158042 0.332506
vt 0.704782 0.383681
vt 0.176018 0.341835
vt 0.711241 0.401645
vt 0.172772 0.375021
vt 0.170658 0.358863
vt 0.172817 0.339205
vt 0.709644 0.397951
vt 0.188097 0.351539
vt 0.710244 0.416512
vt 0.695351 0.437385
vt 0.186404 0.378755
vt 0.181016 0.364014
vt 0.185410 0.348264
vt 0.710512 0.412516
vt 0.712256 0.429361
vt 0.713974 0.433742
vt 0.717270 0.439917
vt 0.716847 0.442779
vt 0.710581 0.419414
vt 0.711529 0.425951
vt 0.736936 0.410504
vt 0.738858 0.422838
vt 0.747137 0.630425
vt 0.749106 0.640269
vt 0.747846 0.671313
vt 0.745491 0.682017
vt 0.734069 0.382642
vt 0.739514 0.395644
vt 0.710490 0.388094
vt 0.716268 0.384855
vt 0.719032 0.383929
vt 0.738765 0.445952
vt 0.740258 0.455953
vt 0.741909 0.485149
vt 0.744877 0.495085
vt 0.742037 0.517520
vt 0.747404 0.541733
vt 0.746040 0.579087
vt 0.748290 0.592265
vt 0.749456 0.650350
vt 0.749865 0.660341
vt 0.802768 0.007194
vt 0.748088 0.701918
vt 0.746907 0.606502
vt 0.745250 0.620555
vt 0.745574 0.554358
vt 0.743562 0.566654
vt 0.743657 0.506345
vt 0.739035 0.475720
vt 0.721252 0.370367
vt 0.718492 0.364811
vt 0.721541 0.364735
vt 0.725539 0.370312
vt 0.736981 0.436507
vt 0.159348 0.587334
vt 0.159530 0.598296
vt 0.143371 0.362799
vt 0.143421 0.369773
vt 0.145304 0.390216
vt 0.148267 0.415159
vt 0.148843 0.428380
vt 0.149400 0.441518
vt 0.151194 0.473154
vt 0.152895 0.504809
vt 0.154613 0.525396
vt 0.156346 0.545981
vt 0.157746 0.561178
vt 0.159169 0.576360
vt 0.150800 0.368550
vt 0.157965 0.374475
vt 0.157250 0.384078
vt 0.150441 0.376856
vt 0.172800 0.392337
vt 0.173166 0.409200
vt 0.690034 0.452444
vt 0.188604 0.392940
vt 0.191267 0.406970
vt 0.685589 0.466905
vt 0.716420 0.445108
vt 0.704802 0.446724
vt 0.715950 0.474004
vt 0.201311 0.416904
vt 0.690535 0.481396
vt 0.705607 0.470781
vt 0.719014 0.467522
vt 0.724288 0.494188
vt 0.695994 0.503706
vt 0.214803 0.434850
vt 0.709192 0.493021
vt 0.723222 0.490149
vt 0.720601 0.512066
vt 0.706763 0.514832
vt 0.228971 0.438256
vt 0.712068 0.510059
vt 0.721736 0.508567
vt 0.725939 0.538779
vt 0.223784 0.465547
vt 0.694709 0.541506
vt 0.712344 0.533062
vt 0.724598 0.534921
vt 0.717359 0.567257
vt 0.229650 0.490356
vt 0.692924 0.570406
vt 0.705699 0.559798
vt 0.721134 0.561147
vt 0.728335 0.590772
vt 0.693650 0.594932
vt 0.232774 0.512886
vt 0.714396 0.586324
vt 0.728060 0.586254
vt 0.721199 0.618538
vt 0.242041 0.537110
vt 0.695996 0.622788
vt 0.708704 0.611452
vt 0.724355 0.612471
vt 0.727659 0.638502
vt 0.693495 0.642996
vt 0.240970 0.556456
vt 0.710216 0.632322
vt 0.726592 0.633015
vt 0.729749 0.659905
vt 0.247320 0.575073
vt 0.696284 0.665759
vt 0.711089 0.655903
vt 0.726680 0.654123
vt 0.726829 0.684196
vt 0.699776 0.695441
vt 0.254283 0.600609
vt 0.712636 0.681249
vt 0.727848 0.677408
vt 0.782100 0.007621
vt 0.724984 0.700541
vt 0.781493 0.029014
vt 0.708139 0.709310
vt 0.253308 0.612517
vt 0.714676 0.703616
vt 0.726058 0.698043
vt 0.159438 0.399688
vt 0.182539 0.445784
vt 0.692942 0.492442
vt 0.208028 0.425884
vt 0.185480 0.461951
vt 0.701185 0.509484
vt 0.221884 0.436555
vt 0.206068 0.471840
vt 0.188551 0.478171
vt 0.165524 0.430409
vt 0.167196 0.445134
vt 0.209012 0.484261
vt 0.191958 0.490695
vt 0.171551 0.481886
vt 0.168947 0.459807
vt 0.213259 0.507720
vt 0.196554 0.514255
vt 0.195354 0.503219
vt 0.211989 0.496602
vt 0.175571 0.519790
vt 0.174109 0.503980
vt 0.220561 0.530069
vt 0.204926 0.535578
vt 0.197768 0.525287
vt 0.214596 0.518923
vt 0.181242 0.548310
vt 0.177013 0.535600
vt 0.226486 0.551076
vt 0.211776 0.555428
vt 0.212008 0.545887
vt 0.226945 0.541491
vt 0.185464 0.571414
vt 0.185520 0.561115
vt 0.231276 0.570444
vt 0.218216 0.575274
vt 0.211519 0.564990
vt 0.225950 0.560655
vt 0.238477 0.593256
vt 0.226219 0.598844
vt 0.225049 0.585798
vt 0.236159 0.580388
vt 0.205701 0.590082
vt 0.161746 0.618944
vt 0.799367 0.115808
vt 0.193115 0.604728
vt 0.799626 0.082453
vt 0.194100 0.618874
vt 0.240911 0.605939
vt 0.791805 0.038373
vt 0.239615 0.615570
vt 0.799696 0.049314
vt 0.227058 0.621126
vt 0.227481 0.612076
vt 0.729972 0.702139
vt 0.786653 0.006920
vt 0.808836 0.050549
vt 0.809212 0.080814
vt 0.809407 0.111251
vt 0.829428 0.008536
vt 0.825617 0.016847
vt 0.820296 0.012644
vt 0.819447 0.106691
vt 0.818807 0.079158
vt 0.557060 0.274305
vt 0.395349 0.257719
vt 0.777161 0.504362
vt 0.392947 0.262388
vt 0.776011 0.494427
vt 0.383740 0.259651
vt 0.385436 0.255218
vt 0.511959 0.267499
vt 0.519665 0.269026
vt 0.445215 0.254155
vt 0.456890 0.256328
vt 0.451088 0.264575
vt 0.375732 0.252428
vt 0.774648 0.484610
vt 0.374698 0.256713
vt 0.529606 0.270558
vt 0.539548 0.272096
vt 0.492651 0.263518
vt 0.504228 0.265960
vt 0.827154 0.034388
vt 0.548289 0.273193
vt 0.822617 0.043000
vt 0.817976 0.051704
vt 0.376913 0.248334
vt 0.472052 0.253721
vt 0.475155 0.248784
vt 0.486690 0.250417
vt 0.483843 0.255707
vt 0.419218 0.240173
vt 0.439368 0.242603
vt 0.436491 0.247254
vt 0.350291 0.224027
vt 0.345214 0.215690
vt 0.373366 0.226198
vt 0.371088 0.232297
vt 0.560233 0.265991
vt 0.563348 0.257676
vt 0.576549 0.251065
vt 0.840903 0.047200
vt 0.842544 0.038107
vt 0.574434 0.259521
vt 0.834727 0.038794
vt 0.833901 0.048578
vt 0.448346 0.249489
vt 0.451461 0.244870
vt 0.463620 0.247105
vt 0.460261 0.251695
vt 0.532520 0.264767
vt 0.535426 0.259025
vt 0.545972 0.259066
vt 0.542776 0.265568
vt 0.495600 0.258247
vt 0.498571 0.253037
vt 0.510395 0.255622
vt 0.507298 0.260763
vt 0.514802 0.262383
vt 0.517666 0.257316
vt 0.524902 0.259003
vt 0.522277 0.263984
vt 0.397821 0.253415
vt 0.387249 0.251072
vt 0.551496 0.265772
vt 0.554645 0.258367
vt 0.781289 0.622111
vt 0.502704 0.285207
vt 0.781453 0.631221
vt 0.511089 0.286676
vt 0.539975 0.292564
vt 0.779930 0.662861
vt 0.779238 0.673295
vt 0.549570 0.294139
vt 0.341715 0.235320
vt 0.774994 0.443579
vt 0.777968 0.514418
vt 0.402293 0.264998
vt 0.422832 0.270000
vt 0.778835 0.536331
vt 0.457918 0.277101
vt 0.779771 0.573762
vt 0.471750 0.279493
vt 0.780403 0.588583
vt 0.781004 0.641815
vt 0.520737 0.288819
vt 0.530434 0.290834
vt 0.780468 0.652446
vt 0.777101 0.688462
vt 0.833652 0.000000
vt 0.563590 0.296872
vt 0.483045 0.281579
vt 0.780783 0.600783
vt 0.781085 0.613024
vt 0.494334 0.283689
vt 0.433431 0.272413
vt 0.778994 0.547635
vt 0.444058 0.274795
vt 0.779028 0.559017
vt 0.335307 0.228367
vt 0.776099 0.434009
vt 0.373727 0.201009
vt 0.419961 0.204197
vt 0.396729 0.202624
vt 0.385108 0.229781
vt 0.408040 0.236803
vt 0.429672 0.223318
vt 0.462520 0.182771
vt 0.443020 0.182548
vt 0.459064 0.205624
vt 0.439469 0.204925
vt 0.445463 0.224859
vt 0.503938 0.181428
vt 0.483226 0.182101
vt 0.509853 0.206892
vt 0.484433 0.206292
vt 0.479800 0.227517
vt 0.461335 0.226337
vt 0.558895 0.197917
vt 0.542517 0.200908
vt 0.526176 0.203905
vt 0.512326 0.228439
vt 0.498268 0.228628
vt 0.530908 0.243700
vt 0.544290 0.230016
vt 0.550705 0.199414
vt 0.552721 0.228905
vt 0.561172 0.227802
vt 0.731012 0.218516
vt 0.729024 0.223615
vt 0.723189 0.233306
vt 0.725814 0.233679
vt 0.722412 0.238784
vt 0.727493 0.228483
vt 0.707280 0.225668
vt 0.718752 0.234041
vt 0.707439 0.220971
vt 0.724135 0.227200
vt 0.046096 0.425930
vt 0.693362 0.216559
vt 0.032281 0.436585
vt 0.701896 0.199699
vt 0.712296 0.201494
vt 0.710898 0.203716
vt 0.725777 0.209652
vt 0.724832 0.205567
vt 0.729136 0.210711
vt 0.731576 0.212316
vt 0.727668 0.206768
vt 0.725062 0.196732
vt 0.726029 0.202343
vt 0.727317 0.177952
vt 0.715467 0.185560
vt 0.722415 0.189077
vt 0.724923 0.189387
vt 0.726987 0.188810
vt 0.701450 0.180906
vt 0.027808 0.451985
vt 0.713846 0.180745
vt 0.723749 0.183888
vt 0.726197 0.184179
vt 0.729039 0.155237
vt 0.727274 0.148344
vt 0.728638 0.122484
vt 0.722135 0.011788
vt 0.724011 0.025964
vt 0.724437 0.032176
vt 0.728380 0.049836
vt 0.727810 0.054371
vt 0.724731 0.069272
vt 0.724817 0.074266
vt 0.729899 0.104686
vt 0.724961 0.095256
vt 0.726377 0.156185
vt 0.723928 0.156627
vt 0.724339 0.149134
vt 0.723204 0.143277
vt 0.727549 0.130457
vt 0.725940 0.138635
vt 0.723704 0.138905
vt 0.728232 0.104831
vt 0.725974 0.104360
vt 0.723840 0.095726
vt 0.721098 0.090179
vt 0.720508 0.086128
vt 0.723138 0.086172
vt 0.723722 0.080191
vt 0.724410 0.063630
vt 0.729450 0.065283
vt 0.726478 0.058449
vt 0.727870 0.045865
vt 0.730528 0.045663
vt 0.725692 0.038562
vt 0.722432 0.020233
vt 0.722088 0.242474
vt 0.723532 0.251001
vt 0.726745 0.251730
vt 0.723508 0.254205
vt 0.723512 0.248120
vt 0.727809 0.248727
vt 0.721540 0.258010
vt 0.716511 0.257306
vt 0.720183 0.264757
vt 0.722356 0.265050
vt 0.721636 0.267768
vt 0.719826 0.261137
vt 0.720135 0.270308
vt 0.720268 0.273452
vt 0.724301 0.278834
vt 0.720518 0.276759
vt 0.721418 0.281806
vt 0.720836 0.285634
vt 0.719281 0.293259
vt 0.715144 0.297260
vt 0.716379 0.299792
vt 0.718631 0.304270
vt 0.719248 0.308649
vt 0.717490 0.313151
vt 0.715926 0.317758
vt 0.721703 0.330027
vt 0.719084 0.329773
vt 0.712528 0.329744
vt 0.719755 0.334208
vt 0.714242 0.334348
vt 0.720424 0.354375
vt 0.714808 0.347921
vt 0.710546 0.350531
vt 0.712551 0.354170
vt 0.717813 0.358750
vt 0.713533 0.357722
vt 0.129721 0.320578
vt 0.711143 0.358142
vt 0.122202 0.322625
vt 0.704434 0.353577
vt 0.724531 0.379898
vt 0.721281 0.379889
vt 0.722364 0.376341
vt 0.718045 0.380063
vt 0.154481 0.331561
vt 0.706036 0.380208
vt 0.707349 0.376772
vt 0.151288 0.329787
vt 0.719463 0.376376
vt 0.714499 0.391572
vt 0.716847 0.396466
vt 0.168117 0.335027
vt 0.706358 0.392864
vt 0.718952 0.400515
vt 0.717061 0.405416
vt 0.714548 0.411776
vt 0.180045 0.344807
vt 0.710852 0.406450
vt 0.717905 0.415154
vt 0.719119 0.418113
vt 0.720198 0.424243
vt 0.720276 0.427802
vt 0.720196 0.432377
vt 0.719344 0.439121
vt 0.720868 0.441714
vt 0.719706 0.447737
vt 0.721500 0.451271
vt 0.715940 0.452208
vt 0.717395 0.447984
vt 0.720118 0.443743
vt 0.722013 0.443373
vt 0.722639 0.456137
vt 0.722745 0.459948
vt 0.720591 0.466978
vt 0.716143 0.461530
vt 0.720413 0.472019
vt 0.724991 0.482058
vt 0.725140 0.486227
vt 0.723074 0.482977
vt 0.721877 0.475846
vt 0.723497 0.475027
vt 0.726459 0.490358
vt 0.725381 0.502951
vt 0.723557 0.508267
vt 0.723497 0.503779
vt 0.727546 0.497173
vt 0.728291 0.497141
vt 0.723081 0.512371
vt 0.724235 0.517880
vt 0.726773 0.531083
vt 0.721689 0.517562
vt 0.728019 0.538921
vt 0.725383 0.554044
vt 0.723842 0.560592
vt 0.723651 0.554589
vt 0.722888 0.565775
vt 0.727682 0.546437
vt 0.729401 0.546389
vt 0.727863 0.578872
vt 0.729826 0.586165
vt 0.725980 0.579299
vt 0.725334 0.571589
vt 0.726781 0.571141
vt 0.730840 0.590578
vt 0.730031 0.597636
vt 0.728723 0.597349
vt 0.728362 0.605037
vt 0.726115 0.611784
vt 0.727020 0.605156
vt 0.724264 0.617807
vt 0.725764 0.627558
vt 0.729240 0.633007
vt 0.723663 0.627586
vt 0.725059 0.622784
vt 0.727266 0.622691
vt 0.732742 0.638970
vt 0.731033 0.648976
vt 0.731023 0.654160
vt 0.727699 0.649278
vt 0.731855 0.659847
vt 0.731502 0.643031
vt 0.733684 0.642204
vt 0.730546 0.670903
vt 0.729361 0.677436
vt 0.728188 0.671573
vt 0.731692 0.664390
vt 0.732904 0.663929
vt 0.729252 0.682848
vt 0.728283 0.689326
vt 0.728075 0.698324
vt 0.726440 0.689758
vt 0.704091 0.257847
vt 0.703430 0.253089
vt 0.717561 0.261463
vt 0.089649 0.356674
vt 0.087909 0.336952
vt 0.707006 0.317670
vt 0.104307 0.347169
vt 0.708781 0.333863
vt 0.104648 0.333206
vt 0.101335 0.348088
vt 0.707125 0.329106
vt 0.100288 0.335239
vt 0.102374 0.361426
vt 0.125932 0.355034
vt 0.118885 0.339192
vt 0.118468 0.323872
vt 0.705708 0.349866
vt 0.129179 0.338360
vt 0.152477 0.345832
vt 0.149408 0.344132
vt 0.151084 0.359891
vt 0.165666 0.352730
vt 0.178310 0.360307
vt 0.701879 0.455662
vt 0.714724 0.457651
vt 0.703105 0.451107
vt 0.703812 0.464618
vt 0.707817 0.486949
vt 0.706248 0.480687
vt 0.720018 0.476876
vt 0.712087 0.507065
vt 0.712108 0.504127
vt 0.724015 0.499180
vt 0.715079 0.520426
vt 0.713783 0.580989
vt 0.713168 0.575734
vt 0.723690 0.571827
vt 0.231200 0.501620
vt 0.693123 0.582666
vt 0.707603 0.553154
vt 0.709833 0.546522
vt 0.725502 0.546859
vt 0.226661 0.477966
vt 0.692936 0.555573
vt 0.709500 0.606427
vt 0.710378 0.601478
vt 0.237359 0.525003
vt 0.694542 0.608743
vt 0.722307 0.623533
vt 0.709115 0.625295
vt 0.709694 0.628838
vt 0.694458 0.632757
vt 0.241554 0.546779
vt 0.709561 0.652076
vt 0.707950 0.648391
vt 0.727602 0.643993
vt 0.693970 0.654831
vt 0.244129 0.565769
vt 0.717512 0.674282
vt 0.726046 0.666719
vt 0.729390 0.665132
vt 0.250703 0.587875
vt 0.696868 0.680077
vt 0.714867 0.694586
vt 0.712506 0.163858
vt 0.711750 0.157126
vt 0.027497 0.478060
vt 0.693987 0.154389
vt 0.711150 0.134601
vt 0.720732 0.140567
vt 0.022975 0.501711
vt 0.691986 0.128586
vt 0.710410 0.129530
vt 0.724641 0.133088
vt 0.706429 0.107154
vt 0.016861 0.525123
vt 0.692280 0.101094
vt 0.706753 0.102437
vt 0.705247 0.083554
vt 0.718069 0.086107
vt 0.703960 0.079127
vt 0.721352 0.080175
vt 0.690486 0.076553
vt 0.012685 0.546907
vt 0.704524 0.060175
vt 0.722417 0.063033
vt 0.705032 0.056729
vt 0.724538 0.057752
vt 0.689913 0.054814
vt 0.010105 0.565873
vt 0.707283 0.040207
vt 0.721085 0.044728
vt 0.706959 0.034840
vt 0.718055 0.038030
vt 0.003554 0.587982
vt 0.691982 0.029573
vt 0.708134 0.014036
vt 0.720709 0.019474
vt 0.401665 0.072154
vt 0.412548 0.067896
vt 0.379343 0.080927
vt 0.390837 0.076402
vt 0.403535 0.090095
vt 0.731608 0.597324
vt 0.526359 0.228246
vt 0.396919 0.233431
vt 0.185399 0.581788
vt 0.520411 0.071685
vt 0.068937 0.581832
vt 0.730667 0.110452
vt 0.729821 0.163135
vt 0.723226 0.245750
vt 0.765204 0.249928
vt 0.740982 0.249064
vt 0.730211 0.249575
vt 0.755357 0.248316
vt 0.438578 0.036393
vt 0.447551 0.269525
vt 0.936944 0.631529
vt 0.936685 0.615009
vt 0.941730 0.613150
vt 0.942443 0.631082
vt 0.286069 0.489220
vt 0.281411 0.489728
vt 0.284110 0.475898
vt 0.288569 0.477509
vt 0.267913 0.513935
vt 0.263891 0.512009
vt 0.263247 0.505200
vt 0.267599 0.506960
vt 0.260171 0.489334
vt 0.261805 0.498316
vt 0.259640 0.496898
vt 0.258256 0.490122
vt 0.292644 0.503248
vt 0.977771 0.626407
vt 0.290451 0.494714
vt 0.293319 0.491879
vt 0.977682 0.636404
vt 0.266243 0.499869
vt 0.288626 0.490654
vt 0.286484 0.498667
vt 0.283932 0.499876
vt 0.259659 0.501418
vt 0.292441 0.481557
vt 0.977771 0.646155
vt 0.290561 0.477693
vt 0.976978 0.649321
vt 0.292554 0.478081
vt 0.259838 0.508669
vt 0.258408 0.481259
vt 0.260126 0.478164
vt 0.968234 0.626147
vt 0.969851 0.624911
vt 0.973071 0.640257
vt 0.971790 0.642070
vt 0.976143 0.631291
vt 0.925665 0.622120
vt 0.254450 0.514757
vt 0.929776 0.609844
vt 0.256612 0.526506
vt 0.933915 0.616517
vt 0.932485 0.628559
vt 0.968190 0.613631
vt 0.970758 0.614947
vt 0.971374 0.622846
vt 0.925262 0.644289
vt 0.256365 0.493369
vt 0.932868 0.656190
vt 0.256039 0.480371
vt 0.273322 0.521556
vt 0.273540 0.527336
vt 0.267239 0.526720
vt 0.267989 0.520598
vt 0.953194 0.628774
vt 0.950775 0.610845
vt 0.972896 0.620032
vt 0.293319 0.514725
vt 0.974615 0.616741
vt 0.925310 0.635468
vt 0.254283 0.501852
vt 0.933010 0.645911
vt 0.974441 0.636406
vt 0.291978 0.475718
vt 0.976112 0.651315
vt 0.966676 0.644306
vt 0.286561 0.471546
vt 0.970197 0.655265
vt 0.283270 0.519238
vt 0.287416 0.517321
vt 0.287234 0.522623
vt 0.284440 0.524780
vt 0.293169 0.485970
vt 0.977513 0.641932
vt 0.976069 0.636917
vt 0.949431 0.599595
vt 0.273923 0.534943
vt 0.959431 0.600304
vt 0.283124 0.533601
vt 0.959669 0.611356
vt 0.262701 0.525092
vt 0.260379 0.523017
vt 0.260232 0.516893
vt 0.263795 0.518851
vt 0.273209 0.507410
vt 0.278899 0.507624
vt 0.278647 0.514369
vt 0.273004 0.514690
vt 0.265189 0.476132
vt 0.264730 0.490117
vt 0.939249 0.649959
vt 0.946029 0.649192
vt 0.947970 0.660094
vt 0.264946 0.469717
vt 0.940308 0.660307
vt 0.258385 0.473088
vt 0.286747 0.503566
vt 0.274646 0.474859
vt 0.275822 0.468965
vt 0.959246 0.658703
vt 0.287326 0.510213
vt 0.283262 0.506702
vt 0.963187 0.627189
vt 0.965585 0.602668
vt 0.288489 0.530814
vt 0.279735 0.526602
vt 0.278803 0.520863
vt 0.964920 0.612427
vt 0.279451 0.500772
vt 0.291338 0.525067
vt 0.970073 0.607886
vt 0.273039 0.490380
vt 0.272708 0.500516
vt 0.283110 0.513017
vt 0.939154 0.601672
vt 0.264246 0.534028
vt 0.956534 0.647091
vt 0.933589 0.604327
vt 0.258939 0.532109
vt 0.011682 0.955913
vt 0.017181 0.956361
vt 0.016468 0.974293
vt 0.011423 0.972434
vt 0.286069 0.580665
vt 0.288569 0.592376
vt 0.284110 0.593987
vt 0.281411 0.580157
vt 0.267913 0.555950
vt 0.267599 0.562925
vt 0.263247 0.564685
vt 0.263891 0.557876
vt 0.260171 0.580551
vt 0.258256 0.579763
vt 0.259640 0.572987
vt 0.261805 0.571569
vt 0.292644 0.566637
vt 0.052509 0.961036
vt 0.293319 0.578006
vt 0.052420 0.951038
vt 0.290451 0.575171
vt 0.266243 0.570016
vt 0.283932 0.570009
vt 0.286484 0.571218
vt 0.288626 0.579231
vt 0.259659 0.568467
vt 0.292441 0.588328
vt 0.052509 0.941287
vt 0.051717 0.938121
vt 0.292554 0.591804
vt 0.290561 0.592192
vt 0.259838 0.561216
vt 0.260126 0.591721
vt 0.258408 0.588627
vt 0.042972 0.961295
vt 0.046528 0.945372
vt 0.047809 0.947186
vt 0.044589 0.962531
vt 0.050881 0.956151
vt 0.000403 0.965322
vt 0.254450 0.555128
vt 0.007223 0.958884
vt 0.008654 0.970925
vt 0.004514 0.977598
vt 0.256612 0.543379
vt 0.046112 0.964596
vt 0.045496 0.972495
vt 0.042928 0.973811
vt 0.000000 0.943154
vt 0.256365 0.576516
vt 0.007607 0.931253
vt 0.256039 0.589514
vt 0.273322 0.548329
vt 0.267989 0.549287
vt 0.267239 0.543165
vt 0.273540 0.542549
vt 0.027932 0.958668
vt 0.025513 0.976597
vt 0.047634 0.967410
vt 0.293319 0.555160
vt 0.049353 0.970701
vt 0.007748 0.941531
vt 0.000048 0.951975
vt 0.254283 0.568033
vt 0.049179 0.951037
vt 0.291978 0.594167
vt 0.050850 0.936127
vt 0.041414 0.943136
vt 0.286561 0.598340
vt 0.044935 0.932177
vt 0.283270 0.550647
vt 0.284440 0.545105
vt 0.287234 0.547262
vt 0.287416 0.552564
vt 0.293169 0.583915
vt 0.052251 0.945511
vt 0.050807 0.950525
vt 0.024169 0.987848
vt 0.273923 0.534943
vt 0.034407 0.976086
vt 0.034169 0.987139
vt 0.283124 0.536284
vt 0.262701 0.544793
vt 0.263795 0.551034
vt 0.260232 0.552992
vt 0.260379 0.546868
vt 0.273209 0.562475
vt 0.273004 0.555195
vt 0.278647 0.555516
vt 0.278899 0.562261
vt 0.264730 0.579768
vt 0.265189 0.593753
vt 0.013987 0.937484
vt 0.015046 0.927136
vt 0.258385 0.596797
vt 0.022708 0.927349
vt 0.264946 0.600168
vt 0.020767 0.938250
vt 0.286747 0.566319
vt 0.275822 0.600920
vt 0.033984 0.928739
vt 0.274646 0.595026
vt 0.287326 0.559672
vt 0.283262 0.563183
vt 0.037925 0.960253
vt 0.279735 0.543283
vt 0.040323 0.984775
vt 0.288489 0.539071
vt 0.278803 0.549022
vt 0.039658 0.975015
vt 0.279451 0.569113
vt 0.291338 0.544818
vt 0.044811 0.979557
vt 0.273039 0.579505
vt 0.272708 0.569369
vt 0.283110 0.556868
vt 0.013892 0.985770
vt 0.264246 0.535857
vt 0.031272 0.940351
vt 0.008327 0.983116
vt 0.258939 0.537776
vt 0.508227 0.918971
vt 0.505620 0.918150
vt 0.507531 0.905648
vt 0.510700 0.907830
vt 0.599683 0.968606
vt 0.596383 0.984004
vt 0.592186 0.981869
vt 0.594504 0.967168
vt 0.490898 0.939808
vt 0.490810 0.933865
vt 0.494448 0.934920
vt 0.494340 0.940731
vt 0.489532 0.918821
vt 0.490739 0.927619
vt 0.488094 0.926582
vt 0.486023 0.919702
vt 0.495139 0.927989
vt 0.500021 0.927637
vt 0.498316 0.935080
vt 0.487567 0.930538
vt 0.484251 0.922000
vt 0.487171 0.936944
vt 0.481709 0.929030
vt 0.627337 0.976176
vt 0.607655 0.986395
vt 0.611513 0.986549
vt 0.612304 0.994108
vt 0.484244 0.952240
vt 0.488941 0.957324
vt 0.606189 0.997017
vt 0.505148 0.933548
vt 0.504524 0.939240
vt 0.501051 0.940387
vt 0.501945 0.934689
vt 0.483329 0.909973
vt 0.486314 0.906799
vt 0.483733 0.900075
vt 0.622597 0.946676
vt 0.627337 0.953829
vt 0.481176 0.908411
vt 0.477114 0.915729
vt 0.624370 0.961993
vt 0.619707 0.955286
vt 0.490774 0.951114
vt 0.488456 0.949570
vt 0.487381 0.944467
vt 0.491057 0.945666
vt 0.497735 0.940846
vt 0.494481 0.951941
vt 0.494615 0.959245
vt 0.600277 0.996578
vt 0.508044 0.930391
vt 0.508361 0.936427
vt 0.590526 0.966521
vt 0.589099 0.980345
vt 0.494154 0.904375
vt 0.495702 0.918220
vt 0.592179 0.950217
vt 0.513705 0.900563
vt 0.593037 0.940989
vt 0.597688 0.940057
vt 0.509672 0.898051
vt 0.596491 0.949621
vt 0.511346 0.911767
vt 0.509642 0.920293
vt 0.513923 0.910874
vt 0.585011 0.947616
vt 0.585541 0.955836
vt 0.508016 0.926384
vt 0.506500 0.927081
vt 0.594164 0.994793
vt 0.500944 0.959263
vt 0.602236 0.985764
vt 0.504557 0.944830
vt 0.505601 0.950048
vt 0.502451 0.951352
vt 0.501215 0.945740
vt 0.589256 0.991892
vt 0.506186 0.957532
vt 0.511142 0.923254
vt 0.576549 0.957732
vt 0.577008 0.964965
vt 0.513089 0.930236
vt 0.586008 0.988924
vt 0.509648 0.954877
vt 0.503917 0.927425
vt 0.586701 0.979237
vt 0.582705 0.984170
vt 0.512140 0.949856
vt 0.507954 0.948264
vt 0.578848 0.975338
vt 0.513923 0.940595
vt 0.585619 0.969250
vt 0.508304 0.943213
vt 0.617444 0.976751
vt 0.613505 0.971995
vt 0.480680 0.941472
vt 0.620372 0.986175
vt 0.501730 0.917785
vt 0.494397 0.946140
vt 0.606292 0.969902
vt 0.610870 0.951361
vt 0.603266 0.949979
vt 0.497829 0.946124
vt 0.498641 0.951994
vt 0.605234 0.939957
vt 0.502277 0.896479
vt 0.501824 0.904030
vt 0.613406 0.941956
vt 0.493724 0.896738
vt 0.678423 0.908746
vt 0.680895 0.919886
vt 0.677726 0.922068
vt 0.675815 0.909566
vt 0.864965 0.567694
vt 0.859786 0.569132
vt 0.857468 0.554431
vt 0.861664 0.552296
vt 0.661093 0.887908
vt 0.664535 0.886985
vt 0.664644 0.892796
vt 0.661005 0.893852
vt 0.659727 0.908895
vt 0.656218 0.908014
vt 0.658290 0.901134
vt 0.660934 0.900097
vt 0.668511 0.892636
vt 0.670216 0.900080
vt 0.665334 0.899727
vt 0.657762 0.897178
vt 0.654446 0.905716
vt 0.651904 0.898686
vt 0.892619 0.560124
vt 0.657366 0.890773
vt 0.872937 0.549905
vt 0.659137 0.870392
vt 0.871471 0.539284
vt 0.877586 0.542192
vt 0.654439 0.875476
vt 0.876795 0.549751
vt 0.675343 0.894168
vt 0.672140 0.893027
vt 0.671246 0.887330
vt 0.674719 0.888476
vt 0.656509 0.920918
vt 0.653524 0.917743
vt 0.653928 0.927641
vt 0.887879 0.589624
vt 0.884989 0.581014
vt 0.647309 0.911988
vt 0.889652 0.574307
vt 0.892619 0.582471
vt 0.651371 0.919306
vt 0.660969 0.876602
vt 0.661252 0.882050
vt 0.657576 0.883249
vt 0.658651 0.878146
vt 0.667930 0.886871
vt 0.664810 0.868471
vt 0.865559 0.539722
vt 0.664676 0.875775
vt 0.678556 0.891289
vt 0.678239 0.897325
vt 0.855808 0.569779
vt 0.854381 0.555955
vt 0.665897 0.909496
vt 0.664349 0.923342
vt 0.857461 0.586083
vt 0.861772 0.586679
vt 0.862970 0.596243
vt 0.679867 0.929665
vt 0.683900 0.927153
vt 0.858319 0.595311
vt 0.679837 0.907423
vt 0.681541 0.915949
vt 0.684118 0.916842
vt 0.850293 0.588684
vt 0.850823 0.580464
vt 0.676695 0.900635
vt 0.678211 0.901333
vt 0.859446 0.541507
vt 0.671139 0.868453
vt 0.867518 0.550536
vt 0.674752 0.882886
vt 0.671410 0.881976
vt 0.672647 0.876364
vt 0.675796 0.877668
vt 0.854538 0.544408
vt 0.676381 0.870185
vt 0.681337 0.904462
vt 0.841831 0.578568
vt 0.842289 0.571335
vt 0.683284 0.897480
vt 0.851290 0.547376
vt 0.679843 0.872839
vt 0.674112 0.900291
vt 0.851983 0.557063
vt 0.847987 0.552130
vt 0.682335 0.877860
vt 0.678149 0.879452
vt 0.850900 0.567050
vt 0.844129 0.560962
vt 0.684118 0.887122
vt 0.678499 0.884503
vt 0.878787 0.564305
vt 0.882725 0.559549
vt 0.650875 0.886245
vt 0.885654 0.550125
vt 0.671925 0.909931
vt 0.664592 0.881577
vt 0.871574 0.566398
vt 0.876152 0.584939
vt 0.868548 0.586321
vt 0.668024 0.881592
vt 0.668836 0.875722
vt 0.870516 0.596343
vt 0.672472 0.931237
vt 0.672019 0.923686
vt 0.878688 0.594344
vt 0.663919 0.930978
vt 0.268484 0.364212
vt 0.272072 0.365816
vt 0.272624 0.371158
vt 0.268354 0.369775
vt 0.947576 0.588295
vt 0.277076 0.320578
vt 0.948729 0.591025
vt 0.944268 0.591800
vt 0.272526 0.321876
vt 0.943162 0.588978
vt 0.264006 0.335867
vt 0.929113 0.589622
vt 0.266343 0.335708
vt 0.929772 0.591800
vt 0.266108 0.345146
vt 0.264541 0.346856
vt 0.267566 0.337162
vt 0.267368 0.343838
vt 0.268191 0.377148
vt 0.267473 0.384236
vt 0.264812 0.382614
vt 0.263891 0.375356
vt 0.269132 0.342376
vt 0.268957 0.333434
vt 0.267121 0.350525
vt 0.266780 0.353441
vt 0.266293 0.355876
vt 0.272214 0.340462
vt 0.272116 0.329843
vt 0.281204 0.360492
vt 0.280218 0.355064
vt 0.283677 0.352875
vt 0.285014 0.358129
vt 0.282917 0.340242
vt 0.285000 0.341372
vt 0.284631 0.345853
vt 0.282802 0.346848
vt 0.279705 0.347803
vt 0.285868 0.348978
vt 0.951808 0.552608
vt 0.945526 0.538659
vt 0.948586 0.538544
vt 0.954438 0.547715
vt 0.917105 0.534171
vt 0.268544 0.393269
vt 0.262581 0.390210
vt 0.911964 0.537723
vt 0.271953 0.385229
vt 0.287772 0.353228
vt 0.283838 0.333839
vt 0.285329 0.336701
vt 0.285240 0.329074
vt 0.958735 0.585395
vt 0.287684 0.327340
vt 0.957272 0.582853
vt 0.289489 0.335739
vt 0.286806 0.335704
vt 0.275410 0.356789
vt 0.271019 0.358110
vt 0.271047 0.351384
vt 0.275626 0.349271
vt 0.286881 0.342933
vt 0.268357 0.357584
vt 0.268246 0.351942
vt 0.289374 0.345405
vt 0.910464 0.543567
vt 0.259204 0.384827
vt 0.267821 0.327605
vt 0.937363 0.591340
vt 0.936908 0.588917
vt 0.946718 0.555145
vt 0.940386 0.539593
vt 0.286770 0.384495
vt 0.290742 0.383324
vt 0.295705 0.387946
vt 0.943123 0.526072
vt 0.290631 0.391703
vt 0.937261 0.526518
vt 0.299587 0.369528
vt 0.957119 0.538372
vt 0.948217 0.529790
vt 0.298865 0.382141
vt 0.923954 0.545266
vt 0.919455 0.547787
vt 0.292815 0.381645
vt 0.276232 0.339135
vt 0.933307 0.585805
vt 0.927498 0.577508
vt 0.933718 0.576019
vt 0.938728 0.584298
vt 0.926902 0.529632
vt 0.279848 0.394772
vt 0.279469 0.385402
vt 0.912130 0.570710
vt 0.258728 0.357447
vt 0.254283 0.347604
vt 0.921244 0.576171
vt 0.260284 0.338533
vt 0.926288 0.585739
vt 0.262465 0.349692
vt 0.964370 0.549035
vt 0.296530 0.356379
vt 0.292494 0.349154
vt 0.293340 0.337809
vt 0.299282 0.343581
vt 0.961531 0.561059
vt 0.932067 0.541718
vt 0.937704 0.557608
vt 0.929236 0.561216
vt 0.277942 0.371110
vt 0.278839 0.378099
vt 0.272813 0.378063
vt 0.924043 0.563239
vt 0.289115 0.376763
vt 0.287789 0.369163
vt 0.291940 0.365127
vt 0.293064 0.374551
vt 0.919421 0.562143
vt 0.917024 0.550107
vt 0.910297 0.556393
vt 0.256668 0.372028
vt 0.279966 0.339297
vt 0.280983 0.330813
vt 0.286393 0.363076
vt 0.283422 0.370674
vt 0.282306 0.365104
vt 0.284762 0.377666
vt 0.268529 0.360704
vt 0.945114 0.582396
vt 0.942231 0.573027
vt 0.952855 0.571458
vt 0.952352 0.580490
vt 0.264141 0.365919
vt 0.292332 0.328953
vt 0.958797 0.578158
vt 0.299587 0.334864
vt 0.959131 0.568920
vt 0.281651 0.323602
vt 0.952995 0.588035
vt 0.276775 0.328931
vt 0.275976 0.361500
vt 0.271496 0.361987
vt 0.951483 0.585644
vt 0.276911 0.365685
vt 0.265346 0.359241
vt 0.289885 0.358139
vt 0.268484 0.425331
vt 0.268354 0.419768
vt 0.272624 0.418385
vt 0.272072 0.423728
vt 0.927092 0.522566
vt 0.931506 0.523249
vt 0.930399 0.526072
vt 0.272526 0.467667
vt 0.277076 0.468965
vt 0.925939 0.525296
vt 0.264006 0.453676
vt 0.945554 0.523894
vt 0.264541 0.442688
vt 0.266108 0.444397
vt 0.266343 0.453835
vt 0.944896 0.526072
vt 0.267368 0.445705
vt 0.267566 0.452381
vt 0.268191 0.412395
vt 0.263891 0.414188
vt 0.264812 0.406929
vt 0.267473 0.405307
vt 0.269132 0.447167
vt 0.268957 0.456109
vt 0.266780 0.436102
vt 0.267121 0.439018
vt 0.266293 0.433667
vt 0.272214 0.449081
vt 0.272116 0.459700
vt 0.281204 0.429051
vt 0.285014 0.431414
vt 0.283677 0.436668
vt 0.280218 0.434479
vt 0.282917 0.449301
vt 0.282802 0.442695
vt 0.284631 0.443690
vt 0.285000 0.448171
vt 0.279705 0.441740
vt 0.285868 0.440566
vt 0.922860 0.486880
vt 0.920230 0.481986
vt 0.926082 0.472815
vt 0.929142 0.472931
vt 0.957563 0.468442
vt 0.268544 0.396275
vt 0.271953 0.404314
vt 0.262581 0.399333
vt 0.962703 0.471994
vt 0.287772 0.436316
vt 0.285329 0.452842
vt 0.283838 0.455704
vt 0.285240 0.460469
vt 0.915932 0.519666
vt 0.286806 0.453839
vt 0.289488 0.453805
vt 0.287684 0.462203
vt 0.917395 0.517124
vt 0.275410 0.432754
vt 0.275626 0.440272
vt 0.271047 0.438159
vt 0.271019 0.431433
vt 0.286881 0.446610
vt 0.268246 0.437601
vt 0.268357 0.431959
vt 0.289374 0.444138
vt 0.964204 0.477838
vt 0.259204 0.404716
vt 0.937759 0.523188
vt 0.267821 0.461938
vt 0.937305 0.525611
vt 0.934282 0.473865
vt 0.927950 0.489416
vt 0.286770 0.405048
vt 0.290631 0.397840
vt 0.937407 0.460789
vt 0.295705 0.401598
vt 0.931545 0.460343
vt 0.290742 0.406219
vt 0.299587 0.420015
vt 0.917549 0.472643
vt 0.926451 0.464061
vt 0.298865 0.407402
vt 0.955213 0.482058
vt 0.950714 0.479537
vt 0.292815 0.407899
vt 0.276232 0.450408
vt 0.941361 0.520076
vt 0.935939 0.518570
vt 0.940950 0.510290
vt 0.947170 0.511779
vt 0.279469 0.404142
vt 0.947766 0.463903
vt 0.279848 0.394772
vt 0.962538 0.504982
vt 0.258728 0.432096
vt 0.262465 0.439851
vt 0.260284 0.451010
vt 0.948379 0.520010
vt 0.254283 0.441939
vt 0.953423 0.510442
vt 0.910297 0.483306
vt 0.296530 0.433165
vt 0.299282 0.445962
vt 0.913137 0.495331
vt 0.293340 0.451734
vt 0.292494 0.440389
vt 0.942601 0.475989
vt 0.936964 0.491880
vt 0.945431 0.495487
vt 0.277942 0.418433
vt 0.272813 0.411480
vt 0.278839 0.411445
vt 0.950624 0.497510
vt 0.289115 0.412780
vt 0.293064 0.414992
vt 0.291940 0.424416
vt 0.287789 0.420380
vt 0.955247 0.496414
vt 0.957644 0.484379
vt 0.964370 0.490665
vt 0.256668 0.417515
vt 0.280983 0.458730
vt 0.279966 0.450246
vt 0.286393 0.426467
vt 0.282306 0.424439
vt 0.283422 0.418870
vt 0.284762 0.411877
vt 0.268529 0.428839
vt 0.929553 0.516668
vt 0.922315 0.514761
vt 0.921812 0.505729
vt 0.932437 0.507298
vt 0.264141 0.423624
vt 0.292331 0.460590
vt 0.915871 0.512429
vt 0.299587 0.454679
vt 0.915536 0.503192
vt 0.276775 0.460612
vt 0.281651 0.465941
vt 0.921673 0.522307
vt 0.271496 0.427556
vt 0.275976 0.428044
vt 0.923185 0.519915
vt 0.276911 0.423858
vt 0.265346 0.430302
vt 0.289885 0.431404
vt 0.196977 0.958342
vt 0.204146 0.960272
vt 0.276697 0.903424
vt 0.271360 0.888977
vt 0.200429 0.973093
vt 0.194970 0.968959
vt 0.234151 0.882737
vt 0.232588 0.874869
vt 0.168332 0.986700
vt 0.238742 0.873216
vt 0.173587 0.988055
vt 0.238511 0.882013
vt 0.197228 0.950272
vt 0.204146 0.947896
vt 0.276400 0.918571
vt 0.194775 0.942028
vt 0.196161 0.944778
vt 0.193600 0.947125
vt 0.191793 0.946040
vt 0.272081 0.929013
vt 0.201429 0.939581
vt 0.191382 0.949877
vt 0.191014 0.956154
vt 0.188226 0.956505
vt 0.189418 0.949447
vt 0.193367 0.950618
vt 0.179690 0.935568
vt 0.177871 0.942095
vt 0.173144 0.943783
vt 0.173347 0.937765
vt 0.193066 0.956811
vt 0.181455 0.947627
vt 0.182477 0.941494
vt 0.186118 0.943050
vt 0.185304 0.948664
vt 0.168602 0.953156
vt 0.169708 0.947903
vt 0.172413 0.947885
vt 0.171916 0.954236
vt 0.168095 0.939715
vt 0.169861 0.944551
vt 0.167017 0.945431
vt 0.164893 0.942469
vt 0.183380 0.966363
vt 0.186887 0.965733
vt 0.185760 0.974906
vt 0.182173 0.975348
vt 0.166418 0.948478
vt 0.185504 0.981580
vt 0.188636 0.974139
vt 0.188785 0.980293
vt 0.165570 0.954098
vt 0.234404 0.930780
vt 0.235543 0.927210
vt 0.240257 0.927513
vt 0.239871 0.932272
vt 0.253671 0.896800
vt 0.251813 0.888676
vt 0.254731 0.889277
vt 0.257398 0.895761
vt 0.255062 0.930290
vt 0.252052 0.926795
vt 0.255080 0.926372
vt 0.258939 0.928540
vt 0.253364 0.882448
vt 0.257951 0.875392
vt 0.190068 0.986455
vt 0.263824 0.879201
vt 0.194834 0.982368
vt 0.257511 0.884921
vt 0.161636 0.955331
vt 0.155132 0.955536
vt 0.214638 0.909541
vt 0.216651 0.922657
vt 0.156936 0.943546
vt 0.162825 0.947626
vt 0.222001 0.908879
vt 0.224646 0.920153
vt 0.229300 0.927293
vt 0.232453 0.925633
vt 0.255588 0.908789
vt 0.251601 0.909593
vt 0.249793 0.897439
vt 0.221681 0.931650
vt 0.160747 0.935207
vt 0.229851 0.919562
vt 0.184612 0.956633
vt 0.227409 0.909298
vt 0.233250 0.919982
vt 0.179533 0.966490
vt 0.180616 0.956612
vt 0.164483 0.931411
vt 0.226090 0.936003
vt 0.176898 0.948307
vt 0.176243 0.956095
vt 0.254844 0.919806
vt 0.251689 0.920202
vt 0.257799 0.924677
vt 0.262046 0.925579
vt 0.248328 0.888631
vt 0.249316 0.881715
vt 0.192068 0.940217
vt 0.263802 0.936231
vt 0.196110 0.933065
vt 0.268224 0.933100
vt 0.199193 0.935850
vt 0.259110 0.918636
vt 0.188997 0.937927
vt 0.190464 0.945001
vt 0.259897 0.907258
vt 0.265250 0.917434
vt 0.227391 0.877292
vt 0.163885 0.984843
vt 0.230601 0.883803
vt 0.228024 0.885003
vt 0.223413 0.880371
vt 0.160696 0.982385
vt 0.240533 0.920427
vt 0.237922 0.920136
vt 0.234212 0.909866
vt 0.237650 0.909983
vt 0.230975 0.909703
vt 0.227501 0.897751
vt 0.230557 0.898368
vt 0.158181 0.977252
vt 0.219122 0.885575
vt 0.225344 0.887890
vt 0.228122 0.890482
vt 0.229922 0.889558
vt 0.232661 0.889375
vt 0.243134 0.932065
vt 0.242636 0.927442
vt 0.245606 0.927890
vt 0.246821 0.931599
vt 0.171643 0.980765
vt 0.167499 0.979304
vt 0.169953 0.972941
vt 0.173951 0.974300
vt 0.245160 0.897857
vt 0.243920 0.888873
vt 0.178154 0.975174
vt 0.176332 0.981727
vt 0.161530 0.965384
vt 0.162560 0.973102
vt 0.155991 0.968004
vt 0.215734 0.895797
vt 0.164472 0.977147
vt 0.166862 0.971502
vt 0.165063 0.970141
vt 0.251083 0.930978
vt 0.257072 0.939687
vt 0.190780 0.929834
vt 0.185153 0.936171
vt 0.190407 0.973059
vt 0.191624 0.976802
vt 0.263374 0.892804
vt 0.266338 0.905148
vt 0.165078 0.963111
vt 0.233430 0.898601
vt 0.167808 0.962478
vt 0.240413 0.898298
vt 0.241855 0.909735
vt 0.236598 0.898604
vt 0.243781 0.881556
vt 0.222572 0.896398
vt 0.189767 0.965169
vt 0.191933 0.965924
vt 0.185512 0.988048
vt 0.252650 0.873646
vt 0.239576 0.889155
vt 0.248158 0.920766
vt 0.244087 0.920896
vt 0.247012 0.909624
vt 0.174026 0.928538
vt 0.236862 0.940803
vt 0.244842 0.940726
vt 0.180720 0.927136
vt 0.251343 0.940803
vt 0.186089 0.928085
vt 0.248894 0.927533
vt 0.245754 0.872739
vt 0.179561 0.988635
vt 0.181146 0.982044
vt 0.175382 0.965532
vt 0.171216 0.963671
vt 0.235934 0.889325
vt 0.944123 0.964645
vt 0.942116 0.954028
vt 0.907614 0.882526
vt 0.947575 0.949894
vt 0.951292 0.962715
vt 0.902278 0.896972
vt 0.944823 0.876286
vt 0.940464 0.875562
vt 0.940232 0.866765
vt 0.920733 0.934932
vt 0.946387 0.868418
vt 0.915478 0.936287
vt 0.951292 0.975091
vt 0.902575 0.912120
vt 0.944374 0.972715
vt 0.941921 0.980959
vt 0.938939 0.976947
vt 0.940746 0.975861
vt 0.943307 0.978209
vt 0.906894 0.922562
vt 0.948575 0.983406
vt 0.938528 0.973110
vt 0.936565 0.973540
vt 0.935373 0.966482
vt 0.938160 0.966833
vt 0.940514 0.972369
vt 0.926836 0.987419
vt 0.920493 0.985222
vt 0.920290 0.979204
vt 0.925017 0.980892
vt 0.940212 0.966176
vt 0.928601 0.975360
vt 0.932450 0.974323
vt 0.933264 0.979937
vt 0.929623 0.981492
vt 0.915748 0.969831
vt 0.919062 0.968751
vt 0.919559 0.975102
vt 0.916854 0.975084
vt 0.915241 0.983272
vt 0.912039 0.980518
vt 0.914163 0.977556
vt 0.917007 0.978436
vt 0.930526 0.956624
vt 0.929319 0.947639
vt 0.932906 0.948081
vt 0.934034 0.957254
vt 0.913564 0.974509
vt 0.932650 0.941407
vt 0.935932 0.942694
vt 0.935782 0.948848
vt 0.912716 0.968889
vt 0.944571 0.924329
vt 0.939104 0.925821
vt 0.938718 0.921061
vt 0.943432 0.920758
vt 0.925304 0.890349
vt 0.921577 0.889310
vt 0.924244 0.882826
vt 0.927162 0.882225
vt 0.923912 0.923838
vt 0.920036 0.922089
vt 0.923895 0.919921
vt 0.926922 0.920344
vt 0.925611 0.875997
vt 0.921463 0.878470
vt 0.915150 0.872750
vt 0.941980 0.940619
vt 0.921024 0.868941
vt 0.937214 0.936532
vt 0.908783 0.967656
vt 0.909971 0.975361
vt 0.962323 0.916206
vt 0.904082 0.979441
vt 0.902278 0.967451
vt 0.964336 0.903090
vt 0.954328 0.913702
vt 0.956973 0.902428
vt 0.946522 0.919182
vt 0.949675 0.920842
vt 0.929181 0.890988
vt 0.927373 0.903142
vt 0.923387 0.902338
vt 0.957293 0.925199
vt 0.907894 0.987779
vt 0.949124 0.913111
vt 0.931759 0.966354
vt 0.951565 0.902847
vt 0.945725 0.913530
vt 0.926679 0.956497
vt 0.927763 0.966375
vt 0.911629 0.991576
vt 0.952884 0.929552
vt 0.924044 0.974680
vt 0.923390 0.966892
vt 0.927286 0.913751
vt 0.924130 0.913355
vt 0.916928 0.919128
vt 0.921175 0.918226
vt 0.929659 0.875264
vt 0.930646 0.882179
vt 0.939215 0.982770
vt 0.910751 0.926649
vt 0.946339 0.987137
vt 0.915172 0.929780
vt 0.943256 0.989922
vt 0.919864 0.912185
vt 0.936143 0.985060
vt 0.937610 0.977986
vt 0.919077 0.900807
vt 0.913725 0.910983
vt 0.951584 0.870841
vt 0.911032 0.938144
vt 0.955562 0.873920
vt 0.907843 0.940602
vt 0.950951 0.878551
vt 0.948374 0.877352
vt 0.938442 0.913976
vt 0.941324 0.903532
vt 0.944762 0.903415
vt 0.941052 0.913685
vt 0.948000 0.903252
vt 0.948418 0.891917
vt 0.951474 0.891300
vt 0.905328 0.945735
vt 0.959853 0.879124
vt 0.953630 0.881439
vt 0.950853 0.884031
vt 0.949053 0.883107
vt 0.946314 0.882924
vt 0.935840 0.925614
vt 0.932154 0.925148
vt 0.933368 0.921438
vt 0.936338 0.920991
vt 0.918789 0.942222
vt 0.921097 0.948687
vt 0.917099 0.950046
vt 0.914645 0.943683
vt 0.933814 0.891405
vt 0.935054 0.882422
vt 0.923478 0.941260
vt 0.925300 0.947813
vt 0.908677 0.957603
vt 0.903138 0.954983
vt 0.963240 0.889346
vt 0.909707 0.949885
vt 0.914008 0.951485
vt 0.911618 0.945840
vt 0.912209 0.952846
vt 0.927891 0.924526
vt 0.921902 0.933236
vt 0.937926 0.993153
vt 0.932299 0.986816
vt 0.938771 0.946185
vt 0.937553 0.949928
vt 0.915601 0.886353
vt 0.912637 0.898697
vt 0.912224 0.959876
vt 0.945544 0.892149
vt 0.914954 0.960509
vt 0.938562 0.891847
vt 0.942376 0.892153
vt 0.937120 0.903284
vt 0.935193 0.875104
vt 0.956402 0.889947
vt 0.936913 0.957818
vt 0.939079 0.957063
vt 0.932659 0.934939
vt 0.926325 0.867195
vt 0.939399 0.882704
vt 0.930817 0.914315
vt 0.931962 0.903173
vt 0.934888 0.914444
vt 0.934132 0.934274
vt 0.927866 0.995851
vt 0.921172 0.994449
vt 0.942113 0.934352
vt 0.927632 0.934352
vt 0.933235 0.994902
vt 0.930081 0.921082
vt 0.928292 0.940943
vt 0.933220 0.866288
vt 0.926708 0.934352
vt 0.922528 0.957455
vt 0.918362 0.959316
vt 0.943040 0.882874
vt 0.523394 0.918880
vt 0.517206 0.919434
vt 0.575804 0.627879
vt 0.573946 0.610920
vt 0.518691 0.902658
vt 0.523845 0.905000
vt 0.525131 0.931686
vt 0.519271 0.935183
vt 0.573833 0.643343
vt 0.532640 0.942615
vt 0.527904 0.939157
vt 0.530126 0.935746
vt 0.533656 0.937257
vt 0.568707 0.652244
vt 0.522425 0.944993
vt 0.529011 0.929906
vt 0.527667 0.918919
vt 0.532752 0.930112
vt 0.558288 0.918512
vt 0.557293 0.930009
vt 0.555067 0.930602
vt 0.554897 0.918801
vt 0.560855 0.940818
vt 0.558137 0.935245
vt 0.560821 0.933908
vt 0.563847 0.937237
vt 0.555891 0.935982
vt 0.561178 0.929212
vt 0.541001 0.931269
vt 0.536759 0.930523
vt 0.535441 0.918726
vt 0.540285 0.918222
vt 0.533260 0.598107
vt 0.531411 0.592132
vt 0.556824 0.881952
vt 0.550619 0.881262
vt 0.537749 0.591284
vt 0.538702 0.597551
vt 0.562213 0.917432
vt 0.561939 0.618823
vt 0.560777 0.605893
vt 0.563028 0.607361
vt 0.564753 0.617621
vt 0.559234 0.651571
vt 0.558529 0.647914
vt 0.560790 0.647081
vt 0.561941 0.649797
vt 0.562147 0.599157
vt 0.564300 0.593455
vt 0.525518 0.885227
vt 0.569232 0.598212
vt 0.521947 0.890063
vt 0.565105 0.603060
vt 0.566649 0.916493
vt 0.572889 0.916497
vt 0.517206 0.628479
vt 0.518973 0.645362
vt 0.570682 0.932783
vt 0.565593 0.929751
vt 0.524267 0.632064
vt 0.526972 0.643856
vt 0.558254 0.942003
vt 0.532732 0.650971
vt 0.530213 0.649371
vt 0.533050 0.646397
vt 0.535708 0.647079
vt 0.562794 0.632603
vt 0.559413 0.633245
vt 0.557962 0.619553
vt 0.523003 0.653157
vt 0.566905 0.940458
vt 0.532118 0.642498
vt 0.539443 0.647857
vt 0.536738 0.652374
vt 0.529435 0.634078
vt 0.535743 0.642642
vt 0.526785 0.656542
vt 0.563840 0.944305
vt 0.561394 0.642682
vt 0.558896 0.643037
vt 0.562332 0.646248
vt 0.563848 0.648368
vt 0.556831 0.605866
vt 0.557981 0.597938
vt 0.535631 0.943617
vt 0.559952 0.659947
vt 0.531664 0.949389
vt 0.565699 0.655106
vt 0.524918 0.947986
vt 0.564163 0.642011
vt 0.565903 0.631584
vt 0.567246 0.642593
vt 0.524675 0.617917
vt 0.570878 0.901196
vt 0.519057 0.612766
vt 0.522283 0.599187
vt 0.566602 0.888366
vt 0.526673 0.604158
vt 0.537553 0.937791
vt 0.529217 0.598975
vt 0.526482 0.593841
vt 0.561766 0.883649
vt 0.544575 0.644042
vt 0.543949 0.649434
vt 0.539694 0.643015
vt 0.532915 0.634795
vt 0.528635 0.622999
vt 0.531810 0.624455
vt 0.529204 0.611408
vt 0.531455 0.609800
vt 0.534856 0.608895
vt 0.551377 0.885804
vt 0.551189 0.893072
vt 0.545497 0.892241
vt 0.544818 0.885606
vt 0.552356 0.620770
vt 0.551134 0.606579
vt 0.531273 0.919000
vt 0.565741 0.902151
vt 0.562858 0.891191
vt 0.556063 0.893535
vt 0.556929 0.886358
vt 0.560586 0.887555
vt 0.559759 0.893606
vt 0.561699 0.895006
vt 0.568009 0.614084
vt 0.569424 0.630029
vt 0.562421 0.904123
vt 0.534964 0.623951
vt 0.559307 0.904977
vt 0.530539 0.906693
vt 0.527410 0.906801
vt 0.527784 0.898280
vt 0.530037 0.896025
vt 0.525804 0.893796
vt 0.539385 0.892470
vt 0.539593 0.903847
vt 0.534500 0.905395
vt 0.534042 0.894089
vt 0.545853 0.918136
vt 0.546321 0.930361
vt 0.541407 0.945455
vt 0.542276 0.937736
vt 0.547262 0.937539
vt 0.549548 0.945101
vt 0.545528 0.903892
vt 0.550521 0.918355
vt 0.550856 0.904454
vt 0.536296 0.634828
vt 0.542219 0.634006
vt 0.539293 0.607428
vt 0.539589 0.622530
vt 0.548529 0.633511
vt 0.549664 0.644705
vt 0.545976 0.621548
vt 0.544850 0.607023
vt 0.554465 0.633440
vt 0.538115 0.886063
vt 0.536393 0.881751
vt 0.552426 0.591036
vt 0.543604 0.881140
vt 0.544945 0.590891
vt 0.532399 0.886974
vt 0.559186 0.591826
vt 0.530027 0.883107
vt 0.545143 0.597214
vt 0.552653 0.944552
vt 0.551823 0.937592
vt 0.551878 0.664597
vt 0.540229 0.949341
vt 0.554713 0.654215
vt 0.555495 0.949389
vt 0.536304 0.660930
vt 0.541749 0.664597
vt 0.549276 0.948682
vt 0.558490 0.948863
vt 0.533754 0.659209
vt 0.528519 0.888402
vt 0.546784 0.655212
vt 0.549125 0.650280
vt 0.554314 0.649557
vt 0.551999 0.597331
vt 0.540612 0.653792
vt 0.554797 0.643936
vt 0.550968 0.930579
vt 0.555538 0.904982
vt 0.470926 0.934219
vt 0.470475 0.920339
vt 0.519063 0.684626
vt 0.475630 0.917997
vt 0.477114 0.934773
vt 0.517206 0.701585
vt 0.475049 0.950522
vt 0.519177 0.717048
vt 0.469190 0.947025
vt 0.461680 0.957954
vt 0.460665 0.952596
vt 0.464195 0.951085
vt 0.466416 0.954495
vt 0.524303 0.725949
vt 0.471895 0.960332
vt 0.465310 0.945245
vt 0.466653 0.934258
vt 0.461569 0.945451
vt 0.436033 0.933851
vt 0.439424 0.934139
vt 0.439253 0.945941
vt 0.437027 0.945348
vt 0.433465 0.956156
vt 0.430473 0.952576
vt 0.433499 0.949247
vt 0.436183 0.950584
vt 0.438430 0.951321
vt 0.433143 0.944551
vt 0.453319 0.946608
vt 0.454035 0.933561
vt 0.458880 0.934065
vt 0.457562 0.945862
vt 0.559750 0.671813
vt 0.554308 0.671256
vt 0.443701 0.896601
vt 0.555261 0.664990
vt 0.561598 0.665837
vt 0.437496 0.897291
vt 0.432108 0.932771
vt 0.531071 0.692528
vt 0.528256 0.691326
vt 0.529982 0.681066
vt 0.532233 0.679598
vt 0.533776 0.725277
vt 0.531069 0.723502
vt 0.532219 0.720786
vt 0.534481 0.721619
vt 0.530863 0.672862
vt 0.527904 0.676765
vt 0.523778 0.671917
vt 0.472373 0.905402
vt 0.528709 0.667160
vt 0.468802 0.900566
vt 0.427671 0.931832
vt 0.428727 0.945090
vt 0.574036 0.719067
vt 0.423639 0.948122
vt 0.421431 0.931836
vt 0.575803 0.702184
vt 0.566037 0.717561
vt 0.568743 0.705769
vt 0.436067 0.957342
vt 0.560278 0.724676
vt 0.557302 0.720784
vt 0.559960 0.720102
vt 0.562797 0.723076
vt 0.535048 0.693259
vt 0.533596 0.706951
vt 0.530215 0.706308
vt 0.570007 0.726863
vt 0.427415 0.955796
vt 0.560892 0.716203
vt 0.556272 0.726079
vt 0.553567 0.721563
vt 0.563574 0.707783
vt 0.557267 0.716348
vt 0.566225 0.730247
vt 0.430480 0.959644
vt 0.534114 0.716743
vt 0.531616 0.716387
vt 0.529162 0.722073
vt 0.530678 0.719953
vt 0.535029 0.671644
vt 0.536179 0.679571
vt 0.458690 0.958956
vt 0.527311 0.728812
vt 0.469402 0.963325
vt 0.533058 0.733652
vt 0.462657 0.964728
vt 0.528847 0.715716
vt 0.527107 0.705289
vt 0.525763 0.716298
vt 0.568335 0.691622
vt 0.566337 0.677863
vt 0.570727 0.672892
vt 0.427719 0.903705
vt 0.423442 0.916535
vt 0.573953 0.686471
vt 0.456768 0.953130
vt 0.566528 0.667546
vt 0.432554 0.898987
vt 0.563793 0.672681
vt 0.548435 0.717747
vt 0.553316 0.716720
vt 0.549061 0.723139
vt 0.560095 0.708500
vt 0.561199 0.698160
vt 0.564375 0.696705
vt 0.563805 0.685113
vt 0.561555 0.683505
vt 0.558154 0.682600
vt 0.442944 0.901143
vt 0.449502 0.900945
vt 0.448823 0.907580
vt 0.443132 0.908410
vt 0.540654 0.694475
vt 0.541876 0.680284
vt 0.463047 0.934339
vt 0.428579 0.917490
vt 0.431463 0.906530
vt 0.438257 0.908874
vt 0.434562 0.908945
vt 0.433734 0.902894
vt 0.437391 0.901697
vt 0.432621 0.910345
vt 0.525001 0.687789
vt 0.523586 0.703734
vt 0.431900 0.919462
vt 0.558046 0.697656
vt 0.435013 0.920316
vt 0.463781 0.922032
vt 0.464283 0.911364
vt 0.466537 0.913619
vt 0.466911 0.922140
vt 0.468517 0.909135
vt 0.454936 0.907809
vt 0.460278 0.909428
vt 0.459821 0.920734
vt 0.454727 0.919186
vt 0.447999 0.945700
vt 0.448467 0.933475
vt 0.452913 0.960793
vt 0.444773 0.960439
vt 0.447059 0.952878
vt 0.452044 0.953075
vt 0.448793 0.919231
vt 0.443799 0.933694
vt 0.443464 0.919793
vt 0.550791 0.707711
vt 0.556713 0.708533
vt 0.553717 0.681134
vt 0.553420 0.696236
vt 0.543345 0.718410
vt 0.544481 0.707216
vt 0.547034 0.695253
vt 0.548160 0.680728
vt 0.538545 0.707146
vt 0.456206 0.901402
vt 0.450716 0.896479
vt 0.548065 0.664596
vt 0.457927 0.897090
vt 0.540584 0.664742
vt 0.533823 0.665532
vt 0.464294 0.898446
vt 0.461921 0.902313
vt 0.547867 0.670919
vt 0.442497 0.952931
vt 0.441667 0.959891
vt 0.538297 0.727920
vt 0.541132 0.738302
vt 0.454091 0.964680
vt 0.551260 0.738302
vt 0.445045 0.964020
vt 0.438825 0.964728
vt 0.556705 0.734635
vt 0.435830 0.964201
vt 0.559256 0.732914
vt 0.465801 0.903741
vt 0.538696 0.723262
vt 0.543885 0.723985
vt 0.546226 0.728917
vt 0.541011 0.671036
vt 0.552397 0.727497
vt 0.538212 0.717641
vt 0.443352 0.945918
vt 0.438783 0.920321
vt 0.828258 0.832850
vt 0.835221 0.834493
vt 0.868006 0.792936
vt 0.854998 0.796086
vt 0.833313 0.847910
vt 0.828949 0.846669
vt 0.826541 0.821071
vt 0.835221 0.818261
vt 0.883664 0.791537
vt 0.819829 0.808671
vt 0.823307 0.812571
vt 0.819797 0.815182
vt 0.817326 0.814171
vt 0.895989 0.795873
vt 0.832235 0.804566
vt 0.821605 0.821067
vt 0.823576 0.831510
vt 0.817604 0.820617
vt 0.781381 0.833360
vt 0.780835 0.822312
vt 0.785365 0.821726
vt 0.785787 0.833192
vt 0.777287 0.810317
vt 0.779987 0.815487
vt 0.777734 0.816345
vt 0.774012 0.813952
vt 0.784235 0.815243
vt 0.777519 0.822495
vt 0.807910 0.819407
vt 0.813339 0.820231
vt 0.814437 0.831408
vt 0.808330 0.831894
vt 0.842061 0.844115
vt 0.836789 0.845039
vt 0.786244 0.871959
vt 0.793761 0.872461
vt 0.836675 0.837628
vt 0.842413 0.837496
vt 0.778152 0.833786
vt 0.772290 0.822397
vt 0.773646 0.835096
vt 0.896702 0.810942
vt 0.892898 0.813116
vt 0.891201 0.809730
vt 0.895133 0.807024
vt 0.842342 0.806784
vt 0.836935 0.804680
vt 0.826348 0.866280
vt 0.842946 0.800101
vt 0.830115 0.860069
vt 0.847376 0.803350
vt 0.765826 0.839895
vt 0.869407 0.864992
vt 0.886094 0.866288
vt 0.762612 0.823603
vt 0.868808 0.856647
vt 0.881212 0.856409
vt 0.781543 0.810089
vt 0.862931 0.810721
vt 0.851104 0.809177
vt 0.852754 0.806151
vt 0.862115 0.806223
vt 0.894568 0.850072
vt 0.890356 0.853887
vt 0.885444 0.850485
vt 0.885583 0.845474
vt 0.874316 0.810700
vt 0.874986 0.815795
vt 0.862916 0.815950
vt 0.898325 0.862222
vt 0.764920 0.810665
vt 0.878400 0.851652
vt 0.887864 0.839651
vt 0.896178 0.843615
vt 0.868676 0.851923
vt 0.877869 0.845791
vt 0.904635 0.857657
vt 0.768588 0.803372
vt 0.884399 0.810394
vt 0.885715 0.814426
vt 0.889710 0.807238
vt 0.892112 0.803986
vt 0.851005 0.814569
vt 0.841616 0.812356
vt 0.815875 0.806785
vt 0.906284 0.806487
vt 0.820293 0.795714
vt 0.901795 0.799790
vt 0.827770 0.798976
vt 0.883994 0.806413
vt 0.874039 0.805692
vt 0.884131 0.800960
vt 0.856524 0.854156
vt 0.771153 0.854058
vt 0.855003 0.860277
vt 0.842885 0.854611
vt 0.776403 0.866177
vt 0.846340 0.850449
vt 0.813998 0.813421
vt 0.842574 0.847988
vt 0.837997 0.849934
vt 0.781489 0.870497
vt 0.883278 0.832156
vt 0.892664 0.831977
vt 0.878445 0.838872
vt 0.868631 0.848710
vt 0.858342 0.849871
vt 0.858893 0.847450
vt 0.850455 0.848315
vt 0.849280 0.846657
vt 0.849868 0.843294
vt 0.792846 0.868790
vt 0.792268 0.862001
vt 0.800779 0.861796
vt 0.801888 0.868508
vt 0.862609 0.822271
vt 0.850985 0.821871
vt 0.819374 0.831088
vt 0.776198 0.850870
vt 0.779754 0.863550
vt 0.785768 0.862660
vt 0.785759 0.868388
vt 0.782472 0.867210
vt 0.782199 0.862721
vt 0.780678 0.860505
vt 0.858999 0.800790
vt 0.871984 0.800098
vt 0.779265 0.848566
vt 0.859593 0.842979
vt 0.781691 0.847951
vt 0.821892 0.844754
vt 0.825309 0.844711
vt 0.825194 0.855943
vt 0.822627 0.859111
vt 0.826995 0.859216
vt 0.809769 0.861310
vt 0.809850 0.847035
vt 0.817249 0.845962
vt 0.817490 0.860486
vt 0.801464 0.832692
vt 0.800115 0.818809
vt 0.808396 0.808078
vt 0.809120 0.813485
vt 0.798455 0.814288
vt 0.797915 0.809106
vt 0.801216 0.847743
vt 0.793199 0.833134
vt 0.792754 0.847758
vt 0.869633 0.841370
vt 0.872020 0.833131
vt 0.851323 0.837277
vt 0.861267 0.835675
vt 0.874407 0.826708
vt 0.886546 0.824235
vt 0.862010 0.828842
vt 0.851268 0.829841
vt 0.875686 0.821296
vt 0.811390 0.867890
vt 0.812649 0.871861
vt 0.835220 0.819348
vt 0.802747 0.872549
vt 0.836015 0.828942
vt 0.819234 0.866636
vt 0.835559 0.810692
vt 0.821196 0.869599
vt 0.842168 0.829290
vt 0.788552 0.809605
vt 0.791049 0.814523
vt 0.909969 0.816854
vt 0.808560 0.792810
vt 0.898470 0.818433
vt 0.786071 0.792983
vt 0.909709 0.838896
vt 0.909969 0.827922
vt 0.797060 0.791537
vt 0.775644 0.797014
vt 0.906829 0.848949
vt 0.823703 0.864561
vt 0.899212 0.823792
vt 0.894847 0.823396
vt 0.894299 0.818573
vt 0.841733 0.820389
vt 0.899036 0.833205
vt 0.886809 0.819790
vt 0.792476 0.820007
vt 0.785664 0.847871
vt 0.280284 0.831426
vt 0.280975 0.817607
vt 0.854707 0.779513
vt 0.285339 0.816366
vt 0.287246 0.829782
vt 0.867715 0.782663
vt 0.287246 0.846015
vt 0.883373 0.784062
vt 0.278567 0.843205
vt 0.271855 0.855605
vt 0.269351 0.850105
vt 0.271823 0.849094
vt 0.275332 0.851705
vt 0.895698 0.779726
vt 0.284261 0.859710
vt 0.273631 0.843209
vt 0.275602 0.832766
vt 0.269630 0.843659
vt 0.233407 0.830915
vt 0.237813 0.831084
vt 0.237391 0.842550
vt 0.232861 0.841964
vt 0.229313 0.853959
vt 0.226037 0.850324
vt 0.229759 0.847931
vt 0.232013 0.848789
vt 0.236261 0.849033
vt 0.229545 0.841781
vt 0.259936 0.844869
vt 0.260356 0.832382
vt 0.266463 0.832868
vt 0.265365 0.844045
vt 0.841770 0.731484
vt 0.842122 0.738103
vt 0.245787 0.791815
vt 0.836384 0.737971
vt 0.836498 0.730560
vt 0.238270 0.792317
vt 0.230178 0.830490
vt 0.224316 0.841879
vt 0.225672 0.829180
vt 0.896411 0.764656
vt 0.894842 0.768575
vt 0.890910 0.765869
vt 0.892607 0.762482
vt 0.842051 0.768815
vt 0.847085 0.772249
vt 0.842656 0.775497
vt 0.282141 0.804207
vt 0.836645 0.770919
vt 0.278373 0.797996
vt 0.885803 0.709310
vt 0.214638 0.840673
vt 0.217851 0.824381
vt 0.869116 0.710607
vt 0.880921 0.719189
vt 0.868517 0.718952
vt 0.233569 0.854187
vt 0.862640 0.764877
vt 0.861825 0.769376
vt 0.852463 0.769447
vt 0.850813 0.766422
vt 0.894277 0.725527
vt 0.885292 0.730125
vt 0.885153 0.725114
vt 0.890065 0.721712
vt 0.862626 0.759649
vt 0.874695 0.759803
vt 0.874026 0.764898
vt 0.898034 0.713377
vt 0.216946 0.853610
vt 0.878109 0.723947
vt 0.895887 0.731984
vt 0.887573 0.735948
vt 0.868385 0.723676
vt 0.877579 0.729808
vt 0.904344 0.717942
vt 0.220614 0.860904
vt 0.885424 0.761173
vt 0.884108 0.765205
vt 0.891822 0.771612
vt 0.889420 0.768361
vt 0.841325 0.763243
vt 0.850715 0.761030
vt 0.267901 0.857491
vt 0.901504 0.775808
vt 0.279796 0.865300
vt 0.905993 0.769111
vt 0.272319 0.868562
vt 0.883703 0.769186
vt 0.873749 0.769906
vt 0.883840 0.774639
vt 0.856233 0.721443
vt 0.846049 0.725150
vt 0.842594 0.720987
vt 0.228429 0.798099
vt 0.223179 0.810218
vt 0.854712 0.715322
vt 0.266024 0.850855
vt 0.837706 0.725665
vt 0.233514 0.793779
vt 0.842283 0.727610
vt 0.882987 0.743442
vt 0.878154 0.736727
vt 0.892374 0.743621
vt 0.868340 0.726888
vt 0.858602 0.728148
vt 0.858051 0.725727
vt 0.850164 0.727284
vt 0.848990 0.728942
vt 0.849577 0.732305
vt 0.244872 0.795486
vt 0.253914 0.795768
vt 0.252805 0.802480
vt 0.244294 0.802275
vt 0.862319 0.753328
vt 0.850694 0.753727
vt 0.271400 0.833188
vt 0.228224 0.813406
vt 0.231780 0.800726
vt 0.237794 0.801616
vt 0.234225 0.801555
vt 0.234497 0.797066
vt 0.237784 0.795887
vt 0.232704 0.803771
vt 0.858708 0.774809
vt 0.871694 0.775501
vt 0.231291 0.815710
vt 0.859302 0.732620
vt 0.233717 0.816325
vt 0.273918 0.819522
vt 0.274653 0.805165
vt 0.277220 0.808333
vt 0.277335 0.819565
vt 0.279020 0.805060
vt 0.261795 0.802966
vt 0.269515 0.803790
vt 0.269275 0.818314
vt 0.261875 0.817240
vt 0.252141 0.845467
vt 0.253490 0.831584
vt 0.260422 0.856198
vt 0.249940 0.855170
vt 0.250480 0.849987
vt 0.261146 0.850791
vt 0.253242 0.816533
vt 0.245224 0.831142
vt 0.244780 0.816518
vt 0.871729 0.742467
vt 0.869343 0.734228
vt 0.851032 0.738321
vt 0.860976 0.739924
vt 0.886255 0.751364
vt 0.874116 0.748891
vt 0.861720 0.746757
vt 0.850978 0.745758
vt 0.875395 0.754303
vt 0.263416 0.796386
vt 0.254773 0.791727
vt 0.835724 0.746656
vt 0.264675 0.792415
vt 0.834930 0.756251
vt 0.835268 0.764907
vt 0.273222 0.794677
vt 0.271260 0.797640
vt 0.841877 0.746309
vt 0.243075 0.849753
vt 0.240578 0.854671
vt 0.898179 0.757166
vt 0.909678 0.758744
vt 0.260586 0.871466
vt 0.909678 0.747677
vt 0.249086 0.872739
vt 0.238096 0.871293
vt 0.909418 0.736702
vt 0.227670 0.867262
vt 0.906538 0.726650
vt 0.275728 0.799714
vt 0.894008 0.757025
vt 0.894556 0.752203
vt 0.898921 0.751806
vt 0.841442 0.755210
vt 0.898745 0.742394
vt 0.886518 0.755809
vt 0.244502 0.844269
vt 0.237690 0.816405
vt 0.288354 0.666725
vt 0.653572 0.748057
vt 0.280523 0.664437
vt 0.278985 0.652287
vt 0.288354 0.649513
vt 0.653572 0.764962
vt 0.272651 0.639480
vt 0.275802 0.643448
vt 0.272040 0.646356
vt 0.269510 0.645129
vt 0.647910 0.777805
vt 0.284877 0.635225
vt 0.273419 0.652317
vt 0.275459 0.662853
vt 0.269448 0.651624
vt 0.649452 0.733124
vt 0.285845 0.682122
vt 0.280500 0.678785
vt 0.232507 0.662091
vt 0.233303 0.651240
vt 0.237739 0.651049
vt 0.236873 0.662295
vt 0.231029 0.640002
vt 0.233294 0.644675
vt 0.231106 0.645149
vt 0.227050 0.641516
vt 0.237202 0.644798
vt 0.230089 0.650824
vt 0.260198 0.650033
vt 0.265358 0.650999
vt 0.266172 0.662198
vt 0.259964 0.662356
vt 0.597949 0.720263
vt 0.596103 0.714351
vt 0.233511 0.704520
vt 0.242021 0.706020
vt 0.604295 0.712254
vt 0.605091 0.718610
vt 0.229258 0.662097
vt 0.632335 0.779618
vt 0.629996 0.773858
vt 0.634228 0.771729
vt 0.636981 0.776276
vt 0.224471 0.662687
vt 0.214928 0.665733
vt 0.576549 0.753573
vt 0.579052 0.770226
vt 0.214638 0.648847
vt 0.224330 0.649768
vt 0.585956 0.751741
vt 0.587045 0.764441
vt 0.234890 0.640170
vt 0.633245 0.739236
vt 0.633071 0.727197
vt 0.635766 0.728934
vt 0.637138 0.738427
vt 0.593938 0.776078
vt 0.590293 0.772425
vt 0.592640 0.767717
vt 0.595753 0.768908
vt 0.634029 0.752880
vt 0.628471 0.753834
vt 0.628362 0.739268
vt 0.585299 0.780356
vt 0.219763 0.637227
vt 0.591406 0.761366
vt 0.601075 0.770357
vt 0.598461 0.777655
vt 0.590688 0.750735
vt 0.595822 0.760660
vt 0.634688 0.720183
vt 0.637677 0.715012
vt 0.276213 0.701554
vt 0.643326 0.720534
vt 0.281154 0.695438
vt 0.638433 0.724503
vt 0.633918 0.763993
vt 0.629171 0.765761
vt 0.636963 0.769964
vt 0.639975 0.772633
vt 0.628626 0.726516
vt 0.630144 0.718746
vt 0.588604 0.784533
vt 0.224043 0.632739
vt 0.269086 0.636922
vt 0.633038 0.789978
vt 0.268872 0.624006
vt 0.643115 0.783782
vt 0.280025 0.629382
vt 0.638049 0.763518
vt 0.638965 0.752514
vt 0.643324 0.764088
vt 0.266234 0.644147
vt 0.594171 0.722086
vt 0.591002 0.716547
vt 0.228335 0.702123
vt 0.609310 0.764637
vt 0.607591 0.772784
vt 0.602131 0.761690
vt 0.594993 0.750479
vt 0.592050 0.738829
vt 0.594817 0.739092
vt 0.585324 0.722186
vt 0.223022 0.696575
vt 0.591289 0.726349
vt 0.593819 0.730207
vt 0.595523 0.728605
vt 0.598959 0.728020
vt 0.241496 0.700986
vt 0.241332 0.693349
vt 0.250471 0.693815
vt 0.251283 0.701343
vt 0.587572 0.737289
vt 0.218408 0.682868
vt 0.579396 0.736009
vt 0.621970 0.739214
vt 0.622172 0.726220
vt 0.271131 0.662212
vt 0.225173 0.679432
vt 0.227365 0.692841
vt 0.234162 0.692782
vt 0.233835 0.699564
vt 0.230056 0.697612
vt 0.230404 0.691927
vt 0.228978 0.689483
vt 0.642594 0.735779
vt 0.644682 0.750843
vt 0.228761 0.677310
vt 0.599652 0.739171
vt 0.231268 0.676988
vt 0.273235 0.676248
vt 0.276764 0.676385
vt 0.275625 0.688298
vt 0.272624 0.691533
vt 0.277375 0.692364
vt 0.259486 0.693687
vt 0.260685 0.678383
vt 0.268328 0.677390
vt 0.267283 0.692857
vt 0.252670 0.662753
vt 0.252493 0.649301
vt 0.261143 0.637018
vt 0.261469 0.643849
vt 0.251350 0.644420
vt 0.250508 0.638406
vt 0.251543 0.678713
vt 0.244212 0.662664
vt 0.242606 0.678101
vt 0.601086 0.751089
vt 0.608842 0.752662
vt 0.605567 0.727532
vt 0.606884 0.739200
vt 0.616123 0.754416
vt 0.615870 0.767526
vt 0.614625 0.738818
vt 0.614068 0.726315
vt 0.622221 0.755071
vt 0.260523 0.700933
vt 0.262311 0.705773
vt 0.624038 0.710689
vt 0.252404 0.706427
vt 0.614371 0.710453
vt 0.268313 0.700015
vt 0.632079 0.712506
vt 0.270661 0.704219
vt 0.614424 0.717481
vt 0.241431 0.639033
vt 0.243830 0.644497
vt 0.621129 0.791339
vt 0.255705 0.621802
vt 0.620648 0.779625
vt 0.234725 0.624091
vt 0.601196 0.789074
vt 0.612533 0.789644
vt 0.246336 0.621126
vt 0.228638 0.628671
vt 0.593256 0.787288
vt 0.273397 0.698249
vt 0.613255 0.780097
vt 0.614684 0.774540
vt 0.621718 0.774836
vt 0.623140 0.717628
vt 0.604624 0.778591
vt 0.621840 0.767540
vt 0.244767 0.649789
vt 0.235315 0.677410
vt 0.288354 0.746128
vt 0.762612 0.752593
vt 0.288354 0.763340
vt 0.762612 0.735688
vt 0.278985 0.760566
vt 0.280523 0.748416
vt 0.272651 0.773374
vt 0.269510 0.767724
vt 0.272040 0.766497
vt 0.275802 0.769406
vt 0.756950 0.722845
vt 0.284877 0.777628
vt 0.273419 0.760537
vt 0.275459 0.750000
vt 0.269448 0.761229
vt 0.280500 0.734068
vt 0.758492 0.767526
vt 0.285845 0.730731
vt 0.232507 0.750762
vt 0.236873 0.750558
vt 0.237739 0.761804
vt 0.233303 0.761613
vt 0.231029 0.772851
vt 0.227050 0.771337
vt 0.231106 0.767704
vt 0.233294 0.768178
vt 0.237202 0.768055
vt 0.230089 0.762029
vt 0.260198 0.762820
vt 0.259964 0.750497
vt 0.266172 0.750655
vt 0.265358 0.761854
vt 0.706989 0.780387
vt 0.714131 0.782040
vt 0.242021 0.706833
vt 0.713335 0.788396
vt 0.705143 0.786299
vt 0.233511 0.708333
vt 0.229258 0.750756
vt 0.741375 0.721032
vt 0.746021 0.724374
vt 0.743268 0.728921
vt 0.739036 0.726792
vt 0.224471 0.750166
vt 0.224330 0.763085
vt 0.688093 0.730424
vt 0.214638 0.764006
vt 0.214928 0.747120
vt 0.685589 0.747077
vt 0.696086 0.736209
vt 0.694996 0.748909
vt 0.234890 0.772683
vt 0.742285 0.761414
vt 0.746178 0.762223
vt 0.744806 0.771716
vt 0.742112 0.773453
vt 0.702978 0.724572
vt 0.704793 0.731742
vt 0.701680 0.732933
vt 0.699333 0.728225
vt 0.737403 0.761382
vt 0.737511 0.746816
vt 0.743069 0.747770
vt 0.694339 0.720293
vt 0.219763 0.775626
vt 0.700446 0.739284
vt 0.707502 0.722995
vt 0.710116 0.730293
vt 0.699728 0.749915
vt 0.704862 0.739990
vt 0.743729 0.780467
vt 0.747473 0.776147
vt 0.752366 0.780116
vt 0.281154 0.717415
vt 0.746718 0.785638
vt 0.276213 0.711299
vt 0.738212 0.734889
vt 0.742958 0.736657
vt 0.749015 0.728016
vt 0.746004 0.730686
vt 0.739184 0.781904
vt 0.737667 0.774134
vt 0.697644 0.716117
vt 0.224043 0.780114
vt 0.269086 0.775931
vt 0.752155 0.716868
vt 0.280025 0.783471
vt 0.742078 0.710672
vt 0.268872 0.788847
vt 0.747089 0.737132
vt 0.748005 0.748136
vt 0.752364 0.736562
vt 0.266234 0.768706
vt 0.700042 0.784103
vt 0.228335 0.710730
vt 0.703211 0.778564
vt 0.718350 0.736013
vt 0.711171 0.738960
vt 0.716631 0.727866
vt 0.704033 0.750171
vt 0.703858 0.761558
vt 0.701090 0.761821
vt 0.694365 0.778464
vt 0.223022 0.716278
vt 0.700330 0.774301
vt 0.702860 0.770443
vt 0.704563 0.772045
vt 0.707999 0.772630
vt 0.241496 0.711867
vt 0.251283 0.711510
vt 0.250471 0.719038
vt 0.241332 0.719504
vt 0.696613 0.763361
vt 0.218408 0.729985
vt 0.688436 0.764641
vt 0.731011 0.761436
vt 0.731212 0.774430
vt 0.271131 0.750642
vt 0.225173 0.733421
vt 0.227365 0.720012
vt 0.234162 0.720071
vt 0.230404 0.720926
vt 0.230056 0.715241
vt 0.233835 0.713289
vt 0.228978 0.723370
vt 0.751634 0.764870
vt 0.753722 0.749807
vt 0.228761 0.735543
vt 0.708692 0.761479
vt 0.231268 0.735865
vt 0.273235 0.736605
vt 0.272624 0.721320
vt 0.275625 0.724555
vt 0.276764 0.736468
vt 0.277375 0.720489
vt 0.259486 0.719166
vt 0.267283 0.719996
vt 0.268328 0.735463
vt 0.260685 0.734470
vt 0.252493 0.763552
vt 0.252670 0.750100
vt 0.261143 0.775835
vt 0.250508 0.774447
vt 0.251350 0.768433
vt 0.261469 0.769004
vt 0.251543 0.734140
vt 0.244212 0.750190
vt 0.242606 0.734752
vt 0.717883 0.747988
vt 0.710126 0.749561
vt 0.714607 0.773118
vt 0.715924 0.761450
vt 0.724910 0.733124
vt 0.725163 0.746234
vt 0.723665 0.761832
vt 0.723109 0.774335
vt 0.731261 0.745579
vt 0.260523 0.711920
vt 0.252404 0.706427
vt 0.723412 0.790197
vt 0.262311 0.707080
vt 0.733078 0.789961
vt 0.741119 0.788144
vt 0.270661 0.708635
vt 0.268313 0.712838
vt 0.723464 0.783169
vt 0.243830 0.768356
vt 0.241431 0.773820
vt 0.729689 0.721025
vt 0.730169 0.709310
vt 0.255705 0.791051
vt 0.721574 0.711006
vt 0.246336 0.791727
vt 0.234725 0.788762
vt 0.710237 0.711576
vt 0.228638 0.784182
vt 0.702297 0.713362
vt 0.273397 0.714604
vt 0.730758 0.725814
vt 0.723724 0.726110
vt 0.722295 0.720553
vt 0.732180 0.783022
vt 0.713664 0.722058
vt 0.730880 0.733110
vt 0.244767 0.763064
vt 0.235315 0.735443
vt 0.903113 0.500384
vt 0.910297 0.502497
vt 0.914837 0.188707
vt 0.911052 0.174884
vt 0.908001 0.516741
vt 0.903096 0.513670
vt 0.901695 0.489126
vt 0.910297 0.486591
vt 0.914837 0.204341
vt 0.895828 0.477240
vt 0.898752 0.480928
vt 0.895286 0.483607
vt 0.892938 0.482461
vt 0.909628 0.216227
vt 0.907102 0.473390
vt 0.896567 0.489142
vt 0.898446 0.498921
vt 0.892881 0.488496
vt 0.858336 0.498266
vt 0.859054 0.488178
vt 0.863199 0.487991
vt 0.862412 0.498451
vt 0.856939 0.477761
vt 0.859038 0.482075
vt 0.857005 0.482526
vt 0.853256 0.479187
vt 0.862687 0.482177
vt 0.856064 0.487800
vt 0.884241 0.487014
vt 0.889069 0.487914
vt 0.889817 0.498326
vt 0.884019 0.498479
vt 0.863164 0.162871
vt 0.861487 0.157438
vt 0.859382 0.537536
vt 0.867308 0.538913
vt 0.869118 0.155507
vt 0.869831 0.161347
vt 0.855316 0.498273
vt 0.850742 0.486844
vt 0.850900 0.498827
vt 0.895201 0.217970
vt 0.893021 0.212623
vt 0.896978 0.210644
vt 0.899542 0.214861
vt 0.897448 0.162829
vt 0.900208 0.158091
vt 0.899130 0.534746
vt 0.905425 0.163219
vt 0.903696 0.529071
vt 0.900916 0.166843
vt 0.842151 0.501666
vt 0.843359 0.193715
vt 0.845624 0.209116
vt 0.841831 0.486057
vt 0.851994 0.192035
vt 0.852966 0.203802
vt 0.860526 0.477889
vt 0.896088 0.180470
vt 0.895945 0.169303
vt 0.898451 0.170924
vt 0.899716 0.179729
vt 0.859325 0.214609
vt 0.855955 0.211207
vt 0.858121 0.206857
vt 0.861012 0.207972
vt 0.896810 0.193135
vt 0.891614 0.194016
vt 0.891529 0.180492
vt 0.851378 0.218509
vt 0.846538 0.475291
vt 0.856989 0.200965
vt 0.865971 0.209334
vt 0.863520 0.216099
vt 0.856347 0.191105
vt 0.861097 0.200318
vt 0.854445 0.222394
vt 0.850489 0.471100
vt 0.896696 0.203458
vt 0.892256 0.205099
vt 0.899532 0.209003
vt 0.902327 0.211474
vt 0.891794 0.168664
vt 0.893210 0.161488
vt 0.892507 0.474857
vt 0.895796 0.227503
vt 0.892239 0.462965
vt 0.905182 0.221770
vt 0.902610 0.467970
vt 0.900549 0.203017
vt 0.901410 0.192802
vt 0.905425 0.203542
vt 0.853517 0.178645
vt 0.845391 0.517510
vt 0.846014 0.177476
vt 0.851487 0.164694
vt 0.849648 0.530185
vt 0.856964 0.168511
vt 0.889886 0.481539
vt 0.859637 0.164560
vt 0.856735 0.159474
vt 0.854560 0.535318
vt 0.873679 0.204036
vt 0.872054 0.211608
vt 0.866978 0.201284
vt 0.860345 0.190869
vt 0.857629 0.180065
vt 0.860197 0.180307
vt 0.859285 0.172072
vt 0.860871 0.170583
vt 0.864079 0.170041
vt 0.866799 0.534292
vt 0.866630 0.527232
vt 0.875158 0.527659
vt 0.875922 0.534620
vt 0.885556 0.180433
vt 0.885763 0.168381
vt 0.894434 0.498332
vt 0.851592 0.514341
vt 0.853631 0.526756
vt 0.859939 0.526710
vt 0.859651 0.532982
vt 0.856128 0.531171
vt 0.856435 0.525919
vt 0.855109 0.523653
vt 0.904748 0.177302
vt 0.906677 0.191265
vt 0.854898 0.512379
vt 0.864706 0.180380
vt 0.857228 0.512081
vt 0.896370 0.511339
vt 0.899649 0.511458
vt 0.898603 0.522493
vt 0.895817 0.525498
vt 0.900224 0.526250
vt 0.883572 0.527528
vt 0.884676 0.513341
vt 0.891801 0.512408
vt 0.890841 0.526739
vt 0.877193 0.498853
vt 0.877021 0.486335
vt 0.885095 0.474924
vt 0.885426 0.481255
vt 0.875945 0.481803
vt 0.875143 0.476247
vt 0.876147 0.513663
vt 0.869278 0.498782
vt 0.867804 0.513105
vt 0.866025 0.191438
vt 0.873265 0.192904
vt 0.870250 0.169593
vt 0.871458 0.180407
vt 0.880070 0.194544
vt 0.879812 0.206732
vt 0.878691 0.180055
vt 0.878191 0.168462
vt 0.885768 0.195160
vt 0.884538 0.534231
vt 0.886191 0.538671
vt 0.887506 0.154071
vt 0.876972 0.539284
vt 0.878502 0.153848
vt 0.891801 0.533363
vt 0.894996 0.155756
vt 0.893963 0.537222
vt 0.878539 0.160302
vt 0.866653 0.476816
vt 0.868900 0.481875
vt 0.884694 0.228755
vt 0.879979 0.460941
vt 0.884270 0.217974
vt 0.860433 0.463087
vt 0.866125 0.226657
vt 0.876689 0.227196
vt 0.871257 0.460343
vt 0.854754 0.467321
vt 0.858750 0.224965
vt 0.896540 0.531712
vt 0.877354 0.218406
vt 0.878694 0.213253
vt 0.885276 0.213531
vt 0.886673 0.160445
vt 0.869274 0.216998
vt 0.885395 0.206749
vt 0.869780 0.486801
vt 0.861000 0.512470
vt 0.904641 0.038899
vt 0.904623 0.025614
vt 0.911052 0.132811
vt 0.909529 0.022543
vt 0.911825 0.036786
vt 0.914837 0.118989
vt 0.911825 0.052693
vt 0.914837 0.103355
vt 0.903223 0.050157
vt 0.897355 0.062043
vt 0.894465 0.056822
vt 0.896814 0.055676
vt 0.900279 0.058356
vt 0.909628 0.091468
vt 0.908630 0.065893
vt 0.898094 0.050141
vt 0.899973 0.040363
vt 0.894409 0.050787
vt 0.859864 0.041018
vt 0.863939 0.040833
vt 0.864726 0.051292
vt 0.860581 0.051106
vt 0.858467 0.061522
vt 0.854784 0.060096
vt 0.858533 0.056757
vt 0.860566 0.057208
vt 0.864214 0.057107
vt 0.857592 0.051484
vt 0.885769 0.052269
vt 0.885547 0.040804
vt 0.891345 0.040958
vt 0.890596 0.051370
vt 0.863164 0.144824
vt 0.869831 0.146349
vt 0.868835 0.000370
vt 0.869118 0.152189
vt 0.861487 0.150258
vt 0.860910 0.001748
vt 0.856844 0.041010
vt 0.852269 0.052440
vt 0.852428 0.040456
vt 0.895201 0.089726
vt 0.899542 0.092835
vt 0.896978 0.097052
vt 0.893021 0.095073
vt 0.897448 0.144867
vt 0.900916 0.140852
vt 0.905425 0.144477
vt 0.905223 0.010213
vt 0.900208 0.149605
vt 0.900657 0.004538
vt 0.845624 0.098580
vt 0.843359 0.053226
vt 0.843678 0.037617
vt 0.843359 0.113981
vt 0.852966 0.103894
vt 0.851994 0.115661
vt 0.862053 0.061394
vt 0.896088 0.127225
vt 0.899716 0.127967
vt 0.898451 0.136771
vt 0.895945 0.138393
vt 0.859325 0.093087
vt 0.861012 0.099723
vt 0.858121 0.100839
vt 0.855955 0.096489
vt 0.891529 0.127203
vt 0.891614 0.113679
vt 0.896810 0.114561
vt 0.851378 0.089187
vt 0.848066 0.063992
vt 0.856989 0.106731
vt 0.863520 0.091597
vt 0.865971 0.098362
vt 0.856347 0.116591
vt 0.861097 0.107378
vt 0.854445 0.085301
vt 0.852016 0.068184
vt 0.892256 0.102596
vt 0.896696 0.104237
vt 0.902327 0.096221
vt 0.899532 0.098692
vt 0.893210 0.146208
vt 0.891794 0.139031
vt 0.894035 0.064427
vt 0.905182 0.085925
vt 0.904138 0.071314
vt 0.895796 0.080192
vt 0.893767 0.076318
vt 0.900549 0.104678
vt 0.901410 0.114893
vt 0.905425 0.104153
vt 0.853517 0.129050
vt 0.856963 0.139185
vt 0.851487 0.143001
vt 0.851175 0.009098
vt 0.846919 0.021773
vt 0.846014 0.130220
vt 0.891414 0.057744
vt 0.856735 0.148221
vt 0.856087 0.003966
vt 0.859637 0.143136
vt 0.873679 0.103660
vt 0.866978 0.106412
vt 0.872054 0.096087
vt 0.860345 0.116826
vt 0.860197 0.127389
vt 0.857629 0.127630
vt 0.859285 0.135623
vt 0.860871 0.137112
vt 0.864079 0.137655
vt 0.868326 0.004991
vt 0.877450 0.004664
vt 0.876686 0.011624
vt 0.868157 0.012052
vt 0.885556 0.127262
vt 0.885763 0.139314
vt 0.895961 0.040952
vt 0.853119 0.024942
vt 0.855159 0.012528
vt 0.861467 0.012574
vt 0.857962 0.013364
vt 0.857655 0.008112
vt 0.861179 0.006302
vt 0.856636 0.015630
vt 0.904748 0.130393
vt 0.906677 0.116431
vt 0.856425 0.026904
vt 0.864706 0.127315
vt 0.858755 0.027203
vt 0.897897 0.027944
vt 0.897345 0.013785
vt 0.900130 0.016790
vt 0.901176 0.027825
vt 0.901752 0.013033
vt 0.885099 0.011756
vt 0.892369 0.012545
vt 0.893329 0.026876
vt 0.886204 0.025942
vt 0.878549 0.052948
vt 0.878721 0.040430
vt 0.886622 0.064359
vt 0.876670 0.063036
vt 0.877473 0.057480
vt 0.886953 0.058028
vt 0.877675 0.025621
vt 0.870806 0.040502
vt 0.869332 0.026178
vt 0.873265 0.114791
vt 0.866025 0.116258
vt 0.870250 0.138102
vt 0.871458 0.127289
vt 0.879812 0.100964
vt 0.880070 0.113152
vt 0.878691 0.127641
vt 0.878191 0.139233
vt 0.885768 0.112535
vt 0.886065 0.005052
vt 0.878499 0.000000
vt 0.878502 0.153848
vt 0.887719 0.000612
vt 0.887506 0.153625
vt 0.894996 0.151939
vt 0.895491 0.002061
vt 0.893329 0.005920
vt 0.878539 0.147394
vt 0.870428 0.057409
vt 0.868180 0.062467
vt 0.884270 0.089722
vt 0.884694 0.078940
vt 0.881506 0.078342
vt 0.876688 0.080499
vt 0.872784 0.078940
vt 0.861960 0.076197
vt 0.866125 0.081039
vt 0.856282 0.071963
vt 0.858750 0.082731
vt 0.898067 0.007571
vt 0.885276 0.094165
vt 0.878694 0.094443
vt 0.877354 0.089289
vt 0.886673 0.147251
vt 0.869274 0.090697
vt 0.885395 0.100947
vt 0.871307 0.052482
vt 0.862527 0.026813
vt 0.593012 0.355059
vt 0.598240 0.367763
vt 0.590296 0.367568
vt 0.583938 0.355064
vt 0.631537 0.369223
vt 0.635917 0.369499
vt 0.635521 0.381333
vt 0.630470 0.381296
vt 0.635699 0.391908
vt 0.631375 0.391897
vt 0.636044 0.403648
vt 0.630994 0.403926
vt 0.638646 0.417784
vt 0.634013 0.418118
vt 0.640038 0.430536
vt 0.634580 0.430990
vt 0.641897 0.449131
vt 0.637298 0.449661
vt 0.643648 0.465286
vt 0.638227 0.465672
vt 0.645973 0.483002
vt 0.641026 0.483491
vt 0.649217 0.501476
vt 0.643889 0.502036
vt 0.652163 0.520953
vt 0.647124 0.521527
vt 0.656094 0.543656
vt 0.650757 0.544178
vt 0.660665 0.568669
vt 0.655968 0.569457
vt 0.665386 0.597650
vt 0.660010 0.598254
vt 0.669930 0.622901
vt 0.664666 0.623439
vt 0.672944 0.653795
vt 0.667493 0.653973
vt 0.675492 0.676204
vt 0.670454 0.676209
vt 0.675998 0.692382
vt 0.671754 0.693960
vt 0.625045 0.681652
vt 0.634470 0.679028
vt 0.637007 0.700674
vt 0.628131 0.702409
vt 0.612612 0.660798
vt 0.625035 0.658033
vt 0.614779 0.629708
vt 0.624518 0.628147
vt 0.604391 0.606155
vt 0.616914 0.603586
vt 0.610331 0.577383
vt 0.619151 0.575670
vt 0.598649 0.549942
vt 0.608333 0.547156
vt 0.598454 0.526012
vt 0.607331 0.525399
vt 0.591596 0.508068
vt 0.601674 0.506087
vt 0.592896 0.488904
vt 0.602063 0.487536
vt 0.586299 0.470226
vt 0.594432 0.468316
vt 0.592928 0.454489
vt 0.601208 0.453435
vt 0.583906 0.435288
vt 0.590492 0.432854
vt 0.588941 0.421588
vt 0.597876 0.420625
vt 0.582866 0.407534
vt 0.589124 0.405898
vt 0.589577 0.392469
vt 0.597618 0.392197
vt 0.582728 0.382084
vt 0.591355 0.381840
vt 0.630978 0.355039
vt 0.582721 0.366921
vt 0.000000 0.148293
vt 0.578888 0.355444
vt 0.001905 0.159933
vt 0.578139 0.436682
vt 0.037098 0.088792
vt 0.582734 0.421789
vt 0.023813 0.096779
vt 0.592031 0.529783
vt 0.115350 0.036167
vt 0.587318 0.506020
vt 0.093242 0.046795
vt 0.610314 0.662978
vt 0.243168 0.007717
vt 0.610251 0.632376
vt 0.213791 0.006886
vt 0.576831 0.408100
vt 0.020056 0.110449
vt 0.582158 0.392660
vt 0.007920 0.121227
vt 0.588270 0.488130
vt 0.076418 0.053322
vt 0.581920 0.470466
vt 0.063064 0.065837
vt 0.597922 0.608067
vt 0.190806 0.020576
vt 0.603749 0.582742
vt 0.165492 0.019251
vt 0.576583 0.380892
vt 0.007874 0.134637
vt 0.587656 0.454900
vt 0.046910 0.070485
vt 0.592541 0.554563
vt 0.139500 0.032059
vt 0.620357 0.684343
vt 0.264480 0.000000
vt 0.626096 0.705994
vt 0.287176 0.003834
vt 0.010466 0.148737
vt 0.011128 0.160271
vt 0.014323 0.134765
vt 0.066180 0.069815
vt 0.052985 0.076430
vt 0.244388 0.011736
vt 0.217713 0.013044
vt 0.081686 0.056899
vt 0.265702 0.005367
vt 0.095577 0.051912
vt 0.015562 0.125940
vt 0.284793 0.011134
vt 0.117245 0.040180
vt 0.024959 0.113122
vt 0.142961 0.036989
vt 0.031559 0.100922
vt 0.166547 0.024183
vt 0.041101 0.091499
vt 0.193199 0.027094
vt 0.042142 0.117291
vt 0.050986 0.106748
vt 0.069957 0.112815
vt 0.063318 0.124196
vt 0.026997 0.160417
vt 0.030464 0.149973
vt 0.051063 0.151282
vt 0.049544 0.160291
vt 0.161346 0.048507
vt 0.185719 0.039996
vt 0.199928 0.052545
vt 0.176837 0.058019
vt 0.059621 0.096586
vt 0.079019 0.103999
vt 0.031671 0.138394
vt 0.050893 0.143124
vt 0.205867 0.038770
vt 0.219212 0.049397
vt 0.074466 0.086186
vt 0.086549 0.094921
vt 0.230291 0.029765
vt 0.241589 0.044958
vt 0.084444 0.077172
vt 0.099206 0.083963
vt 0.035300 0.130957
vt 0.054789 0.135705
vt 0.253378 0.027481
vt 0.261878 0.041987
vt 0.102177 0.069003
vt 0.117704 0.074840
vt 0.277435 0.020137
vt 0.293995 0.037773
vt 0.823506 0.574475
vt 0.114163 0.061811
vt 0.130568 0.069076
vt 0.288026 0.015504
vt 0.841831 0.589274
vt 0.301476 0.027734
vt 0.823459 0.587206
vt 0.137531 0.057319
vt 0.153441 0.063134
vt 0.084151 0.160290
vt 0.083576 0.150767
vt 0.117028 0.144462
vt 0.119283 0.160289
vt 0.083602 0.128154
vt 0.110664 0.115900
vt 0.156617 0.132798
vt 0.179623 0.130626
vt 0.183837 0.160289
vt 0.162249 0.160289
vt 0.201890 0.128398
vt 0.225852 0.125503
vt 0.233702 0.160289
vt 0.208760 0.160289
vt 0.246678 0.115186
vt 0.267508 0.104902
vt 0.273985 0.160289
vt 0.253850 0.160289
vt 0.292901 0.105291
vt 0.819863 0.506661
vt 0.292647 0.160289
vt 0.820143 0.451511
vt 0.147171 0.096087
vt 0.170297 0.093595
vt 0.126384 0.104173
vt 0.134985 0.137455
vt 0.140724 0.160289
vt 0.196161 0.087628
vt 0.218485 0.083732
vt 0.261331 0.076901
vt 0.240806 0.079825
vt 0.295194 0.005153
vt 0.834473 0.599595
vt 0.633838 0.710453
vt 0.676346 0.701785
vt 0.789583 0.599193
vt 0.790157 0.506932
vt 0.781454 0.505860
vt 0.303160 0.389485
vt 0.782618 0.451511
vt 0.301476 0.443882
vt 0.788500 0.451511
vt 0.307352 0.296872
vt 0.784263 0.598506
vt 0.682162 0.699275
vt 0.685589 0.683985
vt 0.321875 0.297907
vt 0.322222 0.326711
vt 0.303245 0.325439
vt 0.784813 0.569679
vt 0.635936 0.355037
vt 0.648593 0.373668
vt 0.571094 0.427047
vt 0.647635 0.387215
vt 0.569461 0.414650
vt 0.654933 0.449835
vt 0.532782 0.369926
vt 0.656738 0.466791
vt 0.519903 0.360238
vt 0.645915 0.355031
vt 0.574747 0.443878
vt 0.644063 0.366112
vt 0.576240 0.433415
vt 0.668245 0.548419
vt 0.448251 0.328961
vt 0.672762 0.573644
vt 0.424464 0.323041
vt 0.651180 0.416177
vt 0.555685 0.391968
vt 0.652806 0.430105
vt 0.546800 0.382384
vt 0.661689 0.504785
vt 0.488212 0.342469
vt 0.664383 0.525137
vt 0.470000 0.335177
vt 0.681540 0.628398
vt 0.373048 0.310021
vt 0.684561 0.660069
vt 0.343906 0.302320
vt 0.648930 0.401475
vt 0.564013 0.402785
vt 0.658931 0.485342
vt 0.504933 0.350779
vt 0.677415 0.602790
vt 0.397174 0.315794
vt 0.554442 0.416597
vt 0.541910 0.411749
vt 0.403275 0.395709
vt 0.405602 0.443881
vt 0.374492 0.443881
vt 0.373671 0.391429
vt 0.429771 0.397037
vt 0.432329 0.443880
vt 0.450502 0.398194
vt 0.449831 0.443880
vt 0.470711 0.400365
vt 0.471808 0.443880
vt 0.486924 0.401730
vt 0.488938 0.443880
vt 0.502979 0.404137
vt 0.504756 0.443880
vt 0.517394 0.405125
vt 0.516950 0.443879
vt 0.529075 0.408041
vt 0.529286 0.443879
vt 0.542512 0.443879
vt 0.554070 0.443879
vt 0.564419 0.421447
vt 0.563909 0.443879
vt 0.570224 0.443879
vt 0.293087 0.071396
vt 0.819789 0.540746
vt 0.788846 0.540802
vt 0.781626 0.537481
vt 0.303784 0.357842
vt 0.790507 0.570387
vt 0.322067 0.359963
vt 0.320486 0.389638
vt 0.320207 0.443882
vt 0.347087 0.390527
vt 0.347353 0.443881
vt 0.335830 0.361205
vt 0.335117 0.325793
vt 0.590282 0.342557
vt 0.598226 0.342353
vt 0.631524 0.340859
vt 0.630441 0.328790
vt 0.635491 0.328750
vt 0.635899 0.340577
vt 0.631342 0.318195
vt 0.635661 0.318181
vt 0.630954 0.306177
vt 0.636000 0.306452
vt 0.633970 0.292002
vt 0.638594 0.292332
vt 0.634532 0.279146
vt 0.639982 0.279598
vt 0.637250 0.260497
vt 0.641842 0.261026
vt 0.638182 0.244503
vt 0.643597 0.244889
vt 0.640985 0.226703
vt 0.645927 0.227193
vt 0.643854 0.208180
vt 0.649176 0.208743
vt 0.647094 0.188715
vt 0.652127 0.189291
vt 0.650733 0.166091
vt 0.656065 0.166615
vt 0.655949 0.140841
vt 0.660641 0.141631
vt 0.659998 0.112079
vt 0.665368 0.112686
vt 0.664659 0.086925
vt 0.669918 0.087465
vt 0.667494 0.056424
vt 0.672941 0.056604
vt 0.670459 0.034210
vt 0.675496 0.034218
vt 0.671765 0.016483
vt 0.676005 0.018059
vt 0.625103 0.028763
vt 0.628191 0.008033
vt 0.637055 0.009768
vt 0.634515 0.031386
vt 0.612677 0.049587
vt 0.625086 0.052353
vt 0.614831 0.080642
vt 0.624558 0.082205
vt 0.604444 0.104164
vt 0.616956 0.106737
vt 0.610365 0.132907
vt 0.619174 0.134621
vt 0.598686 0.160312
vt 0.608361 0.163094
vt 0.598481 0.184213
vt 0.607353 0.184830
vt 0.591625 0.202132
vt 0.601696 0.204116
vt 0.592912 0.221274
vt 0.602069 0.222645
vt 0.586311 0.239929
vt 0.594431 0.241841
vt 0.592926 0.255656
vt 0.601195 0.256717
vt 0.583897 0.274833
vt 0.590480 0.277274
vt 0.588913 0.288530
vt 0.597841 0.289519
vt 0.582824 0.302568
vt 0.589928 0.304392
vt 0.589539 0.317649
vt 0.597586 0.317904
vt 0.582693 0.328046
vt 0.591326 0.328280
vt 0.582705 0.343214
vt 0.000049 0.172291
vt 0.582707 0.288320
vt 0.023816 0.223796
vt 0.578136 0.273434
vt 0.037099 0.231787
vt 0.587352 0.204173
vt 0.093246 0.273783
vt 0.592064 0.180445
vt 0.115351 0.284410
vt 0.610309 0.077975
vt 0.213791 0.313692
vt 0.610382 0.047409
vt 0.243168 0.312861
vt 0.582110 0.317459
vt 0.007926 0.199348
vt 0.576789 0.301997
vt 0.020059 0.210126
vt 0.581937 0.239687
vt 0.063066 0.254744
vt 0.588290 0.222044
vt 0.076421 0.267258
vt 0.603792 0.127551
vt 0.165492 0.301326
vt 0.597983 0.102251
vt 0.190806 0.300002
vt 0.576549 0.329247
vt 0.007883 0.185938
vt 0.587659 0.255241
vt 0.046911 0.250095
vt 0.592586 0.155693
vt 0.139500 0.288518
vt 0.620421 0.026074
vt 0.264480 0.320578
vt 0.626160 0.004452
vt 0.287176 0.316744
vt 0.010486 0.171865
vt 0.014333 0.185814
vt 0.052985 0.244150
vt 0.066181 0.250765
vt 0.217712 0.307534
vt 0.244388 0.308842
vt 0.081690 0.263680
vt 0.265701 0.315212
vt 0.095580 0.268666
vt 0.015568 0.194637
vt 0.284793 0.309444
vt 0.117246 0.280399
vt 0.024962 0.207454
vt 0.142962 0.283588
vt 0.031562 0.219654
vt 0.166547 0.296394
vt 0.041102 0.229080
vt 0.193199 0.293483
vt 0.042145 0.203288
vt 0.063320 0.196383
vt 0.069959 0.207765
vt 0.050988 0.213831
vt 0.051064 0.169299
vt 0.030468 0.170611
vt 0.161346 0.272070
vt 0.176838 0.262559
vt 0.199928 0.268033
vt 0.185719 0.280581
vt 0.079020 0.216581
vt 0.059623 0.223993
vt 0.050895 0.177457
vt 0.031677 0.182188
vt 0.219212 0.271181
vt 0.205867 0.281808
vt 0.086550 0.225658
vt 0.074467 0.234393
vt 0.241589 0.275620
vt 0.230291 0.290813
vt 0.099208 0.236615
vt 0.084446 0.243407
vt 0.035305 0.189623
vt 0.054791 0.184876
vt 0.261878 0.278591
vt 0.253378 0.293097
vt 0.117706 0.245738
vt 0.102179 0.251574
vt 0.293995 0.282806
vt 0.823506 0.328546
vt 0.277435 0.300442
vt 0.130569 0.251502
vt 0.114165 0.258767
vt 0.301476 0.292845
vt 0.823459 0.315815
vt 0.288026 0.305075
vt 0.841831 0.313748
vt 0.153442 0.257444
vt 0.137532 0.263258
vt 0.117028 0.176117
vt 0.083576 0.169812
vt 0.083603 0.192426
vt 0.110665 0.204679
vt 0.156617 0.187780
vt 0.179623 0.189952
vt 0.201890 0.192180
vt 0.225852 0.195075
vt 0.246678 0.205392
vt 0.267508 0.215676
vt 0.292901 0.215287
vt 0.819862 0.396360
vt 0.170297 0.226983
vt 0.147172 0.224491
vt 0.134985 0.183124
vt 0.126385 0.216406
vt 0.196161 0.232950
vt 0.218485 0.236846
vt 0.240806 0.240753
vt 0.261331 0.243677
vt 0.295194 0.315425
vt 0.834473 0.303426
vt 0.633893 0.000000
vt 0.676352 0.008667
vt 0.789583 0.303828
vt 0.790157 0.396089
vt 0.781453 0.397161
vt 0.303161 0.498279
vt 0.307355 0.590891
vt 0.784263 0.304515
vt 0.682162 0.011176
vt 0.303247 0.562324
vt 0.784813 0.333342
vt 0.322225 0.561052
vt 0.685589 0.026448
vt 0.321878 0.589856
vt 0.647588 0.322858
vt 0.569462 0.473108
vt 0.648564 0.336395
vt 0.571094 0.460711
vt 0.656669 0.243392
vt 0.519905 0.527521
vt 0.654858 0.260327
vt 0.532783 0.517833
vt 0.644046 0.343952
vt 0.576240 0.454342
vt 0.672728 0.136667
vt 0.424467 0.564720
vt 0.668205 0.161862
vt 0.448253 0.558800
vt 0.652729 0.280030
vt 0.546801 0.505375
vt 0.651105 0.293936
vt 0.555687 0.495790
vt 0.664338 0.185117
vt 0.470002 0.552582
vt 0.661638 0.205444
vt 0.488214 0.545291
vt 0.684551 0.050341
vt 0.343908 0.585442
vt 0.681520 0.081978
vt 0.373051 0.577741
vt 0.648865 0.308615
vt 0.564014 0.484973
vt 0.658870 0.224865
vt 0.504934 0.536980
vt 0.677390 0.107557
vt 0.397176 0.571967
vt 0.541911 0.476010
vt 0.554443 0.471162
vt 0.403276 0.492052
vt 0.373672 0.496333
vt 0.429772 0.490723
vt 0.450503 0.489566
vt 0.470712 0.487395
vt 0.486925 0.486030
vt 0.502979 0.483622
vt 0.517394 0.482634
vt 0.529076 0.479718
vt 0.564420 0.466311
vt 0.293087 0.249182
vt 0.819789 0.362275
vt 0.788846 0.362219
vt 0.781626 0.365541
vt 0.303785 0.529921
vt 0.790507 0.332634
vt 0.322068 0.527800
vt 0.320487 0.498125
vt 0.347088 0.497235
vt 0.335119 0.561969
vt 0.335832 0.526558
vt 0.992097 0.964401
vt 0.990166 0.953747
vt 0.356307 0.946121
vt 0.995243 0.949838
vt 0.998744 0.962474
vt 0.361454 0.932355
vt 0.320410 0.952791
vt 0.324679 0.953524
vt 0.324992 0.961629
vt 0.969199 0.934903
vt 0.319050 0.960055
vt 0.964040 0.936193
vt 0.998744 0.974620
vt 0.361454 0.918026
vt 0.992285 0.972465
vt 0.989802 0.980641
vt 0.986947 0.976724
vt 0.988751 0.975655
vt 0.991193 0.977925
vt 0.357796 0.908226
vt 0.996153 0.982673
vt 0.986614 0.972915
vt 0.984679 0.973361
vt 0.983555 0.966239
vt 0.986322 0.966605
vt 0.988578 0.972169
vt 0.974948 0.986574
vt 0.968788 0.984633
vt 0.968531 0.978894
vt 0.973197 0.980604
vt 0.988349 0.965946
vt 0.976753 0.975163
vt 0.980594 0.974156
vt 0.981318 0.979757
vt 0.977702 0.981240
vt 0.964039 0.969490
vt 0.967298 0.968436
vt 0.967788 0.974819
vt 0.965130 0.974763
vt 0.963628 0.982725
vt 0.960502 0.980003
vt 0.962525 0.977168
vt 0.965297 0.978093
vt 0.978760 0.956230
vt 0.977582 0.947158
vt 0.981158 0.947620
vt 0.982262 0.956889
vt 0.961926 0.974135
vt 0.980905 0.941015
vt 0.984155 0.942306
vt 0.984023 0.948406
vt 0.961090 0.968511
vt 0.319131 0.906655
vt 0.324813 0.905007
vt 0.325129 0.910245
vt 0.320275 0.910416
vt 0.339736 0.939045
vt 0.343383 0.940018
vt 0.340669 0.946463
vt 0.337870 0.947182
vt 0.342154 0.906376
vt 0.346440 0.908553
vt 0.342351 0.910999
vt 0.338653 0.910884
vt 0.339187 0.953082
vt 0.343285 0.950564
vt 0.349174 0.955669
vt 0.989960 0.940596
vt 0.343505 0.959472
vt 0.985343 0.936485
vt 0.957330 0.967227
vt 0.958481 0.974897
vt 0.303647 0.913594
vt 0.952903 0.978547
vt 0.951292 0.966894
vt 0.301476 0.926266
vt 0.310592 0.916621
vt 0.308425 0.927179
vt 0.317519 0.911717
vt 0.314658 0.909947
vt 0.335873 0.938453
vt 0.337879 0.927453
vt 0.341693 0.928185
vt 0.308067 0.905199
vt 0.956381 0.986562
vt 0.315345 0.917439
vt 0.979953 0.966094
vt 0.313476 0.927001
vt 0.318531 0.917198
vt 0.974915 0.956088
vt 0.975962 0.966092
vt 0.959856 0.990148
vt 0.311969 0.900990
vt 0.972227 0.974442
vt 0.971599 0.966591
vt 0.338499 0.917967
vt 0.340970 0.918185
vt 0.349160 0.911549
vt 0.344967 0.912868
vt 0.335266 0.953802
vt 0.334400 0.947255
vt 0.987094 0.982405
vt 0.354514 0.904191
vt 0.994024 0.986177
vt 0.350172 0.901073
vt 0.990915 0.988687
vt 0.345716 0.918933
vt 0.983982 0.984591
vt 0.985617 0.977763
vt 0.345962 0.929416
vt 0.351659 0.919374
vt 0.314025 0.957720
vt 0.959661 0.937963
vt 0.310195 0.954724
vt 0.956514 0.940372
vt 0.314469 0.950547
vt 0.316955 0.951725
vt 0.325719 0.917298
vt 0.323342 0.926752
vt 0.319931 0.926721
vt 0.323074 0.917491
vt 0.316819 0.926694
vt 0.316688 0.937446
vt 0.313766 0.938005
vt 0.954102 0.945485
vt 0.306095 0.949624
vt 0.311868 0.947703
vt 0.314443 0.945273
vt 0.316181 0.946222
vt 0.318864 0.946415
vt 0.328165 0.904852
vt 0.332522 0.905070
vt 0.331270 0.909488
vt 0.327578 0.910279
vt 0.967165 0.941819
vt 0.969382 0.948203
vt 0.965403 0.949571
vt 0.963057 0.943264
vt 0.331242 0.938057
vt 0.330007 0.947025
vt 0.971812 0.940866
vt 0.973573 0.947327
vt 0.957231 0.957197
vt 0.952096 0.954636
vt 0.302843 0.939721
vt 0.958203 0.949482
vt 0.962348 0.951029
vt 0.960062 0.945420
vt 0.960590 0.952407
vt 0.337863 0.905746
vt 0.343260 0.897668
vt 0.985688 0.991846
vt 0.980160 0.986089
vt 0.986937 0.945837
vt 0.985780 0.949510
vt 0.348981 0.942764
vt 0.352161 0.930815
vt 0.960607 0.959470
vt 0.319502 0.937268
vt 0.963262 0.960110
vt 0.326478 0.937592
vt 0.322639 0.937289
vt 0.327615 0.927048
vt 0.329852 0.953974
vt 0.309158 0.939269
vt 0.985133 0.957476
vt 0.987276 0.956732
vt 0.980877 0.934917
vt 0.338387 0.961199
vt 0.325685 0.946712
vt 0.334388 0.917103
vt 0.333089 0.927314
vt 0.329737 0.916901
vt 0.331072 0.896805
vt 0.975926 0.994394
vt 0.969005 0.993021
vt 0.322729 0.896854
vt 0.337532 0.896479
vt 0.981131 0.993391
vt 0.334958 0.909646
vt 0.976584 0.940553
vt 0.331745 0.962077
vt 0.975050 0.934352
vt 0.970768 0.957045
vt 0.966621 0.958915
vt 0.322084 0.946494
vt 0.668142 0.969951
vt 0.674789 0.971878
vt 0.421431 0.926201
vt 0.416284 0.912435
vt 0.671287 0.984514
vt 0.666211 0.980604
vt 0.380388 0.905764
vt 0.379028 0.898501
vt 0.640084 0.998159
vt 0.384970 0.896927
vt 0.645243 0.999449
vt 0.384656 0.905032
vt 0.668330 0.961887
vt 0.674789 0.959731
vt 0.421431 0.940530
vt 0.665847 0.953711
vt 0.667237 0.956427
vt 0.664796 0.958697
vt 0.662992 0.957628
vt 0.417774 0.950330
vt 0.672197 0.951679
vt 0.662658 0.961437
vt 0.662367 0.967747
vt 0.659599 0.968113
vt 0.660724 0.960991
vt 0.664623 0.962183
vt 0.650993 0.947778
vt 0.649242 0.953748
vt 0.644576 0.955458
vt 0.644833 0.949719
vt 0.664394 0.968406
vt 0.652797 0.959189
vt 0.653747 0.953112
vt 0.657363 0.954595
vt 0.656639 0.960196
vt 0.640083 0.964862
vt 0.641174 0.959589
vt 0.643833 0.959533
vt 0.643343 0.965916
vt 0.639673 0.951627
vt 0.641342 0.956258
vt 0.638570 0.957184
vt 0.636547 0.954349
vt 0.654805 0.978122
vt 0.658307 0.977463
vt 0.657203 0.986732
vt 0.653627 0.987193
vt 0.637971 0.960217
vt 0.656950 0.993336
vt 0.660068 0.985946
vt 0.660200 0.992046
vt 0.637135 0.965841
vt 0.379109 0.951901
vt 0.380253 0.948140
vt 0.385107 0.948311
vt 0.384791 0.953548
vt 0.399714 0.919511
vt 0.397847 0.911374
vt 0.400647 0.912093
vt 0.403361 0.918537
vt 0.402131 0.952180
vt 0.398631 0.947672
vt 0.402329 0.947557
vt 0.406418 0.950002
vt 0.399165 0.905474
vt 0.403483 0.899084
vt 0.661388 0.997867
vt 0.409151 0.902886
vt 0.666005 0.993756
vt 0.403263 0.907992
vt 0.633375 0.967125
vt 0.627337 0.967458
vt 0.361454 0.932290
vt 0.363625 0.944961
vt 0.628948 0.955805
vt 0.634526 0.959455
vt 0.368403 0.931377
vt 0.370569 0.941935
vt 0.374636 0.948609
vt 0.377497 0.946839
vt 0.401671 0.930371
vt 0.397857 0.931103
vt 0.395851 0.920103
vt 0.368044 0.953357
vt 0.632426 0.947790
vt 0.375322 0.941117
vt 0.655998 0.968258
vt 0.373454 0.931554
vt 0.378508 0.941358
vt 0.650960 0.978264
vt 0.652007 0.968260
vt 0.635901 0.944204
vt 0.371946 0.957565
vt 0.648272 0.959910
vt 0.647644 0.967761
vt 0.400948 0.940371
vt 0.398477 0.940589
vt 0.404945 0.945688
vt 0.409138 0.947007
vt 0.394378 0.911300
vt 0.395244 0.904754
vt 0.663139 0.951946
vt 0.410149 0.957483
vt 0.666960 0.945664
vt 0.414491 0.954365
vt 0.670069 0.948175
vt 0.405694 0.939623
vt 0.660027 0.949761
vt 0.661662 0.956589
vt 0.405940 0.929140
vt 0.411637 0.939182
vt 0.374003 0.900836
vt 0.635705 0.996389
vt 0.376932 0.906831
vt 0.374446 0.908008
vt 0.370172 0.903832
vt 0.632559 0.993980
vt 0.385697 0.941258
vt 0.383052 0.941065
vt 0.379908 0.931835
vt 0.383319 0.931803
vt 0.376797 0.931862
vt 0.373744 0.920551
vt 0.376665 0.921110
vt 0.630146 0.988867
vt 0.366073 0.908932
vt 0.371846 0.910853
vt 0.374421 0.913283
vt 0.376159 0.912334
vt 0.378842 0.912141
vt 0.388142 0.953703
vt 0.387556 0.948277
vt 0.391247 0.949068
vt 0.392500 0.953486
vt 0.643210 0.992533
vt 0.639102 0.991087
vt 0.641447 0.984781
vt 0.645426 0.986149
vt 0.391220 0.920498
vt 0.389985 0.911531
vt 0.649617 0.987025
vt 0.647857 0.993486
vt 0.633276 0.977155
vt 0.634248 0.984870
vt 0.628140 0.979716
vt 0.362821 0.918835
vt 0.636106 0.988932
vt 0.638392 0.983322
vt 0.636634 0.981945
vt 0.397840 0.952810
vt 0.403238 0.960888
vt 0.661732 0.942506
vt 0.656205 0.948263
vt 0.661824 0.984841
vt 0.662982 0.988515
vt 0.408958 0.915792
vt 0.412139 0.927741
vt 0.636651 0.974882
vt 0.379480 0.921288
vt 0.639307 0.974241
vt 0.386456 0.920964
vt 0.387593 0.931508
vt 0.382616 0.921266
vt 0.389829 0.904582
vt 0.369136 0.919286
vt 0.661177 0.976875
vt 0.663321 0.977620
vt 0.656922 0.999435
vt 0.398365 0.897357
vt 0.385663 0.911844
vt 0.394365 0.941452
vt 0.389715 0.941655
vt 0.393066 0.931242
vt 0.645050 0.941331
vt 0.382706 0.961701
vt 0.391050 0.961751
vt 0.651971 0.939957
vt 0.397509 0.962077
vt 0.657176 0.940961
vt 0.394935 0.948910
vt 0.391723 0.896479
vt 0.651095 1.000000
vt 0.652629 0.993798
vt 0.646813 0.977307
vt 0.642666 0.975437
vt 0.382062 0.912062
vt 0.930175 0.405526
vt 0.932934 0.404202
vt 0.936366 0.411227
vt 0.934944 0.411611
vt 0.676100 0.834171
vt 0.676911 0.844230
vt 0.673542 0.844935
vt 0.672693 0.833186
vt 0.934737 0.421502
vt 0.928805 0.429580
vt 0.662637 0.816536
vt 0.659015 0.818541
vt 0.922004 0.424528
vt 0.931063 0.420811
vt 0.657021 0.832755
vt 0.655647 0.832094
vt 0.656618 0.826356
vt 0.658233 0.825057
vt 0.935759 0.415434
vt 0.934496 0.417457
vt 0.932561 0.416682
vt 0.934823 0.415399
vt 0.661682 0.823570
vt 0.656392 0.822417
vt 0.916031 0.417138
vt 0.926357 0.418777
vt 0.656414 0.842327
vt 0.655417 0.839443
vt 0.916607 0.375959
vt 0.654716 0.846033
vt 0.921722 0.389565
vt 0.919164 0.396848
vt 0.912190 0.385692
vt 0.653572 0.840094
vt 0.930475 0.414210
vt 0.929251 0.408498
vt 0.934039 0.411987
vt 0.934970 0.413924
vt 0.654126 0.829503
vt 0.912391 0.403961
vt 0.938558 0.417585
vt 0.936443 0.417683
vt 0.936975 0.415532
vt 0.938547 0.415478
vt 0.938215 0.403432
vt 0.938488 0.411206
vt 0.920364 0.410775
vt 0.938730 0.433403
vt 0.667662 0.815973
vt 0.938475 0.421650
vt 0.942440 0.420963
vt 0.948548 0.429030
vt 0.672883 0.816431
vt 0.946598 0.404891
vt 0.942184 0.411281
vt 0.940604 0.411056
vt 0.943421 0.403557
vt 0.947976 0.385820
vt 0.674641 0.848855
vt 0.951150 0.370670
vt 0.678724 0.847198
vt 0.957899 0.374007
vt 0.953417 0.388239
vt 0.678228 0.833385
vt 0.678271 0.841376
vt 0.680201 0.841591
vt 0.961236 0.383833
vt 0.955336 0.396277
vt 0.676071 0.824717
vt 0.677846 0.826371
vt 0.942726 0.416771
vt 0.940710 0.417354
vt 0.940147 0.415330
vt 0.941481 0.415048
vt 0.938543 0.413743
vt 0.940054 0.413515
vt 0.680201 0.830320
vt 0.961236 0.401226
vt 0.923280 0.371525
vt 0.658870 0.848229
vt 0.926978 0.386918
vt 0.678924 0.822043
vt 0.958612 0.414712
vt 0.666715 0.849563
vt 0.937108 0.367765
vt 0.666684 0.844880
vt 0.949817 0.416534
vt 0.954535 0.408451
vt 0.676630 0.818196
vt 0.954530 0.422874
vt 0.941057 0.413376
vt 0.672635 0.823323
vt 0.943379 0.411564
vt 0.942419 0.413304
vt 0.942526 0.414699
vt 0.659863 0.843652
vt 0.660389 0.832132
vt 0.666576 0.832049
vt 0.666979 0.823073
vt 0.936978 0.413731
vt 0.945947 0.419399
vt 0.937175 0.383934
vt 0.936089 0.413695
vt 0.946436 0.412537
vt 0.944650 0.415470
vt 0.947601 0.407835
vt 0.932823 0.106817
vt 0.937591 0.100732
vt 0.939013 0.101116
vt 0.935581 0.108142
vt 0.676100 0.797775
vt 0.672693 0.798760
vt 0.673541 0.787011
vt 0.676911 0.787716
vt 0.937384 0.090841
vt 0.933711 0.091533
vt 0.659015 0.813405
vt 0.924652 0.087815
vt 0.931453 0.082763
vt 0.662637 0.815410
vt 0.657021 0.799191
vt 0.658233 0.806889
vt 0.656618 0.805590
vt 0.655647 0.799852
vt 0.938407 0.096909
vt 0.937470 0.096945
vt 0.935209 0.095661
vt 0.937144 0.094886
vt 0.661682 0.808375
vt 0.656392 0.809529
vt 0.918679 0.095205
vt 0.929005 0.093567
vt 0.655417 0.792503
vt 0.656414 0.789619
vt 0.919254 0.136384
vt 0.654716 0.785913
vt 0.914837 0.126651
vt 0.653572 0.791852
vt 0.921811 0.115496
vt 0.924369 0.122778
vt 0.933122 0.098134
vt 0.937618 0.098419
vt 0.936686 0.100356
vt 0.931898 0.103846
vt 0.654126 0.802443
vt 0.915038 0.108383
vt 0.941206 0.094759
vt 0.941195 0.096865
vt 0.939622 0.096812
vt 0.939091 0.094660
vt 0.940862 0.108911
vt 0.941136 0.101138
vt 0.923011 0.101568
vt 0.941377 0.078940
vt 0.667662 0.815973
vt 0.951195 0.083314
vt 0.672883 0.815515
vt 0.945087 0.091381
vt 0.941123 0.090693
vt 0.949245 0.107452
vt 0.946068 0.108787
vt 0.943252 0.101287
vt 0.944831 0.101062
vt 0.950623 0.126523
vt 0.956064 0.124105
vt 0.678724 0.784748
vt 0.960546 0.138337
vt 0.674641 0.783091
vt 0.953797 0.141673
vt 0.678271 0.790570
vt 0.678228 0.798561
vt 0.680201 0.790355
vt 0.963883 0.128510
vt 0.957983 0.116067
vt 0.677846 0.805575
vt 0.676071 0.807229
vt 0.945373 0.095573
vt 0.944129 0.097296
vt 0.942794 0.097013
vt 0.943358 0.094989
vt 0.941190 0.098600
vt 0.942701 0.098829
vt 0.680201 0.801626
vt 0.963883 0.111117
vt 0.929625 0.125425
vt 0.925928 0.140819
vt 0.658870 0.783717
vt 0.678924 0.809903
vt 0.961260 0.097632
vt 0.666684 0.787066
vt 0.666715 0.782383
vt 0.939756 0.144578
vt 0.957183 0.103892
vt 0.952464 0.095810
vt 0.676630 0.813750
vt 0.957178 0.089469
vt 0.943704 0.098967
vt 0.672635 0.808623
vt 0.946027 0.100779
vt 0.945066 0.099039
vt 0.945174 0.097645
vt 0.666576 0.799897
vt 0.660389 0.799814
vt 0.659863 0.788294
vt 0.666979 0.808873
vt 0.939625 0.098612
vt 0.948594 0.092944
vt 0.939822 0.128409
vt 0.938737 0.098648
vt 0.949083 0.099806
vt 0.947297 0.096874
vt 0.950248 0.104508
vt 0.873458 0.687940
vt 0.875625 0.697449
vt 0.873368 0.699350
vt 0.871464 0.688681
vt 0.131574 0.959118
vt 0.134974 0.959772
vt 0.131514 0.967434
vt 0.130014 0.967382
vt 0.122621 0.976711
vt 0.125477 0.977680
vt 0.861255 0.673014
vt 0.121065 0.985642
vt 0.858146 0.674734
vt 0.115108 0.981608
vt 0.858965 0.688976
vt 0.856144 0.688574
vt 0.856948 0.682107
vt 0.858976 0.680828
vt 0.127990 0.988268
vt 0.864962 0.672363
vt 0.866757 0.680124
vt 0.862620 0.680022
vt 0.108696 0.975203
vt 0.855948 0.678515
vt 0.854399 0.686753
vt 0.103820 0.960986
vt 0.111176 0.966999
vt 0.118343 0.975240
vt 0.126348 0.967407
vt 0.127179 0.970156
vt 0.125666 0.970156
vt 0.124964 0.967814
vt 0.142159 0.983685
vt 0.871401 0.674596
vt 0.135667 0.987040
vt 0.868531 0.673006
vt 0.131013 0.978492
vt 0.134539 0.978097
vt 0.857720 0.699529
vt 0.855252 0.697177
vt 0.856350 0.705307
vt 0.114113 0.930674
vt 0.116812 0.942555
vt 0.111776 0.950465
vt 0.106538 0.940535
vt 0.853771 0.698692
vt 0.126776 0.971656
vt 0.125599 0.973552
vt 0.123843 0.972674
vt 0.125929 0.971561
vt 0.128186 0.978240
vt 0.128239 0.970118
vt 0.127832 0.971848
vt 0.139557 0.976742
vt 0.149145 0.978171
vt 0.873591 0.677838
vt 0.137453 0.960979
vt 0.132731 0.967754
vt 0.863819 0.688988
vt 0.863599 0.700992
vt 0.145081 0.945669
vt 0.141341 0.942957
vt 0.144791 0.931077
vt 0.875324 0.705634
vt 0.878164 0.703461
vt 0.149352 0.934522
vt 0.874523 0.686791
vt 0.876008 0.694108
vt 0.878164 0.694819
vt 0.155132 0.947531
vt 0.148153 0.955707
vt 0.872110 0.680759
vt 0.873308 0.681434
vt 0.129359 0.970053
vt 0.128145 0.967283
vt 0.132063 0.974327
vt 0.130249 0.974515
vt 0.130141 0.971975
vt 0.131240 0.971997
vt 0.130412 0.970061
vt 0.875789 0.684272
vt 0.155132 0.966337
vt 0.146746 0.970722
vt 0.131346 0.970139
vt 0.870016 0.680356
vt 0.133677 0.968286
vt 0.132886 0.970485
vt 0.132341 0.972044
vt 0.138684 0.964975
vt 0.137205 0.971159
vt 0.134379 0.973626
vt 0.122612 0.959751
vt 0.120438 0.963362
vt 0.121249 0.969765
vt 0.868494 0.689083
vt 0.127060 0.974081
vt 0.127482 0.958643
vt 0.126865 0.939682
vt 0.134829 0.940501
vt 0.128603 0.974396
vt 0.128998 0.971970
vt 0.136505 0.927595
vt 0.869995 0.707169
vt 0.869230 0.700900
vt 0.126552 0.927136
vt 0.863787 0.707346
vt 0.897852 0.691770
vt 0.895858 0.691029
vt 0.897761 0.680360
vt 0.900018 0.682261
vt 0.080262 0.956286
vt 0.078703 0.948021
vt 0.080202 0.947970
vt 0.083662 0.955632
vt 0.071310 0.938693
vt 0.882539 0.704975
vt 0.063796 0.933795
vt 0.885648 0.706695
vt 0.069754 0.929762
vt 0.074166 0.937723
vt 0.883359 0.690734
vt 0.883369 0.698881
vt 0.881342 0.697603
vt 0.880538 0.691136
vt 0.887014 0.699687
vt 0.891151 0.699585
vt 0.076679 0.927136
vt 0.889355 0.707346
vt 0.057385 0.940201
vt 0.880342 0.701195
vt 0.878792 0.692957
vt 0.052509 0.954418
vt 0.067032 0.940164
vt 0.059864 0.948404
vt 0.075037 0.947996
vt 0.073653 0.947589
vt 0.074355 0.945248
vt 0.075868 0.945247
vt 0.090848 0.931718
vt 0.895795 0.705113
vt 0.083227 0.937307
vt 0.079701 0.936911
vt 0.084356 0.928364
vt 0.892924 0.706704
vt 0.879645 0.682533
vt 0.882114 0.680180
vt 0.880743 0.674403
vt 0.062802 0.984729
vt 0.055227 0.974869
vt 0.878164 0.681018
vt 0.060465 0.964939
vt 0.065501 0.972848
vt 0.075465 0.943747
vt 0.074617 0.943843
vt 0.072532 0.942730
vt 0.074288 0.941851
vt 0.076875 0.937163
vt 0.076520 0.943556
vt 0.076928 0.945286
vt 0.097834 0.937232
vt 0.897984 0.701872
vt 0.088246 0.938661
vt 0.086141 0.954425
vt 0.081420 0.947650
vt 0.887992 0.678718
vt 0.888213 0.690722
vt 0.093770 0.969735
vt 0.902558 0.676249
vt 0.098041 0.980882
vt 0.093479 0.984326
vt 0.899718 0.674076
vt 0.090030 0.972447
vt 0.900402 0.685602
vt 0.898916 0.692919
vt 0.902558 0.684890
vt 0.103820 0.967872
vt 0.096842 0.959696
vt 0.897701 0.698276
vt 0.896504 0.698951
vt 0.078048 0.945351
vt 0.076834 0.948120
vt 0.080752 0.941077
vt 0.079929 0.943407
vt 0.078830 0.943429
vt 0.078938 0.940888
vt 0.079101 0.945343
vt 0.900182 0.695437
vt 0.103820 0.949066
vt 0.095435 0.944681
vt 0.080034 0.945265
vt 0.894409 0.699354
vt 0.082366 0.947118
vt 0.081575 0.944919
vt 0.081030 0.943360
vt 0.085894 0.944244
vt 0.087373 0.950428
vt 0.083067 0.941777
vt 0.069127 0.952041
vt 0.071301 0.955652
vt 0.069938 0.945639
vt 0.892887 0.690627
vt 0.075748 0.941322
vt 0.076171 0.956761
vt 0.075554 0.975722
vt 0.083518 0.974902
vt 0.077291 0.941008
vt 0.077687 0.943433
vt 0.085193 0.987808
vt 0.894388 0.672540
vt 0.893624 0.678809
vt 0.075240 0.988268
vt 0.888180 0.672363
vt 0.931193 0.178482
vt 0.934820 0.177764
vt 0.938161 0.186743
vt 0.936339 0.186840
vt 0.658180 0.730935
vt 0.655989 0.720265
vt 0.659114 0.717661
vt 0.661242 0.730159
vt 0.934787 0.197862
vt 0.928165 0.204650
vt 0.674352 0.744627
vt 0.677786 0.741865
vt 0.921991 0.198320
vt 0.931233 0.195826
vt 0.676528 0.726681
vt 0.678798 0.727308
vt 0.678547 0.733426
vt 0.676774 0.735017
vt 0.937248 0.190980
vt 0.935515 0.192793
vt 0.933507 0.191830
vt 0.936380 0.190836
vt 0.673378 0.737275
vt 0.679726 0.737263
vt 0.917034 0.190012
vt 0.926291 0.193019
vt 0.677093 0.717998
vt 0.678822 0.720629
vt 0.920825 0.149722
vt 0.678147 0.712727
vt 0.924453 0.161815
vt 0.921482 0.170841
vt 0.916228 0.161655
vt 0.680965 0.720004
vt 0.930579 0.188257
vt 0.929640 0.181866
vt 0.934852 0.186970
vt 0.935943 0.189371
vt 0.680965 0.729721
vt 0.914837 0.177056
vt 0.939806 0.194245
vt 0.937328 0.193673
vt 0.938346 0.191182
vt 0.940046 0.191317
vt 0.940341 0.177932
vt 0.940292 0.186889
vt 0.921218 0.183617
vt 0.937963 0.209541
vt 0.669421 0.746418
vt 0.939223 0.199333
vt 0.944058 0.199254
vt 0.948789 0.207283
vt 0.664314 0.745918
vt 0.948694 0.179196
vt 0.943494 0.186734
vt 0.942163 0.186734
vt 0.945717 0.178281
vt 0.951732 0.159711
vt 0.657276 0.711664
vt 0.954288 0.146780
vt 0.653883 0.714277
vt 0.959745 0.151081
vt 0.956265 0.162623
vt 0.656606 0.731988
vt 0.655273 0.724105
vt 0.653572 0.723334
vt 0.964158 0.164857
vt 0.958208 0.173423
vt 0.660040 0.738440
vt 0.658292 0.737385
vt 0.944419 0.193629
vt 0.942344 0.194213
vt 0.941622 0.191167
vt 0.942727 0.191021
vt 0.940222 0.189418
vt 0.941537 0.189288
vt 0.655006 0.734539
vt 0.964158 0.182506
vt 0.927995 0.146214
vt 0.673477 0.710755
vt 0.930229 0.159119
vt 0.657794 0.740633
vt 0.962281 0.195323
vt 0.665440 0.710453
vt 0.940906 0.144578
vt 0.666348 0.716245
vt 0.952955 0.195122
vt 0.957385 0.187394
vt 0.660647 0.743906
vt 0.956613 0.202768
vt 0.942325 0.189279
vt 0.663302 0.739555
vt 0.944814 0.186895
vt 0.943920 0.189303
vt 0.943748 0.190963
vt 0.673187 0.716702
vt 0.672884 0.727423
vt 0.667150 0.728680
vt 0.668392 0.739504
vt 0.938700 0.189524
vt 0.948355 0.197965
vt 0.940716 0.158151
vt 0.937606 0.189612
vt 0.948871 0.189231
vt 0.946628 0.192468
vt 0.949748 0.182617
vt 0.931206 0.259815
vt 0.936351 0.251456
vt 0.938173 0.251553
vt 0.934832 0.260533
vt 0.658180 0.761900
vt 0.661242 0.762677
vt 0.659114 0.775175
vt 0.655989 0.772570
vt 0.934800 0.240435
vt 0.931245 0.242471
vt 0.677786 0.750970
vt 0.922003 0.239977
vt 0.928177 0.233646
vt 0.674352 0.748208
vt 0.676528 0.766155
vt 0.676774 0.757818
vt 0.678547 0.759409
vt 0.678798 0.765528
vt 0.937260 0.247316
vt 0.936392 0.247460
vt 0.933519 0.246467
vt 0.935527 0.245504
vt 0.673378 0.755561
vt 0.679726 0.755573
vt 0.917046 0.248285
vt 0.926303 0.245277
vt 0.678822 0.772206
vt 0.677093 0.774838
vt 0.920837 0.288574
vt 0.678147 0.780108
vt 0.916240 0.276642
vt 0.680965 0.772832
vt 0.921494 0.267455
vt 0.924465 0.276482
vt 0.930591 0.250040
vt 0.935956 0.248925
vt 0.934865 0.251326
vt 0.929653 0.256431
vt 0.680965 0.763115
vt 0.914850 0.261240
vt 0.939818 0.244051
vt 0.940058 0.246980
vt 0.938358 0.247114
vt 0.937340 0.244623
vt 0.940354 0.260365
vt 0.940304 0.251408
vt 0.921231 0.254680
vt 0.937975 0.228755
vt 0.669421 0.746418
vt 0.948802 0.231014
vt 0.664314 0.746918
vt 0.944070 0.239042
vt 0.939236 0.238963
vt 0.948707 0.259101
vt 0.945729 0.260016
vt 0.942175 0.251562
vt 0.943507 0.251563
vt 0.951745 0.278585
vt 0.956277 0.275673
vt 0.653883 0.778558
vt 0.959757 0.287215
vt 0.657276 0.781172
vt 0.954301 0.291516
vt 0.655273 0.768731
vt 0.656606 0.760848
vt 0.653572 0.769502
vt 0.964170 0.273440
vt 0.958220 0.264874
vt 0.658292 0.755451
vt 0.660040 0.754396
vt 0.944431 0.244667
vt 0.942740 0.247275
vt 0.941635 0.247129
vt 0.942356 0.244083
vt 0.940234 0.248879
vt 0.941549 0.249009
vt 0.655006 0.758296
vt 0.964170 0.255791
vt 0.930241 0.279178
vt 0.928008 0.292082
vt 0.673477 0.782081
vt 0.657794 0.752203
vt 0.962293 0.242973
vt 0.666348 0.776591
vt 0.665440 0.782383
vt 0.940918 0.293718
vt 0.957397 0.250903
vt 0.952967 0.243174
vt 0.660647 0.748930
vt 0.956625 0.235528
vt 0.942337 0.249017
vt 0.663302 0.753280
vt 0.944826 0.251402
vt 0.943932 0.248993
vt 0.943760 0.247333
vt 0.667150 0.764156
vt 0.672884 0.765413
vt 0.673187 0.776134
vt 0.668392 0.753331
vt 0.938712 0.248772
vt 0.948367 0.240331
vt 0.940728 0.280145
vt 0.937618 0.248684
vt 0.948883 0.249065
vt 0.946640 0.245828
vt 0.949760 0.255680
vt 0.265387 0.973236
vt 0.267864 0.975844
vt 0.266494 0.980593
vt 0.263253 0.977757
vt 0.940203 0.364525
vt 0.284838 0.941012
vt 0.941099 0.367334
vt 0.936585 0.367765
vt 0.280937 0.940803
vt 0.935694 0.364797
vt 0.270398 0.949179
vt 0.272308 0.949762
vt 0.269387 0.957118
vt 0.267626 0.958011
vt 0.272861 0.951258
vt 0.270779 0.956455
vt 0.260105 0.984069
vt 0.925315 0.306688
vt 0.255845 0.990519
vt 0.254134 0.987440
vt 0.922139 0.309681
vt 0.914611 0.314556
vt 0.257015 0.980497
vt 0.272623 0.955824
vt 0.275006 0.948770
vt 0.268595 0.961740
vt 0.267439 0.963993
vt 0.266303 0.965798
vt 0.275636 0.955238
vt 0.278472 0.946907
vt 0.277351 0.974213
vt 0.278057 0.969378
vt 0.281576 0.968509
vt 0.281257 0.973250
vt 0.284367 0.957977
vt 0.285795 0.959396
vt 0.284297 0.962964
vt 0.282503 0.963319
vt 0.279667 0.963284
vt 0.284490 0.965862
vt 0.951908 0.336339
vt 0.951109 0.323496
vt 0.953592 0.324045
vt 0.955821 0.333190
vt 0.932116 0.312364
vt 0.927997 0.313344
vt 0.931011 0.304108
vt 0.260300 0.993386
vt 0.284913 0.969899
vt 0.286754 0.953081
vt 0.287246 0.955709
vt 0.289050 0.949665
vt 0.951437 0.362746
vt 0.291429 0.948838
vt 0.950156 0.360093
vt 0.290871 0.955932
vt 0.956888 0.355966
vt 0.288698 0.955266
vt 0.273528 0.969394
vt 0.269473 0.969113
vt 0.271538 0.963628
vt 0.275898 0.963310
vt 0.286955 0.961135
vt 0.267448 0.967841
vt 0.269084 0.963225
vt 0.963733 0.350140
vt 0.288414 0.963826
vt 0.924769 0.315266
vt 0.929509 0.367192
vt 0.275736 0.943945
vt 0.928687 0.364482
vt 0.273802 0.942630
vt 0.946952 0.336795
vt 0.946733 0.322936
vt 0.949601 0.305161
vt 0.275943 0.998338
vt 0.954963 0.307756
vt 0.281025 0.998893
vt 0.951748 0.314183
vt 0.947826 0.312816
vt 0.291429 0.985386
vt 0.961537 0.325584
vt 0.954968 0.316948
vt 0.932873 0.322018
vt 0.928711 0.322048
vt 0.957583 0.310946
vt 0.283818 0.997059
vt 0.279217 0.955366
vt 0.268940 0.943842
vt 0.924577 0.359945
vt 0.923040 0.348785
vt 0.929191 0.349894
vt 0.931576 0.359518
vt 0.939952 0.311880
vt 0.940501 0.303426
vt 0.267939 0.996608
vt 0.912190 0.336313
vt 0.259885 0.964350
vt 0.259311 0.955213
vt 0.917992 0.344960
vt 0.918083 0.355238
vt 0.266661 0.950129
vt 0.265129 0.959619
vt 0.964280 0.337865
vt 0.291202 0.974560
vt 0.964121 0.345540
vt 0.289965 0.967796
vt 0.956470 0.352124
vt 0.956348 0.345768
vt 0.939911 0.322128
vt 0.938955 0.335999
vt 0.930824 0.335938
vt 0.271325 0.982429
vt 0.269908 0.989126
vt 0.264066 0.986849
vt 0.925748 0.335532
vt 0.280633 0.990976
vt 0.280970 0.983452
vt 0.285537 0.980754
vt 0.964280 0.317106
vt 0.285051 0.989515
vt 0.922421 0.332634
vt 0.925933 0.322499
vt 0.253033 0.974247
vt 0.917082 0.323229
vt 0.282195 0.956490
vt 0.285233 0.950005
vt 0.281152 0.977798
vt 0.276517 0.983719
vt 0.277019 0.978483
vt 0.275921 0.990658
vt 0.266599 0.970422
vt 0.938505 0.358664
vt 0.937743 0.349747
vt 0.946873 0.350572
vt 0.945430 0.357829
vt 0.261201 0.972926
vt 0.950744 0.355966
vt 0.951846 0.349809
vt 0.287636 0.944518
vt 0.945607 0.364896
vt 0.282384 0.947463
vt 0.272582 0.973501
vt 0.268639 0.972463
vt 0.944270 0.362387
vt 0.272099 0.977359
vt 0.264497 0.968143
vt 0.285354 0.974495
vt 0.226991 0.966460
vt 0.224858 0.961940
vt 0.228099 0.959104
vt 0.229469 0.963853
vt 0.939837 0.003240
vt 0.935328 0.002968
vt 0.936220 0.000000
vt 0.242542 0.998893
vt 0.246442 0.998685
vt 0.940734 0.000431
vt 0.232003 0.990518
vt 0.229231 0.981686
vt 0.230991 0.982579
vt 0.233913 0.989935
vt 0.232384 0.983241
vt 0.234466 0.988438
vt 0.221710 0.955628
vt 0.914246 0.053209
vt 0.218619 0.959199
vt 0.215739 0.952256
vt 0.921774 0.058084
vt 0.924949 0.061077
vt 0.217450 0.949178
vt 0.234228 0.983873
vt 0.236611 0.990927
vt 0.229044 0.975703
vt 0.230200 0.977957
vt 0.227908 0.973899
vt 0.237241 0.984459
vt 0.240077 0.992790
vt 0.238956 0.965484
vt 0.242862 0.966446
vt 0.243181 0.971187
vt 0.239662 0.970319
vt 0.245972 0.981719
vt 0.244108 0.976377
vt 0.245902 0.976732
vt 0.247400 0.980301
vt 0.241272 0.976412
vt 0.246094 0.973835
vt 0.951543 0.031426
vt 0.955456 0.034575
vt 0.953227 0.043720
vt 0.950744 0.044269
vt 0.931751 0.055401
vt 0.930646 0.063657
vt 0.221905 0.946310
vt 0.927632 0.054421
vt 0.246517 0.969797
vt 0.248850 0.983988
vt 0.248359 0.986615
vt 0.250655 0.990031
vt 0.951071 0.005019
vt 0.250303 0.984431
vt 0.252476 0.983765
vt 0.956522 0.011799
vt 0.253033 0.990859
vt 0.949791 0.007672
vt 0.235133 0.970303
vt 0.237503 0.976386
vt 0.233143 0.976068
vt 0.231077 0.970583
vt 0.248560 0.978561
vt 0.230689 0.976471
vt 0.229052 0.971855
vt 0.963368 0.017625
vt 0.250019 0.975870
vt 0.924404 0.052499
vt 0.928322 0.003283
vt 0.235407 0.997066
vt 0.929144 0.000573
vt 0.237341 0.995752
vt 0.946367 0.044829
vt 0.946586 0.030970
vt 0.949236 0.062604
vt 0.237548 0.941358
vt 0.947460 0.054949
vt 0.951383 0.053582
vt 0.954598 0.060009
vt 0.242630 0.940803
vt 0.253033 0.954310
vt 0.961172 0.042181
vt 0.954603 0.050817
vt 0.928345 0.045717
vt 0.932507 0.045747
vt 0.957218 0.056819
vt 0.245423 0.942638
vt 0.240822 0.984330
vt 0.230545 0.995854
vt 0.924212 0.007820
vt 0.931210 0.008247
vt 0.928826 0.017871
vt 0.922675 0.018980
vt 0.940136 0.064339
vt 0.229544 0.943089
vt 0.939587 0.055885
vt 0.911825 0.031452
vt 0.221490 0.975347
vt 0.226734 0.980078
vt 0.917718 0.012527
vt 0.228265 0.989568
vt 0.220916 0.984484
vt 0.917627 0.022805
vt 0.963915 0.029900
vt 0.252806 0.965137
vt 0.955983 0.021997
vt 0.956105 0.015641
vt 0.963756 0.022225
vt 0.251569 0.971900
vt 0.939546 0.045637
vt 0.938590 0.031766
vt 0.930459 0.031827
vt 0.232929 0.957268
vt 0.225670 0.952848
vt 0.231512 0.950570
vt 0.925382 0.032233
vt 0.242238 0.948720
vt 0.963915 0.050659
vt 0.246655 0.950181
vt 0.247142 0.958943
vt 0.242574 0.956245
vt 0.922056 0.035131
vt 0.925568 0.045267
vt 0.214638 0.965449
vt 0.916717 0.044536
vt 0.246838 0.989691
vt 0.243800 0.983207
vt 0.242757 0.961899
vt 0.238624 0.961213
vt 0.238121 0.955978
vt 0.237526 0.949039
vt 0.228204 0.969274
vt 0.938139 0.009101
vt 0.945065 0.009936
vt 0.946507 0.017193
vt 0.937378 0.018018
vt 0.222806 0.966771
vt 0.950379 0.011799
vt 0.951480 0.017956
vt 0.243989 0.992233
vt 0.249241 0.995179
vt 0.945242 0.002869
vt 0.230243 0.967234
vt 0.234187 0.966196
vt 0.943905 0.005378
vt 0.233704 0.962338
vt 0.226101 0.971554
vt 0.246959 0.965202
vt 0.957979 0.745009
vt 0.957414 0.732146
vt 0.521713 0.825572
vt 0.963018 0.729711
vt 0.964784 0.745631
vt 0.517206 0.841555
vt 0.962731 0.760845
vt 0.517666 0.857046
vt 0.956383 0.756954
vt 0.949389 0.767348
vt 0.948083 0.761691
vt 0.951406 0.760390
vt 0.953819 0.764015
vt 0.522617 0.866054
vt 0.959602 0.770205
vt 0.952256 0.754988
vt 0.953420 0.744987
vt 0.948590 0.754964
vt 0.925136 0.744776
vt 0.928281 0.744982
vt 0.928334 0.755436
vt 0.926272 0.754976
vt 0.922629 0.765746
vt 0.919781 0.762424
vt 0.922926 0.758713
vt 0.925513 0.759777
vt 0.927604 0.760357
vt 0.922641 0.754394
vt 0.940959 0.755810
vt 0.941560 0.744344
vt 0.946011 0.744781
vt 0.944892 0.755272
vt 0.563165 0.819473
vt 0.558074 0.818288
vt 0.931566 0.709513
vt 0.559946 0.811630
vt 0.565978 0.813259
vt 0.925599 0.710362
vt 0.921392 0.743875
vt 0.533793 0.835305
vt 0.530992 0.833782
vt 0.534004 0.825077
vt 0.536353 0.824070
vt 0.532542 0.865507
vt 0.530098 0.863399
vt 0.531872 0.860518
vt 0.533975 0.861689
vt 0.535764 0.817228
vt 0.532393 0.820411
vt 0.528769 0.814387
vt 0.959340 0.717921
vt 0.534180 0.810746
vt 0.955743 0.713455
vt 0.916683 0.743102
vt 0.918039 0.755299
vt 0.571983 0.865893
vt 0.912499 0.758871
vt 0.909678 0.743273
vt 0.576225 0.849845
vt 0.563508 0.862506
vt 0.567985 0.852143
vt 0.925127 0.766754
vt 0.556981 0.868100
vt 0.554491 0.863744
vt 0.557063 0.863589
vt 0.559615 0.867007
vt 0.537654 0.836686
vt 0.534952 0.848408
vt 0.531443 0.847155
vt 0.566756 0.872622
vt 0.916523 0.766087
vt 0.558406 0.860247
vt 0.553119 0.868897
vt 0.551039 0.863911
vt 0.562161 0.853184
vt 0.554986 0.859821
vt 0.562617 0.875181
vt 0.919552 0.769675
vt 0.534301 0.857091
vt 0.531718 0.856125
vt 0.528324 0.861945
vt 0.530285 0.859740
vt 0.539841 0.816551
vt 0.540058 0.824462
vt 0.946563 0.768312
vt 0.525355 0.868893
vt 0.957189 0.773035
vt 0.530387 0.874113
vt 0.950702 0.774587
vt 0.528900 0.855526
vt 0.528229 0.846005
vt 0.525156 0.856365
vt 0.569449 0.838916
vt 0.568839 0.825827
vt 0.574251 0.821118
vt 0.916119 0.716541
vt 0.911571 0.728629
vt 0.576225 0.834533
vt 0.944469 0.762048
vt 0.570602 0.815556
vt 0.920901 0.712109
vt 0.566950 0.820751
vt 0.546925 0.859868
vt 0.551392 0.859614
vt 0.546845 0.864747
vt 0.558600 0.853338
vt 0.561110 0.844203
vt 0.564552 0.843214
vt 0.565358 0.832437
vt 0.563326 0.830727
vt 0.560293 0.829594
vt 0.930993 0.714502
vt 0.937195 0.714244
vt 0.936605 0.720689
vt 0.931279 0.721467
vt 0.542665 0.838482
vt 0.545305 0.825675
vt 0.949871 0.745035
vt 0.917283 0.729783
vt 0.920152 0.719726
vt 0.926712 0.721948
vt 0.923242 0.722069
vt 0.922308 0.716338
vt 0.925772 0.715150
vt 0.921426 0.723349
vt 0.527743 0.830152
vt 0.524240 0.844565
vt 0.920851 0.731706
vt 0.558219 0.843361
vt 0.923882 0.732511
vt 0.950602 0.733899
vt 0.951101 0.724085
vt 0.953274 0.726106
vt 0.953673 0.733932
vt 0.955254 0.721848
vt 0.942318 0.720879
vt 0.947328 0.722333
vt 0.946885 0.732758
vt 0.942149 0.731405
vt 0.936212 0.755042
vt 0.936508 0.744298
vt 0.941090 0.770081
vt 0.933391 0.769717
vt 0.935461 0.761604
vt 0.940017 0.761742
vt 0.936671 0.731465
vt 0.932280 0.744537
vt 0.931753 0.731998
vt 0.550290 0.851417
vt 0.555492 0.852907
vt 0.556262 0.827766
vt 0.554124 0.841539
vt 0.542326 0.859804
vt 0.544712 0.850173
vt 0.548394 0.839920
vt 0.551115 0.826763
vt 0.539445 0.849400
vt 0.943538 0.714675
vt 0.938343 0.709310
vt 0.553040 0.810399
vt 0.945299 0.709928
vt 0.545816 0.809721
vt 0.539242 0.809783
vt 0.951412 0.711349
vt 0.948922 0.715578
vt 0.552023 0.817235
vt 0.931326 0.761729
vt 0.930456 0.769223
vt 0.536369 0.868491
vt 0.537529 0.879778
vt 0.942355 0.774374
vt 0.547256 0.881140
vt 0.933616 0.773654
vt 0.927572 0.774587
vt 0.552770 0.878049
vt 0.924683 0.774205
vt 0.555432 0.876711
vt 0.952570 0.716945
vt 0.537521 0.863640
vt 0.542105 0.864877
vt 0.543584 0.870379
vt 0.545543 0.816604
vt 0.549441 0.869769
vt 0.537883 0.858544
vt 0.932056 0.755300
vt 0.927410 0.732499
vt 0.916775 0.827235
vt 0.909969 0.827858
vt 0.517206 0.777887
vt 0.521713 0.793870
vt 0.911735 0.811937
vt 0.917339 0.814372
vt 0.918371 0.839180
vt 0.912022 0.843072
vt 0.517666 0.762396
vt 0.925364 0.849574
vt 0.920934 0.846242
vt 0.923347 0.842616
vt 0.926671 0.843917
vt 0.522617 0.753388
vt 0.915151 0.852431
vt 0.922497 0.837214
vt 0.921333 0.827213
vt 0.926163 0.837190
vt 0.949617 0.827002
vt 0.948481 0.837202
vt 0.946420 0.837663
vt 0.946473 0.827208
vt 0.952124 0.847972
vt 0.949240 0.842003
vt 0.951827 0.840939
vt 0.954972 0.844650
vt 0.947150 0.842584
vt 0.952112 0.836620
vt 0.933794 0.838036
vt 0.929862 0.837498
vt 0.928742 0.827007
vt 0.933193 0.826570
vt 0.563165 0.799969
vt 0.565978 0.806182
vt 0.949154 0.792588
vt 0.943187 0.791739
vt 0.559946 0.807812
vt 0.558074 0.801153
vt 0.953361 0.826101
vt 0.533793 0.784137
vt 0.536353 0.795372
vt 0.534004 0.794365
vt 0.530992 0.785660
vt 0.532542 0.753935
vt 0.533975 0.757753
vt 0.531872 0.758924
vt 0.530098 0.756043
vt 0.535764 0.802214
vt 0.534180 0.808696
vt 0.919010 0.795681
vt 0.528769 0.805055
vt 0.915414 0.800147
vt 0.532393 0.799031
vt 0.958071 0.825329
vt 0.965075 0.825499
vt 0.576225 0.769596
vt 0.571983 0.753549
vt 0.962254 0.841097
vt 0.956714 0.837525
vt 0.567985 0.767298
vt 0.563508 0.756936
vt 0.949626 0.848980
vt 0.556981 0.751342
vt 0.559615 0.752434
vt 0.557063 0.755852
vt 0.554491 0.755698
vt 0.531443 0.772287
vt 0.534952 0.771034
vt 0.537654 0.782756
vt 0.566756 0.746820
vt 0.958230 0.848313
vt 0.558406 0.759195
vt 0.551039 0.755531
vt 0.553119 0.750545
vt 0.562161 0.766257
vt 0.554986 0.759621
vt 0.562617 0.744261
vt 0.955202 0.851901
vt 0.531718 0.763317
vt 0.534301 0.762351
vt 0.530285 0.759702
vt 0.528324 0.757497
vt 0.540058 0.794980
vt 0.539841 0.802891
vt 0.928191 0.850539
vt 0.530387 0.745329
vt 0.924052 0.856813
vt 0.525355 0.750549
vt 0.917565 0.855261
vt 0.528899 0.763916
vt 0.528229 0.773437
vt 0.525156 0.763077
vt 0.569449 0.780525
vt 0.963183 0.810855
vt 0.576225 0.784909
vt 0.574251 0.798324
vt 0.958634 0.798767
vt 0.568839 0.793615
vt 0.930284 0.844274
vt 0.566950 0.798691
vt 0.570602 0.803885
vt 0.953852 0.794335
vt 0.546925 0.759574
vt 0.546845 0.754695
vt 0.551392 0.759828
vt 0.558600 0.766104
vt 0.564552 0.776228
vt 0.561110 0.775239
vt 0.565358 0.787005
vt 0.563326 0.788715
vt 0.560293 0.789848
vt 0.943760 0.796728
vt 0.943474 0.803694
vt 0.938149 0.802915
vt 0.937559 0.796470
vt 0.542665 0.780960
vt 0.545305 0.793767
vt 0.924883 0.827261
vt 0.957470 0.812009
vt 0.954601 0.801952
vt 0.948041 0.804174
vt 0.948981 0.797376
vt 0.952445 0.798564
vt 0.951511 0.804295
vt 0.953327 0.805575
vt 0.527743 0.789290
vt 0.524240 0.774877
vt 0.953902 0.813932
vt 0.558219 0.776080
vt 0.950871 0.814737
vt 0.924151 0.816125
vt 0.921080 0.816158
vt 0.921479 0.808332
vt 0.923652 0.806311
vt 0.919500 0.804074
vt 0.932435 0.803105
vt 0.932604 0.813631
vt 0.927869 0.814984
vt 0.927425 0.804559
vt 0.938245 0.826524
vt 0.938542 0.837268
vt 0.933663 0.852307
vt 0.934736 0.843968
vt 0.939293 0.843830
vt 0.941362 0.851943
vt 0.938082 0.813691
vt 0.942473 0.826763
vt 0.943000 0.814224
vt 0.555492 0.766535
vt 0.550290 0.768025
vt 0.556262 0.791675
vt 0.554124 0.777903
vt 0.544712 0.769269
vt 0.542326 0.759638
vt 0.548394 0.779521
vt 0.551115 0.792678
vt 0.539445 0.770042
vt 0.931215 0.796901
vt 0.929455 0.792154
vt 0.545816 0.809721
vt 0.936411 0.791537
vt 0.553040 0.809043
vt 0.925832 0.797805
vt 0.539242 0.809659
vt 0.923341 0.793575
vt 0.552023 0.802207
vt 0.944298 0.851449
vt 0.943427 0.843955
vt 0.537529 0.739664
vt 0.932398 0.856600
vt 0.536369 0.750951
vt 0.947181 0.856813
vt 0.552769 0.741393
vt 0.547256 0.738302
vt 0.941138 0.855880
vt 0.950071 0.856431
vt 0.555432 0.742731
vt 0.922183 0.799171
vt 0.543584 0.749063
vt 0.542105 0.754565
vt 0.537521 0.755802
vt 0.545543 0.802838
vt 0.549441 0.749673
vt 0.537883 0.760898
vt 0.942697 0.837526
vt 0.947343 0.814725
vt 0.904386 0.419468
vt 0.905038 0.406449
vt 0.862025 0.297035
vt 0.909916 0.404984
vt 0.912190 0.417864
vt 0.874451 0.300360
vt 0.912190 0.433625
vt 0.889606 0.301523
vt 0.902620 0.430375
vt 0.896273 0.441656
vt 0.893435 0.436259
vt 0.895779 0.435432
vt 0.899516 0.438137
vt 0.901330 0.296582
vt 0.909187 0.446874
vt 0.897431 0.430176
vt 0.899402 0.420762
vt 0.893534 0.430520
vt 0.860739 0.420035
vt 0.864784 0.420074
vt 0.864859 0.430124
vt 0.860765 0.429778
vt 0.857580 0.440823
vt 0.854280 0.437828
vt 0.858004 0.435223
vt 0.860172 0.435818
vt 0.864048 0.435802
vt 0.857606 0.429779
vt 0.884822 0.431558
vt 0.885028 0.420691
vt 0.890604 0.421004
vt 0.889622 0.430844
vt 0.850903 0.250086
vt 0.850928 0.256368
vt 0.870646 0.382313
vt 0.844890 0.255977
vt 0.845421 0.248901
vt 0.863576 0.383020
vt 0.857593 0.419705
vt 0.900862 0.281493
vt 0.899502 0.285045
vt 0.895996 0.282540
vt 0.897450 0.279523
vt 0.850805 0.285677
vt 0.855417 0.289125
vt 0.850681 0.292549
vt 0.906229 0.393507
vt 0.845127 0.287850
vt 0.902340 0.387639
vt 0.852835 0.418557
vt 0.852324 0.430217
vt 0.893372 0.228755
vt 0.841831 0.430055
vt 0.843786 0.414123
vt 0.877106 0.229249
vt 0.888107 0.239462
vt 0.876555 0.238531
vt 0.861608 0.440725
vt 0.870538 0.281884
vt 0.869631 0.286208
vt 0.860808 0.286283
vt 0.859371 0.283354
vt 0.899874 0.246151
vt 0.891738 0.250205
vt 0.891720 0.245611
vt 0.896313 0.242323
vt 0.870636 0.276981
vt 0.881760 0.277116
vt 0.881116 0.281743
vt 0.904744 0.233406
vt 0.844947 0.442287
vt 0.885404 0.244316
vt 0.901050 0.252029
vt 0.893711 0.255683
vt 0.876526 0.243646
vt 0.884795 0.249746
vt 0.910341 0.238093
vt 0.848801 0.449015
vt 0.891212 0.278365
vt 0.890053 0.281959
vt 0.896950 0.287955
vt 0.894724 0.284843
vt 0.850084 0.280361
vt 0.859311 0.278264
vt 0.892755 0.443521
vt 0.906656 0.292686
vt 0.905000 0.452096
vt 0.911056 0.286483
vt 0.898027 0.455414
vt 0.889686 0.285661
vt 0.880768 0.286454
vt 0.889858 0.291134
vt 0.864811 0.240412
vt 0.855260 0.243978
vt 0.851174 0.239404
vt 0.853900 0.388696
vt 0.848587 0.400304
vt 0.862886 0.233478
vt 0.846567 0.244382
vt 0.858990 0.384526
vt 0.851796 0.246380
vt 0.889257 0.262457
vt 0.885181 0.256148
vt 0.897032 0.262981
vt 0.876499 0.246828
vt 0.867372 0.247575
vt 0.866819 0.245166
vt 0.859393 0.246387
vt 0.858302 0.247953
vt 0.858691 0.251143
vt 0.869916 0.386380
vt 0.878517 0.386372
vt 0.877662 0.392955
vt 0.869722 0.392932
vt 0.890298 0.436806
vt 0.870508 0.271116
vt 0.859449 0.271381
vt 0.895267 0.421203
vt 0.854404 0.403631
vt 0.857570 0.391702
vt 0.863457 0.392577
vt 0.860102 0.392618
vt 0.860168 0.388169
vt 0.863348 0.386951
vt 0.858694 0.394669
vt 0.866303 0.291917
vt 0.878619 0.292335
vt 0.857744 0.405880
vt 0.867934 0.251815
vt 0.860123 0.406440
vt 0.897842 0.408510
vt 0.898422 0.394997
vt 0.900973 0.397887
vt 0.901201 0.408459
vt 0.902792 0.394672
vt 0.886135 0.393226
vt 0.893498 0.393790
vt 0.893398 0.407467
vt 0.886443 0.406578
vt 0.877844 0.432296
vt 0.878853 0.420055
vt 0.885586 0.442178
vt 0.876351 0.441704
vt 0.876643 0.436423
vt 0.885962 0.436828
vt 0.878378 0.406144
vt 0.871429 0.419859
vt 0.870520 0.406324
vt 0.879453 0.261335
vt 0.877273 0.253656
vt 0.859709 0.256860
vt 0.869411 0.258680
vt 0.891963 0.269614
vt 0.881389 0.267148
vt 0.870140 0.265038
vt 0.859763 0.263901
vt 0.882369 0.272140
vt 0.887583 0.386765
vt 0.879253 0.381885
vt 0.844071 0.264355
vt 0.888859 0.382302
vt 0.843359 0.273652
vt 0.843752 0.282031
vt 0.897216 0.384434
vt 0.895126 0.387792
vt 0.850699 0.264209
vt 0.870086 0.436211
vt 0.868006 0.441049
vt 0.902657 0.274759
vt 0.914850 0.276714
vt 0.886785 0.458634
vt 0.914821 0.266307
vt 0.875933 0.460343
vt 0.865456 0.459004
vt 0.914850 0.256039
vt 0.855540 0.455185
vt 0.912308 0.246464
vt 0.899472 0.389700
vt 0.898798 0.274655
vt 0.899202 0.270394
vt 0.903383 0.269911
vt 0.850273 0.272698
vt 0.903149 0.261457
vt 0.892192 0.273587
vt 0.871176 0.431422
vt 0.863887 0.406434
vt 0.904386 0.344302
vt 0.912190 0.345905
vt 0.884863 0.600758
vt 0.872437 0.604084
vt 0.909916 0.358785
vt 0.905038 0.357320
vt 0.902620 0.333394
vt 0.912190 0.330145
vt 0.900018 0.599595
vt 0.896273 0.322113
vt 0.899516 0.325632
vt 0.895780 0.328337
vt 0.893435 0.327510
vt 0.911742 0.604536
vt 0.909187 0.316896
vt 0.897431 0.333593
vt 0.899402 0.343007
vt 0.893534 0.333249
vt 0.860739 0.343734
vt 0.860765 0.333991
vt 0.864859 0.333645
vt 0.864784 0.343696
vt 0.857580 0.322946
vt 0.860172 0.327952
vt 0.858004 0.328546
vt 0.854280 0.325941
vt 0.864048 0.327968
vt 0.857606 0.333990
vt 0.884822 0.332212
vt 0.889622 0.332925
vt 0.890604 0.342765
vt 0.885028 0.343078
vt 0.861315 0.651033
vt 0.855833 0.652217
vt 0.863576 0.380750
vt 0.870645 0.381456
vt 0.855302 0.645141
vt 0.861340 0.644750
vt 0.857593 0.344064
vt 0.911274 0.619625
vt 0.907862 0.621595
vt 0.906408 0.618579
vt 0.909914 0.616073
vt 0.861217 0.615442
vt 0.855539 0.613268
vt 0.902340 0.376131
vt 0.861093 0.608570
vt 0.906229 0.370262
vt 0.865829 0.611993
vt 0.852835 0.345212
vt 0.843786 0.349647
vt 0.887518 0.671869
vt 0.903784 0.672363
vt 0.841831 0.333714
vt 0.852324 0.333552
vt 0.886967 0.662587
vt 0.898519 0.661657
vt 0.861608 0.323044
vt 0.880950 0.619234
vt 0.869783 0.617764
vt 0.871220 0.614835
vt 0.880043 0.614910
vt 0.910286 0.654967
vt 0.906726 0.658795
vt 0.902133 0.655508
vt 0.902150 0.650913
vt 0.891529 0.619376
vt 0.892172 0.624002
vt 0.881048 0.624137
vt 0.915156 0.667712
vt 0.844947 0.321483
vt 0.895816 0.656802
vt 0.904123 0.645435
vt 0.911462 0.649089
vt 0.886939 0.657472
vt 0.895207 0.651372
vt 0.920753 0.663025
vt 0.848801 0.314754
vt 0.900465 0.619159
vt 0.901624 0.622753
vt 0.905136 0.616275
vt 0.907363 0.613163
vt 0.869723 0.622854
vt 0.860496 0.620757
vt 0.892755 0.320248
vt 0.921468 0.614636
vt 0.898027 0.308356
vt 0.917068 0.608433
vt 0.905000 0.311673
vt 0.900099 0.615457
vt 0.891181 0.614664
vt 0.900270 0.609984
vt 0.875223 0.660706
vt 0.848587 0.363466
vt 0.873298 0.667640
vt 0.861586 0.661714
vt 0.853900 0.375073
vt 0.865672 0.657140
vt 0.862208 0.654738
vt 0.856980 0.656736
vt 0.858990 0.379243
vt 0.899670 0.638661
vt 0.907445 0.638137
vt 0.895593 0.644970
vt 0.886911 0.654290
vt 0.877231 0.655952
vt 0.877784 0.653543
vt 0.869805 0.654731
vt 0.868714 0.653165
vt 0.869103 0.649975
vt 0.869916 0.377389
vt 0.869722 0.370838
vt 0.877662 0.370814
vt 0.878517 0.377398
vt 0.890298 0.326964
vt 0.880920 0.630003
vt 0.869861 0.629737
vt 0.895267 0.342566
vt 0.854404 0.360138
vt 0.857570 0.372067
vt 0.863457 0.371192
vt 0.863348 0.376818
vt 0.860168 0.375600
vt 0.860102 0.371151
vt 0.858694 0.369100
vt 0.876715 0.609201
vt 0.889032 0.608783
vt 0.857744 0.357889
vt 0.878346 0.649303
vt 0.860123 0.357329
vt 0.897842 0.355259
vt 0.901201 0.355310
vt 0.900973 0.365882
vt 0.898422 0.368773
vt 0.902792 0.369097
vt 0.886135 0.370544
vt 0.886443 0.357191
vt 0.893398 0.356302
vt 0.893498 0.369979
vt 0.878853 0.343714
vt 0.877844 0.331473
vt 0.885586 0.321592
vt 0.885962 0.326942
vt 0.876643 0.327346
vt 0.876351 0.322065
vt 0.878378 0.357625
vt 0.871429 0.343910
vt 0.870520 0.357445
vt 0.887685 0.647462
vt 0.889866 0.639783
vt 0.870122 0.644258
vt 0.879823 0.642438
vt 0.891801 0.633970
vt 0.902375 0.631505
vt 0.880553 0.636080
vt 0.870175 0.637217
vt 0.892781 0.628978
vt 0.887583 0.377004
vt 0.888859 0.381467
vt 0.853771 0.627466
vt 0.879253 0.381885
vt 0.854483 0.636763
vt 0.895125 0.375978
vt 0.854164 0.619087
vt 0.897216 0.379335
vt 0.861112 0.636909
vt 0.868006 0.322720
vt 0.870086 0.327559
vt 0.925262 0.624405
vt 0.886785 0.305135
vt 0.913069 0.626359
vt 0.865456 0.304765
vt 0.925262 0.645079
vt 0.925233 0.634811
vt 0.875933 0.303426
vt 0.855540 0.308584
vt 0.922720 0.654655
vt 0.899472 0.374069
vt 0.913795 0.631207
vt 0.909614 0.630725
vt 0.909210 0.626464
vt 0.860685 0.628420
vt 0.913561 0.639662
vt 0.902604 0.627531
vt 0.871176 0.332347
vt 0.863887 0.357335
vt 0.771580 0.750308
vt 0.770850 0.763785
vt 0.694887 0.806562
vt 0.764608 0.767042
vt 0.762612 0.752038
vt 0.688159 0.819985
vt 0.763624 0.735337
vt 0.685589 0.836200
vt 0.773792 0.739185
vt 0.780408 0.727926
vt 0.783559 0.733658
vt 0.781102 0.734525
vt 0.777276 0.731328
vt 0.689661 0.849172
vt 0.767956 0.721764
vt 0.779608 0.739759
vt 0.777041 0.749083
vt 0.783479 0.739411
vt 0.816014 0.749476
vt 0.812050 0.749585
vt 0.811393 0.739807
vt 0.815361 0.739986
vt 0.818050 0.729467
vt 0.821921 0.730652
vt 0.817631 0.734495
vt 0.815532 0.734176
vt 0.811965 0.734368
vt 0.818404 0.739574
vt 0.791834 0.738451
vt 0.791630 0.749120
vt 0.786025 0.748809
vt 0.787260 0.739087
vt 0.745515 0.804300
vt 0.739319 0.801492
vt 0.807047 0.791474
vt 0.741529 0.794815
vt 0.748829 0.798287
vt 0.815333 0.790075
vt 0.819136 0.749536
vt 0.824312 0.738340
vt 0.824129 0.750120
vt 0.705076 0.852570
vt 0.701426 0.848797
vt 0.704715 0.845117
vt 0.708172 0.847664
vt 0.712010 0.798443
vt 0.707738 0.801648
vt 0.703459 0.795941
vt 0.769219 0.779881
vt 0.710094 0.791920
vt 0.774002 0.785800
vt 0.756425 0.853433
vt 0.834930 0.736486
vt 0.834930 0.752973
vt 0.761900 0.838270
vt 0.748719 0.846097
vt 0.751891 0.834853
vt 0.814195 0.729933
vt 0.710460 0.816521
vt 0.707000 0.815055
vt 0.709692 0.806681
vt 0.712458 0.805663
vt 0.740544 0.855333
vt 0.739561 0.848408
vt 0.742645 0.847895
vt 0.744474 0.852716
vt 0.714845 0.817340
vt 0.712574 0.830229
vt 0.707776 0.828531
vt 0.748782 0.861629
vt 0.829631 0.725264
vt 0.744704 0.842470
vt 0.736099 0.855802
vt 0.734470 0.848780
vt 0.747032 0.833178
vt 0.740679 0.841126
vt 0.745187 0.864917
vt 0.825292 0.721147
vt 0.710154 0.840597
vt 0.706195 0.838297
vt 0.698998 0.845220
vt 0.702436 0.843175
vt 0.716434 0.797714
vt 0.716580 0.805713
vt 0.783714 0.725766
vt 0.693013 0.855541
vt 0.772831 0.716629
vt 0.701581 0.863759
vt 0.783628 0.712058
vt 0.702473 0.837257
vt 0.703295 0.827376
vt 0.697017 0.836970
vt 0.752668 0.821507
vt 0.750730 0.811025
vt 0.757914 0.807303
vt 0.825853 0.782641
vt 0.831232 0.769621
vt 0.761900 0.821198
vt 0.786673 0.733086
vt 0.753244 0.801221
vt 0.820367 0.787788
vt 0.748662 0.806678
vt 0.727999 0.842539
vt 0.734801 0.841050
vt 0.728347 0.849899
vt 0.742967 0.832301
vt 0.744913 0.822244
vt 0.747614 0.822380
vt 0.747372 0.814418
vt 0.746025 0.812764
vt 0.743032 0.811673
vt 0.807511 0.785829
vt 0.798195 0.785837
vt 0.799176 0.778435
vt 0.807756 0.778292
vt 0.720553 0.818293
vt 0.722428 0.806431
vt 0.781357 0.748666
vt 0.823579 0.765716
vt 0.821169 0.778225
vt 0.814493 0.777815
vt 0.818023 0.777046
vt 0.818443 0.782698
vt 0.814792 0.784545
vt 0.819448 0.774851
vt 0.701806 0.811173
vt 0.697563 0.824659
vt 0.819783 0.763509
vt 0.740518 0.821593
vt 0.817358 0.763114
vt 0.778412 0.761504
vt 0.778383 0.775804
vt 0.775570 0.772746
vt 0.774948 0.761552
vt 0.773570 0.776629
vt 0.790746 0.778079
vt 0.783401 0.777180
vt 0.783038 0.762697
vt 0.790139 0.763821
vt 0.798560 0.737996
vt 0.798062 0.749716
vt 0.791109 0.726412
vt 0.800434 0.727383
vt 0.799655 0.733567
vt 0.790861 0.733066
vt 0.798591 0.764288
vt 0.805553 0.749827
vt 0.806815 0.763918
vt 0.730160 0.832196
vt 0.737337 0.831938
vt 0.737176 0.810069
vt 0.734034 0.820555
vt 0.721785 0.844140
vt 0.723483 0.832636
vt 0.727135 0.819122
vt 0.729699 0.807754
vt 0.717943 0.832264
vt 0.789443 0.785112
vt 0.796938 0.791537
vt 0.732387 0.791427
vt 0.787326 0.790501
vt 0.723328 0.790197
vt 0.715652 0.790788
vt 0.779274 0.788652
vt 0.782063 0.784063
vt 0.730961 0.799021
vt 0.806209 0.734053
vt 0.808462 0.728864
vt 0.715639 0.854421
vt 0.712793 0.867310
vt 0.795980 0.710155
vt 0.721529 0.866878
vt 0.804550 0.709310
vt 0.815203 0.712187
vt 0.732891 0.866894
vt 0.821025 0.717052
vt 0.740444 0.866590
vt 0.777282 0.782233
vt 0.715444 0.849830
vt 0.721839 0.850487
vt 0.722288 0.855862
vt 0.722989 0.797789
vt 0.730275 0.855742
vt 0.716419 0.843320
vt 0.805281 0.738628
vt 0.813549 0.763404
vt 0.790421 0.640824
vt 0.781453 0.639094
vt 0.579119 0.838664
vt 0.585847 0.852088
vt 0.783449 0.624089
vt 0.789692 0.627347
vt 0.792633 0.651946
vt 0.782465 0.655794
vt 0.576549 0.822450
vt 0.799249 0.663205
vt 0.796117 0.659803
vt 0.799944 0.656607
vt 0.802400 0.657473
vt 0.580621 0.809477
vt 0.786797 0.669367
vt 0.798450 0.651373
vt 0.795883 0.642048
vt 0.802320 0.651721
vt 0.834855 0.641656
vt 0.834202 0.651145
vt 0.830234 0.651324
vt 0.830891 0.641547
vt 0.836891 0.661664
vt 0.834373 0.656956
vt 0.836472 0.656637
vt 0.840762 0.660479
vt 0.830806 0.656764
vt 0.837245 0.651557
vt 0.810676 0.652680
vt 0.806101 0.652044
vt 0.804866 0.642322
vt 0.810471 0.642012
vt 0.636475 0.854349
vt 0.639788 0.860362
vt 0.834174 0.601056
vt 0.825889 0.599657
vt 0.632489 0.863835
vt 0.630279 0.857158
vt 0.837977 0.641595
vt 0.843153 0.652791
vt 0.842971 0.641012
vt 0.596036 0.806080
vt 0.599132 0.810986
vt 0.595675 0.813533
vt 0.592386 0.809852
vt 0.602970 0.860207
vt 0.601054 0.866729
vt 0.792843 0.605331
vt 0.594418 0.862708
vt 0.788060 0.611250
vt 0.598697 0.857001
vt 0.853771 0.638158
vt 0.652860 0.820379
vt 0.647385 0.805216
vt 0.853771 0.654645
vt 0.642850 0.823797
vt 0.639679 0.812552
vt 0.833036 0.661198
vt 0.601420 0.842129
vt 0.603418 0.852987
vt 0.600651 0.851969
vt 0.597959 0.843595
vt 0.631504 0.803317
vt 0.635434 0.805934
vt 0.633605 0.810755
vt 0.630520 0.810242
vt 0.598735 0.830119
vt 0.603534 0.828421
vt 0.605804 0.841310
vt 0.639742 0.797020
vt 0.848472 0.665868
vt 0.635664 0.816179
vt 0.625430 0.809870
vt 0.627059 0.802848
vt 0.637992 0.825472
vt 0.631638 0.817523
vt 0.636146 0.793733
vt 0.844133 0.669985
vt 0.597155 0.820352
vt 0.601113 0.818052
vt 0.593396 0.815474
vt 0.589957 0.813429
vt 0.607540 0.852936
vt 0.607394 0.860935
vt 0.802555 0.665366
vt 0.592540 0.794890
vt 0.802469 0.679073
vt 0.583973 0.803109
vt 0.791672 0.674503
vt 0.593433 0.821393
vt 0.594255 0.831273
vt 0.587977 0.821679
vt 0.643628 0.837143
vt 0.850073 0.621511
vt 0.652860 0.837451
vt 0.648874 0.851346
vt 0.844694 0.608491
vt 0.641690 0.847624
vt 0.805514 0.658046
vt 0.639622 0.851971
vt 0.644204 0.857428
vt 0.839208 0.603343
vt 0.618959 0.816111
vt 0.619307 0.808750
vt 0.625761 0.817600
vt 0.633927 0.826348
vt 0.638573 0.836269
vt 0.635873 0.836406
vt 0.638331 0.844231
vt 0.636985 0.845886
vt 0.633991 0.846976
vt 0.826353 0.605302
vt 0.826597 0.612840
vt 0.818017 0.612697
vt 0.817036 0.605294
vt 0.611513 0.840356
vt 0.613388 0.852219
vt 0.800198 0.642465
vt 0.842420 0.625416
vt 0.840011 0.612907
vt 0.833334 0.613317
vt 0.833633 0.606586
vt 0.837284 0.608434
vt 0.836864 0.614085
vt 0.838289 0.616280
vt 0.592766 0.847476
vt 0.588523 0.833991
vt 0.838624 0.627623
vt 0.631478 0.837057
vt 0.836199 0.628018
vt 0.797253 0.629627
vt 0.793789 0.629579
vt 0.794411 0.618386
vt 0.797224 0.615327
vt 0.792412 0.614503
vt 0.809587 0.613052
vt 0.808981 0.627311
vt 0.801879 0.628434
vt 0.802242 0.613951
vt 0.816903 0.641416
vt 0.817401 0.653135
vt 0.809950 0.664720
vt 0.809703 0.658066
vt 0.818496 0.657565
vt 0.819275 0.663748
vt 0.817432 0.626844
vt 0.824395 0.641304
vt 0.825656 0.627214
vt 0.628297 0.826711
vt 0.621120 0.826454
vt 0.628136 0.848581
vt 0.624994 0.838095
vt 0.614442 0.826013
vt 0.612744 0.814509
vt 0.618094 0.839527
vt 0.620659 0.850896
vt 0.608903 0.826386
vt 0.808284 0.606020
vt 0.806167 0.600630
vt 0.614288 0.868453
vt 0.815780 0.599595
vt 0.623347 0.867222
vt 0.800904 0.607069
vt 0.606611 0.867861
vt 0.798115 0.602480
vt 0.621921 0.859629
vt 0.827303 0.662267
vt 0.825051 0.657078
vt 0.603753 0.791339
vt 0.814822 0.680977
vt 0.606599 0.804229
vt 0.834044 0.678944
vt 0.623851 0.791756
vt 0.612489 0.791772
vt 0.823391 0.681821
vt 0.839866 0.674079
vt 0.631404 0.792060
vt 0.796123 0.608898
vt 0.613248 0.802787
vt 0.612799 0.808162
vt 0.606403 0.808819
vt 0.613949 0.860861
vt 0.621235 0.802908
vt 0.607378 0.815329
vt 0.824122 0.652503
vt 0.832391 0.627728
vt 0.843535 0.904303
vt 0.842859 0.916800
vt 0.585171 0.883627
vt 0.837071 0.919821
vt 0.835221 0.905908
vt 0.578932 0.896075
vt 0.836159 0.890422
vt 0.576549 0.911110
vt 0.845587 0.893990
vt 0.851721 0.883550
vt 0.854643 0.888865
vt 0.852366 0.889669
vt 0.848817 0.886705
vt 0.580324 0.923139
vt 0.840175 0.877836
vt 0.850980 0.894522
vt 0.848600 0.903168
vt 0.854569 0.894199
vt 0.884738 0.903532
vt 0.881062 0.903633
vt 0.880453 0.894567
vt 0.884133 0.894733
vt 0.886626 0.884979
vt 0.890215 0.886078
vt 0.886237 0.889641
vt 0.884291 0.889345
vt 0.880983 0.889523
vt 0.886954 0.894351
vt 0.862317 0.893309
vt 0.862128 0.903202
vt 0.856930 0.902914
vt 0.858075 0.893899
vt 0.632116 0.881531
vt 0.626371 0.878926
vt 0.876424 0.942476
vt 0.628420 0.872735
vt 0.635189 0.875955
vt 0.884106 0.941179
vt 0.887633 0.903588
vt 0.594619 0.926289
vt 0.591234 0.922791
vt 0.594284 0.919378
vt 0.597489 0.921740
vt 0.601048 0.876099
vt 0.597086 0.879072
vt 0.593119 0.873779
vt 0.841347 0.931726
vt 0.599271 0.870051
vt 0.845782 0.937215
vt 0.892263 0.904129
vt 0.892432 0.893206
vt 0.642232 0.927090
vt 0.902278 0.891487
vt 0.902278 0.906775
vt 0.647309 0.913030
vt 0.635087 0.920288
vt 0.638028 0.909861
vt 0.883052 0.885411
vt 0.599611 0.892862
vt 0.596402 0.891503
vt 0.598898 0.883738
vt 0.601464 0.882794
vt 0.627507 0.928851
vt 0.626595 0.922430
vt 0.629455 0.921954
vt 0.631151 0.926425
vt 0.603676 0.893622
vt 0.601571 0.905573
vt 0.597122 0.903999
vt 0.635145 0.934690
vt 0.897365 0.881081
vt 0.631364 0.916924
vt 0.623385 0.929286
vt 0.621874 0.922775
vt 0.633522 0.908308
vt 0.627631 0.915678
vt 0.631811 0.937738
vt 0.893341 0.877264
vt 0.599327 0.915188
vt 0.595656 0.913055
vt 0.588982 0.919474
vt 0.592171 0.917578
vt 0.605151 0.875423
vt 0.605286 0.882841
vt 0.854787 0.881546
vt 0.583433 0.929044
vt 0.844696 0.873074
vt 0.591377 0.936665
vt 0.854708 0.868836
vt 0.592205 0.912090
vt 0.592967 0.902928
vt 0.587146 0.911824
vt 0.638749 0.897486
vt 0.636952 0.887766
vt 0.643614 0.884315
vt 0.893862 0.934285
vt 0.898849 0.922212
vt 0.647309 0.897199
vt 0.639283 0.878676
vt 0.888774 0.939058
vt 0.635034 0.883736
vt 0.615874 0.916988
vt 0.622181 0.915607
vt 0.616197 0.923813
vt 0.629754 0.907495
vt 0.631558 0.898169
vt 0.634062 0.898296
vt 0.633838 0.890913
vt 0.632589 0.889379
vt 0.629813 0.888367
vt 0.876854 0.937241
vt 0.868215 0.937249
vt 0.869125 0.930385
vt 0.877081 0.930252
vt 0.857531 0.888334
vt 0.608970 0.894506
vt 0.610708 0.883506
vt 0.852602 0.902781
vt 0.891753 0.918591
vt 0.889518 0.930190
vt 0.883328 0.929810
vt 0.886601 0.929097
vt 0.886990 0.934338
vt 0.883605 0.936051
vt 0.887922 0.927062
vt 0.591586 0.887904
vt 0.587652 0.900408
vt 0.888233 0.916544
vt 0.627483 0.897565
vt 0.885984 0.916178
vt 0.849871 0.914686
vt 0.849844 0.927946
vt 0.847235 0.925109
vt 0.846659 0.914730
vt 0.845382 0.928710
vt 0.861308 0.930055
vt 0.854497 0.929222
vt 0.854161 0.915792
vt 0.860745 0.916834
vt 0.868553 0.892887
vt 0.868091 0.903755
vt 0.861644 0.882146
vt 0.870291 0.883047
vt 0.869569 0.888780
vt 0.861415 0.888315
vt 0.868583 0.917266
vt 0.875038 0.903858
vt 0.876208 0.916924
vt 0.617878 0.907397
vt 0.624533 0.907158
vt 0.624384 0.886880
vt 0.621470 0.896603
vt 0.610112 0.918473
vt 0.611686 0.907806
vt 0.615072 0.895274
vt 0.617450 0.884733
vt 0.606549 0.907460
vt 0.860099 0.936576
vt 0.867050 0.942533
vt 0.619943 0.869594
vt 0.858137 0.941573
vt 0.611543 0.868453
vt 0.604425 0.869001
vt 0.850670 0.939858
vt 0.853256 0.935603
vt 0.618621 0.876635
vt 0.875647 0.889231
vt 0.877735 0.884420
vt 0.604413 0.928006
vt 0.601774 0.939957
vt 0.866162 0.867071
vt 0.609875 0.939556
vt 0.874108 0.866288
vt 0.883986 0.868956
vt 0.620410 0.939571
vt 0.889385 0.873467
vt 0.627414 0.939289
vt 0.848823 0.933907
vt 0.604232 0.923749
vt 0.610163 0.924358
vt 0.610578 0.929342
vt 0.611229 0.875493
vt 0.617985 0.929230
vt 0.605136 0.917712
vt 0.874785 0.893474
vt 0.882453 0.916447
vt 0.693904 0.905540
vt 0.685589 0.903936
vt 0.764995 0.916431
vt 0.771234 0.928879
vt 0.687440 0.890023
vt 0.693228 0.893043
vt 0.695955 0.915854
vt 0.686528 0.919421
vt 0.762612 0.901396
vt 0.702090 0.926294
vt 0.699186 0.923139
vt 0.702734 0.920175
vt 0.705012 0.920978
vt 0.766388 0.889367
vt 0.690544 0.932007
vt 0.701349 0.915322
vt 0.698969 0.906676
vt 0.704938 0.915645
vt 0.735106 0.906312
vt 0.734502 0.915111
vt 0.730822 0.915277
vt 0.731431 0.906210
vt 0.736994 0.924865
vt 0.734660 0.920499
vt 0.736606 0.920203
vt 0.740584 0.923766
vt 0.731352 0.920321
vt 0.737323 0.915493
vt 0.712686 0.916534
vt 0.708444 0.915945
vt 0.707299 0.906930
vt 0.712497 0.906642
vt 0.818179 0.930976
vt 0.821252 0.936551
vt 0.734475 0.868665
vt 0.726792 0.867368
vt 0.814484 0.939771
vt 0.812434 0.933580
vt 0.738001 0.906256
vt 0.780682 0.886217
vt 0.783552 0.890766
vt 0.780347 0.893128
vt 0.777297 0.889715
vt 0.787111 0.936407
vt 0.785334 0.942455
vt 0.696150 0.872629
vt 0.779182 0.938727
vt 0.691715 0.878118
vt 0.783150 0.933435
vt 0.742632 0.905714
vt 0.752647 0.903068
vt 0.833372 0.899476
vt 0.828296 0.885416
vt 0.752647 0.918356
vt 0.742801 0.916637
vt 0.824091 0.902646
vt 0.821150 0.892219
vt 0.733420 0.924433
vt 0.785674 0.919644
vt 0.787527 0.929712
vt 0.784962 0.928768
vt 0.782465 0.921003
vt 0.813570 0.883655
vt 0.817214 0.886082
vt 0.815518 0.890552
vt 0.812658 0.890077
vt 0.783185 0.908507
vt 0.787634 0.906933
vt 0.789740 0.918884
vt 0.821209 0.877817
vt 0.747734 0.928763
vt 0.817427 0.895582
vt 0.807938 0.889731
vt 0.809448 0.883220
vt 0.819586 0.904199
vt 0.813695 0.896828
vt 0.817875 0.874768
vt 0.743710 0.932580
vt 0.781719 0.899451
vt 0.785390 0.897319
vt 0.778234 0.894928
vt 0.775045 0.893032
vt 0.791349 0.929665
vt 0.791214 0.937083
vt 0.705156 0.928297
vt 0.777440 0.875841
vt 0.705077 0.941007
vt 0.769496 0.883462
vt 0.695065 0.936769
vt 0.778268 0.900416
vt 0.779030 0.909578
vt 0.773209 0.900682
vt 0.824812 0.915020
vt 0.749218 0.887632
vt 0.833372 0.915307
vt 0.829677 0.928191
vt 0.744230 0.875559
vt 0.823015 0.924740
vt 0.821097 0.928771
vt 0.825346 0.933831
vt 0.739143 0.870786
vt 0.801937 0.895518
vt 0.802260 0.888693
vt 0.808245 0.896899
vt 0.815817 0.905011
vt 0.820125 0.914211
vt 0.817621 0.914337
vt 0.819901 0.921593
vt 0.818652 0.923128
vt 0.815876 0.924139
vt 0.727223 0.872602
vt 0.727449 0.879592
vt 0.719494 0.879459
vt 0.718583 0.872595
vt 0.707900 0.921509
vt 0.795033 0.918000
vt 0.796771 0.929000
vt 0.702970 0.907062
vt 0.742121 0.891253
vt 0.739887 0.879653
vt 0.733697 0.880034
vt 0.733974 0.873793
vt 0.737359 0.875506
vt 0.736970 0.880746
vt 0.738291 0.882782
vt 0.777649 0.924603
vt 0.773715 0.912098
vt 0.738602 0.893299
vt 0.813546 0.914941
vt 0.736353 0.893666
vt 0.700239 0.895158
vt 0.697028 0.895113
vt 0.697604 0.884734
vt 0.700213 0.881898
vt 0.695750 0.881134
vt 0.711677 0.879789
vt 0.711114 0.893010
vt 0.704530 0.894052
vt 0.704866 0.880622
vt 0.718460 0.906089
vt 0.718922 0.916956
vt 0.712013 0.927698
vt 0.711784 0.921528
vt 0.719938 0.921063
vt 0.720660 0.926797
vt 0.718951 0.892577
vt 0.725407 0.905986
vt 0.726577 0.892920
vt 0.810596 0.905348
vt 0.803941 0.905109
vt 0.810447 0.925627
vt 0.807533 0.915903
vt 0.797749 0.904701
vt 0.796175 0.894034
vt 0.801136 0.917232
vt 0.803513 0.927773
vt 0.792613 0.905046
vt 0.710468 0.873268
vt 0.708506 0.868270
vt 0.797606 0.944053
vt 0.717419 0.867310
vt 0.806006 0.942912
vt 0.703625 0.874240
vt 0.790488 0.943505
vt 0.701039 0.869985
vt 0.804684 0.935871
vt 0.728104 0.925424
vt 0.726015 0.920612
vt 0.787838 0.872549
vt 0.716530 0.942772
vt 0.790476 0.884501
vt 0.734354 0.940888
vt 0.806474 0.872935
vt 0.795938 0.872950
vt 0.724477 0.943555
vt 0.739753 0.936377
vt 0.813477 0.873217
vt 0.699192 0.875937
vt 0.796642 0.883164
vt 0.796226 0.888148
vt 0.790295 0.888757
vt 0.797292 0.937013
vt 0.804048 0.883276
vt 0.791199 0.894794
vt 0.725154 0.916370
vt 0.732821 0.893396
s 1
usemtl Tongue
f 1/1/1 2/2/2 3/3/3 4/4/4
f 6/6/5 7/7/6 8/8/7 5/5/8
f 11/11/9 12/12/10 9/9/11 10/10/12
f 13/13/13 14/14/14 15/15/15 16/16/16
f 17/17/17 16/16/16 2/2/2 1/1/1
f 18/18/18 17/17/17 1/1/1 4/4/4
f 16/16/16 15/15/15 3/3/3 2/2/2
f 12/12/10 20/20/19 19/19/20 9/9/11
f 5/5/8 8/8/7 16/16/16 17/17/17
f 7/7/6 13/13/13 16/16/16 8/8/7
f 20/20/19 6/6/5 5/5/8 19/19/20
f 10/10/12 9/9/11 17/17/17 18/18/18
f 19/19/20 5/5/8 17/17/17 9/9/11
f 21/21/21 22/22/22 23/23/23 24/24/24
f 28/28/25 25/25/26 26/26/27 27/27/28
f 27/27/28 26/26/27 29/29/29 30/30/30
f 33/33/31 34/34/32 31/31/33 32/32/34
f 37/37/35 38/38/36 35/35/37 36/36/38
f 39/39/39 40/40/40 21/21/21 24/24/24
f 36/36/38 35/35/37 25/25/26 28/28/25
f 25/25/26 24/24/24 23/23/23 26/26/27
f 38/38/36 41/41/41 39/39/39 35/35/37
f 32/32/34 31/31/33 40/40/40 39/39/39
f 41/41/41 33/33/31 32/32/34 39/39/39
f 35/35/37 39/39/39 24/24/24 25/25/26
f 34/34/32 11/11/9 10/10/12 31/31/33
f 4/4/4 3/3/3 22/22/22 21/21/21
f 14/14/14 42/42/42 43/43/43 15/15/15
f 31/31/33 10/10/12 18/18/18 40/40/40
f 40/40/40 18/18/18 4/4/4 21/21/21
f 15/15/15 43/43/43 22/22/22 3/3/3
f 45/45/44 46/46/45 47/47/46 44/44/47
f 44/44/47 47/47/46 48/48/48 49/49/49
f 50/50/50 51/51/51 52/52/52 53/53/53
f 55/55/54 56/56/55 57/57/56 54/54/57
f 56/56/55 58/58/58 59/59/59 57/57/56
f 53/53/53 52/52/52 60/60/60 61/61/61
f 54/54/57 57/57/56 45/45/44 44/44/47
f 57/57/56 59/59/59 46/46/45 45/45/44
f 51/51/51 55/55/54 54/54/57 52/52/52
f 52/52/52 54/54/57 44/44/47 60/60/60
f 64/64/62 65/65/63 62/62/64 63/63/65
f 66/66/66 67/67/67 68/68/68 69/69/69
f 69/69/69 68/68/68 71/71/70 70/70/71
f 68/68/68 67/67/67 72/72/72 71/71/70
f 76/76/73 73/73/74 74/74/75 75/75/76
f 77/77/77 78/78/78 73/73/74 76/76/73
f 81/81/79 82/82/80 79/79/81 80/80/82
f 74/74/75 73/73/74 83/83/83 65/65/63
f 75/75/76 74/74/75 65/65/63 64/64/62
f 79/79/81 84/84/84 67/67/67 66/66/66
f 80/80/82 79/79/81 66/66/66 69/69/69
f 67/67/67 64/64/62 63/63/65 72/72/72
f 79/79/81 76/76/73 75/75/76 84/84/84
f 82/82/80 77/77/77 76/76/73 79/79/81
f 84/84/84 75/75/76 64/64/62 67/67/67
f 88/88/85 85/85/86 86/86/87 87/87/88
f 86/86/87 85/85/86 90/90/89 89/89/90
f 87/87/88 86/86/87 89/89/90 91/91/91
f 93/93/92 94/94/93 95/95/94 92/92/95
f 96/96/96 97/97/97 95/95/94 94/94/93
f 98/98/98 96/96/96 94/94/93 93/93/92
f 101/101/99 102/102/100 99/99/101 100/100/102
f 93/93/92 92/92/95 88/88/85 87/87/88
f 92/92/95 95/95/94 85/85/86 88/88/85
f 102/102/100 98/98/98 93/93/92 99/99/101
f 99/99/101 93/93/92 87/87/88 103/103/103
f 90/90/89 70/70/71 71/71/70 89/89/90
f 85/85/86 69/69/69 70/70/71 90/90/89
f 96/96/96 104/104/104 81/81/79 97/97/97
f 97/97/97 81/81/79 80/80/82 95/95/94
f 95/95/94 80/80/82 69/69/69 85/85/86
f 106/106/105 107/107/106 108/108/107 105/105/108
f 109/109/109 110/110/110 106/106/105 105/105/108
f 110/110/110 111/111/111 107/107/106 106/106/105
f 113/113/112 114/114/113 115/115/114 112/112/115
f 116/116/116 117/117/117 114/114/113 113/113/112
f 118/118/118 119/119/119 120/120/120 121/121/121
f 122/122/122 123/123/123 124/124/124 125/125/125
f 126/126/126 127/127/127 111/111/111 110/110/110
f 125/125/125 124/124/124 128/128/128 129/129/129
f 107/107/106 113/113/112 112/112/115 108/108/107
f 111/111/111 116/116/116 113/113/112 107/107/106
f 119/119/119 122/122/122 125/125/125 120/120/120
f 129/129/129 128/128/128 117/117/117 116/116/116
f 121/121/121 120/120/120 127/127/127 126/126/126
f 130/130/130 119/119/119 118/118/118 131/131/131
f 131/131/131 118/118/118 121/121/121 126/126/126
f 132/132/132 129/129/129 116/116/116 111/111/111
f 127/127/127 120/120/120 132/132/132 111/111/111
f 124/124/124 133/133/133 117/117/117 128/128/128
f 120/120/120 125/125/125 129/129/129 132/132/132
f 135/135/134 136/136/135 137/137/136 134/134/137
f 135/135/134 134/134/137 139/139/138 138/138/139
f 134/134/137 137/137/136 140/140/140 139/139/138
f 141/141/141 142/142/142 143/143/143 144/144/144
f 146/146/145 147/147/146 148/148/147 145/145/148
f 147/147/146 149/149/149 150/150/150 148/148/147
f 151/151/151 152/152/152 136/136/135 135/135/134
f 145/145/148 148/148/147 154/154/153 153/153/154
f 153/153/154 154/154/153 137/137/136 136/136/135
f 155/155/155 146/146/145 145/145/148 152/152/152
f 144/144/144 143/143/143 152/152/152 151/151/151
f 142/142/142 155/155/155 152/152/152 143/143/143
f 152/152/152 145/145/148 153/153/154 136/136/135
f 114/114/113 138/138/139 139/139/138 115/115/114
f 117/117/117 135/135/134 138/138/139 114/114/113
f 123/123/123 141/141/141 144/144/144 124/124/124
f 124/124/124 144/144/144 151/151/151 133/133/133
f 133/133/133 151/151/151 135/135/134 117/117/117
f 157/157/156 158/158/157 159/159/158 156/156/159
f 162/162/160 163/163/161 160/160/162 161/161/163
f 164/164/164 165/165/165 166/166/166 167/167/167
f 168/168/168 169/169/169 170/170/170 171/171/171
f 171/171/171 170/170/170 164/164/164 172/172/172
f 168/168/168 171/171/171 172/172/172 173/173/173
f 170/170/170 169/169/169 165/165/165 164/164/164
f 163/163/161 175/175/174 174/174/175 160/160/162
f 172/172/172 164/164/164 158/158/157 157/157/156
f 158/158/157 164/164/164 167/167/167 159/159/158
f 175/175/174 157/157/156 156/156/159 174/174/175
f 173/173/173 172/172/172 163/163/161 162/162/160
f 163/163/161 172/172/172 157/157/156 175/175/174
f 178/178/176 179/179/177 176/176/178 177/177/179
f 182/182/180 183/183/181 180/180/182 181/181/183
f 184/184/184 185/185/185 186/186/186 187/187/187
f 189/189/188 190/190/189 191/191/190 188/188/191
f 192/192/192 193/193/193 190/190/189 189/189/188
f 184/184/184 187/187/187 194/194/194 195/195/195
f 188/188/191 191/191/190 183/183/181 182/182/180
f 183/183/181 195/195/195 196/196/196 180/180/182
f 190/190/189 185/185/185 184/184/184 191/191/190
f 195/195/195 194/194/194 179/179/177 178/178/176
f 195/195/195 178/178/176 177/177/179 196/196/196
f 191/191/190 184/184/184 195/195/195 183/183/181
f 179/179/177 162/162/160 161/161/163 176/176/178
f 165/165/165 197/197/197 198/198/198 166/166/166
f 187/187/187 186/186/186 169/169/169 168/168/168
f 194/194/194 173/173/173 162/162/160 179/179/177
f 187/187/187 168/168/168 173/173/173 194/194/194
f 169/169/169 186/186/186 197/197/197 165/165/165
f 199/199/199 200/200/200 201/201/201 202/202/202
f 204/204/203 205/205/204 206/206/205 203/203/206
f 205/205/204 207/207/207 208/208/208 206/206/205
f 212/212/209 209/209/210 210/210/211 211/211/212
f 213/213/213 214/214/214 209/209/210 212/212/209
f 215/215/215 216/216/216 200/200/200 199/199/199
f 212/212/209 211/211/212 205/205/204 204/204/203
f 211/211/212 210/210/211 207/207/207 205/205/204
f 200/200/200 204/204/203 203/203/206 201/201/201
f 216/216/216 212/212/209 204/204/203 200/200/200
f 218/218/217 219/219/218 220/220/219 217/217/220
f 217/217/220 220/220/219 221/221/221 222/222/222
f 225/225/223 226/226/224 223/223/225 224/224/226
f 229/229/227 230/230/228 227/227/229 228/228/230
f 232/232/231 233/233/232 234/234/233 231/231/234
f 235/235/235 236/236/236 232/232/231 231/231/234
f 236/236/236 237/237/237 233/233/232 232/232/231
f 227/227/229 238/238/238 220/220/219 219/219/218
f 228/228/230 227/227/229 219/219/218 218/218/217
f 234/234/233 233/233/232 239/239/239 226/226/224
f 231/231/234 234/234/233 226/226/224 225/225/223
f 239/239/239 218/218/217 217/217/220 226/226/224
f 226/226/224 217/217/220 222/222/222 223/223/225
f 237/237/237 229/229/227 228/228/230 233/233/232
f 233/233/232 228/228/230 218/218/217 239/239/239
f 242/242/240 243/243/241 240/240/242 241/241/243
f 241/241/243 240/240/242 245/245/244 244/244/245
f 242/242/240 241/241/243 244/244/245 246/246/246
f 249/249/247 250/250/248 247/247/249 248/248/250
f 252/252/251 253/253/252 254/254/253 251/251/254
f 255/255/255 256/256/256 254/254/253 253/253/252
f 257/257/257 255/255/255 253/253/252 252/252/251
f 252/252/251 251/251/254 243/243/241 242/242/240
f 251/251/254 254/254/253 240/240/242 243/243/241
f 250/250/248 242/242/240 246/246/246 247/247/249
f 258/258/258 252/252/251 242/242/240 250/250/248
f 244/244/245 245/245/244 224/224/226 259/259/259
f 240/240/242 225/225/223 224/224/226 245/245/244
f 255/255/255 236/236/236 235/235/235 256/256/256
f 256/256/256 235/235/235 231/231/234 254/254/253
f 254/254/253 231/231/234 225/225/223 240/240/242
f 260/260/260 261/261/261 262/262/262 263/263/263
f 264/264/264 265/265/265 266/266/266 267/267/267
f 271/271/268 268/268/269 269/269/270 270/270/271
f 271/271/268 270/270/271 273/273/272 272/272/273
f 270/270/271 269/269/270 274/274/274 273/273/272
f 278/278/275 275/275/276 276/276/277 277/277/278
f 277/277/278 276/276/277 279/279/279 280/280/280
f 273/273/272 274/274/274 281/281/281 282/282/282
f 283/283/283 284/284/284 265/265/265 264/264/264
f 268/268/269 278/278/275 277/277/278 269/269/270
f 269/269/270 277/277/278 280/280/280 274/274/274
f 261/261/261 264/264/264 267/267/267 262/262/262
f 263/263/263 262/262/262 286/286/285 285/285/286
f 281/281/281 261/261/261 260/260/260 282/282/282
f 282/282/282 260/260/260 263/263/263 285/285/286
f 280/280/280 279/279/279 284/284/284 283/283/283
f 274/274/274 280/280/280 283/283/283 287/287/287
f 274/274/274 287/287/287 261/261/261 281/281/281
f 284/284/284 279/279/279 288/288/288 265/265/265
f 287/287/287 283/283/283 264/264/264 261/261/261
f 289/289/289 290/290/290 291/291/291 292/292/292
f 294/294/293 295/295/294 296/296/295 293/293/296
f 295/295/294 297/297/297 298/298/298 296/296/295
f 302/302/299 299/299/300 300/300/301 301/301/302
f 303/303/303 304/304/304 302/302/299 301/301/302
f 304/304/304 305/305/305 299/299/300 302/302/299
f 301/301/302 300/300/301 306/306/306 307/307/307
f 308/308/308 309/309/309 295/295/294 294/294/293
f 306/306/306 294/294/293 293/293/296 310/310/310
f 300/300/301 299/299/300 309/309/309 308/308/308
f 307/307/307 306/306/306 290/290/290 289/289/289
f 290/290/290 306/306/306 310/310/310 291/291/291
f 300/300/301 308/308/308 294/294/293 306/306/306
f 275/275/276 304/304/304 303/303/303 276/276/277
f 276/276/277 303/303/303 301/301/302 279/279/279
f 265/265/265 289/289/289 292/292/292 266/266/266
f 288/288/288 307/307/307 289/289/289 265/265/265
f 279/279/279 301/301/302 307/307/307 288/288/288
f 156/156/159 159/159/158 312/313/311 311/311/312
f 161/161/163 160/160/162 313/315/313 314/317/314
f 315/319/315 316/321/316 14/14/14 13/13/13
f 174/174/175 156/156/159 311/311/312 317/323/317
f 160/160/162 174/174/175 317/323/317 313/315/313
f 312/314/311 315/319/315 13/13/13 7/7/6
f 177/177/179 176/176/178 318/325/318 319/327/319
f 181/181/183 180/180/182 320/329/320 321/331/321
f 196/196/196 177/177/179 319/327/319 322/333/322
f 180/180/182 196/196/196 322/333/322 320/329/320
f 176/176/178 161/161/163 314/317/314 318/325/318
f 316/321/316 323/335/323 42/42/42 14/14/14
f 324/337/324 325/339/325 51/51/51 50/50/50
f 203/203/206 206/206/205 327/343/326 326/341/327
f 327/344/326 328/345/328 58/58/58 56/56/55
f 325/339/325 326/342/327 55/55/54 51/51/51
f 222/222/222 221/221/221 329/347/329 330/349/330
f 259/259/259 224/224/226 332/353/331 331/351/332
f 224/224/226 223/223/225 333/355/333 332/353/331
f 223/223/225 222/222/222 330/349/330 333/355/333
f 246/246/246 244/244/245 334/357/334 335/359/335
f 248/248/250 247/247/249 336/361/336 337/363/337
f 247/247/249 246/246/246 335/359/335 336/361/336
f 244/244/245 259/259/259 331/351/332 334/357/334
f 338/365/338 339/367/339 130/130/130 131/131/131
f 340/369/340 341/371/341 123/123/123 122/122/122
f 286/286/285 262/262/262 342/373/342 339/368/339
f 342/374/342 340/369/340 122/122/122 119/119/119
f 343/375/343 344/377/344 142/142/142 141/141/141
f 293/293/296 296/296/295 346/381/345 345/379/346
f 346/382/345 347/383/347 149/149/149 147/147/146
f 291/291/291 310/310/310 348/385/348 344/378/344
f 348/386/348 345/380/346 146/146/145 155/155/155
f 341/371/341 343/375/343 141/141/141 123/123/123
f 83/83/83 28/28/25 27/27/28 65/65/63
f 65/65/63 27/27/28 30/30/30 62/62/64
f 78/78/78 37/37/35 36/36/38 73/73/74
f 73/73/74 36/36/38 28/28/25 83/83/83
f 220/220/219 182/182/180 181/181/183 221/221/221
f 227/227/229 189/189/188 188/188/191 238/238/238
f 230/230/228 192/192/192 189/189/188 227/227/229
f 238/238/238 188/188/191 182/182/180 220/220/219
f 46/46/45 110/110/110 109/109/109 47/47/46
f 47/47/46 109/109/109 105/105/108 48/48/48
f 58/58/58 131/131/131 126/126/126 59/59/59
f 59/59/59 126/126/126 110/110/110 46/46/45
f 207/207/207 282/282/282 285/285/286 208/208/208
f 209/209/210 272/272/273 273/273/272 210/210/211
f 214/214/214 271/271/268 272/272/273 209/209/210
f 210/210/211 273/273/272 282/282/282 207/207/207
f 22/22/22 61/61/61 60/60/60 23/23/23
f 29/29/29 49/49/49 48/48/48 30/30/30
f 26/26/27 44/44/47 49/49/49 29/29/29
f 42/42/42 50/50/50 53/53/53 43/43/43
f 60/60/60 44/44/47 26/26/27 23/23/23
f 43/43/43 53/53/53 61/61/61 22/22/22
f 62/62/64 105/105/108 108/108/107 63/63/65
f 71/71/70 72/72/72 112/112/115 115/115/114
f 72/72/72 63/63/65 108/108/107 112/112/115
f 140/140/140 91/91/91 89/89/90 139/139/138
f 137/137/136 87/87/88 91/91/91 140/140/140
f 150/150/150 100/100/102 99/99/101 148/148/147
f 149/149/149 101/101/99 100/100/102 150/150/150
f 154/154/153 103/103/103 87/87/88 137/137/136
f 148/148/147 99/99/101 103/103/103 154/154/153
f 139/139/138 89/89/90 71/71/70 115/115/114
f 197/197/197 199/199/199 202/202/202 198/198/198
f 185/185/185 216/216/216 215/215/215 186/186/186
f 192/192/192 214/214/214 213/213/213 193/193/193
f 193/193/193 213/213/213 212/212/209 190/190/189
f 185/185/185 190/190/189 212/212/209 216/216/216
f 186/186/186 215/215/215 199/199/199 197/197/197
f 229/229/227 268/268/269 271/271/268 230/230/228
f 275/275/276 278/278/275 237/237/237 236/236/236
f 278/278/275 268/268/269 229/229/227 237/237/237
f 295/295/294 250/250/248 249/249/247 297/297/297
f 297/297/297 249/249/247 248/248/250 298/298/298
f 304/304/304 255/255/255 257/257/257 305/305/305
f 305/305/305 257/257/257 252/252/251 299/299/300
f 299/299/300 252/252/251 258/258/258 309/309/309
f 309/309/309 258/258/258 250/250/248 295/295/294
f 275/275/276 236/236/236 255/255/255 304/304/304
f 30/30/30 48/48/48 105/105/108 62/62/64
f 230/230/228 271/271/268 214/214/214 192/192/192
f 198/198/198 202/202/202 324/338/324 323/336/323
f 298/298/298 248/248/250 337/363/337 347/384/347
f 221/221/221 181/181/183 321/331/321 329/347/329
f 328/345/328 338/365/338 131/131/131 58/58/58
f 208/208/208 285/285/286 338/366/338 328/346/328
f 329/348/329 321/332/321 37/37/35 78/78/78
f 347/383/347 337/364/337 101/101/99 149/149/149
f 323/335/323 324/337/324 50/50/50 42/42/42
f 266/266/266 292/292/292 343/376/343 341/372/341
f 310/310/310 293/293/296 345/379/346 348/385/348
f 344/377/344 348/386/348 155/155/155 142/142/142
f 296/296/295 298/298/298 347/384/347 346/381/345
f 345/380/346 346/382/345 147/147/146 146/146/145
f 292/292/292 291/291/291 344/378/344 343/376/343
f 262/262/262 267/267/267 340/370/340 342/373/342
f 339/367/339 342/374/342 119/119/119 130/130/130
f 267/267/267 266/266/266 341/372/341 340/370/340
f 285/285/286 286/286/285 339/368/339 338/366/338
f 334/358/334 331/352/332 104/104/104 96/96/96
f 336/362/336 335/360/335 98/98/98 102/102/100
f 337/364/337 336/362/336 102/102/100 101/101/99
f 335/360/335 334/358/334 96/96/96 98/98/98
f 333/356/333 330/350/330 77/77/77 82/82/80
f 332/354/331 333/356/333 82/82/80 81/81/79
f 331/352/332 332/354/331 81/81/79 104/104/104
f 330/350/330 329/348/329 78/78/78 77/77/77
f 201/201/201 203/203/206 326/341/327 325/340/325
f 206/206/205 208/208/208 328/346/328 327/343/326
f 326/342/327 327/344/326 56/56/55 55/55/54
f 202/202/202 201/201/201 325/340/325 324/338/324
f 166/166/166 198/198/198 323/336/323 316/322/316
f 318/326/318 314/318/314 11/11/9 34/34/32
f 320/330/320 322/334/322 41/41/41 38/38/36
f 322/334/322 319/328/319 33/33/31 41/41/41
f 321/332/321 320/330/320 38/38/36 37/37/35
f 319/328/319 318/326/318 34/34/32 33/33/31
f 159/159/158 167/167/167 315/320/315 312/313/311
f 313/316/313 317/324/317 20/20/19 12/12/10
f 317/324/317 311/312/312 6/6/5 20/20/19
f 167/167/167 166/166/166 316/322/316 315/320/315
f 314/318/314 313/316/313 12/12/10 11/11/9
f 311/312/312 312/314/311 7/7/6 6/6/5
usemtl Gums.001
f 351/389/349 352/390/350 349/387/351 350/388/352
f 353/391/353 354/392/354 355/394/355 356/396/356
f 357/397/357 358/398/358 359/399/359 360/400/360
f 363/403/361 364/404/362 361/401/363 362/402/364
f 368/408/365 365/405/366 366/406/367 367/407/368
f 371/411/369 372/412/370 369/409/371 370/410/372
f 375/415/373 376/416/374 373/413/375 374/414/376
f 378/418/377 379/419/378 380/420/379 377/417/380
f 384/424/381 381/421/382 382/422/383 383/423/384
f 386/426/385 387/427/386 388/428/387 385/425/388
f 392/432/389 389/429/390 390/430/391 391/431/392
f 395/435/393 396/436/394 393/433/395 394/434/396
f 397/437/397 398/438/398 399/439/399 400/440/400
f 401/442/401 402/443/402 403/445/403 404/446/404
f 405/449/405 406/450/406 407/451/407 408/452/408
f 410/455/409 411/456/410 412/457/411 409/454/412
f 408/452/408 407/451/407 413/458/413 414/459/414
f 415/462/415 416/463/416 417/464/417 418/465/418
f 419/467/419 420/469/420 415/461/415 421/470/421
f 425/476/422 422/471/423 423/473/424 424/474/425
f 427/480/426 428/481/427 429/482/428 426/479/429
f 431/484/430 432/485/431 433/486/432 430/483/433
f 437/490/434 434/487/435 435/488/436 436/489/437
f 438/491/438 439/492/439 440/493/440 441/494/441
f 443/496/442 444/497/443 445/498/444 442/495/445
f 446/499/446 447/500/447 448/501/448 449/502/449
f 451/504/450 452/505/451 453/506/452 450/503/453
f 456/509/454 457/510/455 454/507/456 455/508/457
f 460/513/458 461/514/459 458/511/460 459/512/461
f 464/517/462 465/518/463 462/515/464 463/516/465
f 466/519/466 467/520/467 468/521/468 469/522/469
f 472/525/470 473/526/471 470/523/472 471/524/473
f 476/529/474 477/530/475 474/527/476 475/528/477
f 481/534/478 478/531/479 479/532/480 480/533/481
f 483/536/482 484/537/483 485/538/484 482/535/485
f 488/541/486 489/542/487 486/539/488 487/540/489
f 491/544/490 492/545/491 493/546/492 490/543/493
f 496/549/494 497/550/495 494/547/496 495/548/497
f 500/553/498 501/554/499 498/551/500 499/552/501
f 504/557/502 505/558/503 502/555/504 503/556/505
f 508/561/506 509/562/507 506/559/508 507/560/509
f 424/474/425 423/473/424 443/496/442 510/563/510
f 469/522/469 468/521/468 511/565/511 512/566/512
f 513/567/513 514/568/514 358/398/358 357/397/357
f 515/569/515 516/571/516 354/392/354 353/391/353
f 519/574/517 462/515/464 517/572/518 518/573/519
f 459/512/461 458/511/460 520/575/520 521/576/521
f 510/563/510 443/496/442 442/495/445 522/577/522
f 523/578/523 419/467/419 421/470/421 524/579/524
f 435/488/436 480/533/481 525/580/525 526/581/526
f 528/583/527 402/443/402 401/442/401 527/582/528
f 531/586/529 397/437/397 529/584/530 530/585/531
f 534/589/532 535/590/533 532/587/534 533/588/535
f 537/592/536 538/593/537 539/594/538 536/591/539
f 540/595/540 541/596/541 542/597/542 543/598/543
f 547/604/544 544/599/545 545/601/546 546/602/547
f 548/606/548 549/607/549 461/514/459 460/513/458
f 551/609/550 552/610/551 465/518/463 550/608/552
f 556/616/553 553/611/554 554/613/555 555/615/556
f 560/622/557 557/617/558 558/619/559 559/621/560
f 564/628/561 561/623/562 562/625/563 563/627/564
f 569/637/565 565/629/566 566/631/567 567/633/568 561/623/562 564/628/561 568/635/569
f 573/641/570 574/642/571 575/643/572 576/644/573 570/638/574 571/639/575 572/640/576 565/630/566 569/636/565
f 552/610/551 578/646/577 577/645/578 465/518/463
f 532/587/534 535/590/533 580/648/579 579/647/580
f 529/584/530 397/437/397 582/650/581 581/649/582
f 462/515/464 584/652/583 583/651/584 517/572/518
f 585/653/585 517/572/518 586/654/586 587/655/587
f 509/562/507 589/657/588 588/656/589 506/559/508
f 501/554/499 591/659/590 590/658/591 498/551/500
f 489/542/487 593/661/592 592/660/593 486/539/488
f 474/527/476 477/530/475 595/663/594 594/662/595
f 465/518/463 577/645/578 584/652/583 462/515/464
f 454/507/456 457/510/455 597/665/596 596/664/597
f 582/650/581 397/437/397 400/440/400 598/667/598
f 600/669/599 601/670/600 602/671/601 599/668/602
f 605/674/603 606/675/604 603/672/605 604/673/606
f 376/416/374 608/677/607 607/676/608 373/413/375
f 368/408/365 610/679/609 609/678/610 365/405/366
f 611/680/611 612/681/612 613/682/613 614/683/614
f 352/390/350 616/685/615 615/684/616 349/387/351
f 620/689/617 617/686/618 618/687/619 619/688/620
f 624/693/621 621/690/622 622/691/623 623/692/624
f 626/695/625 624/693/621 623/692/624 625/694/626
f 628/697/627 626/695/625 625/694/626 627/696/628
f 632/701/629 629/698/630 630/699/631 631/700/632
f 636/705/633 633/702/634 634/703/635 635/704/636
f 640/709/637 637/706/638 638/707/639 639/708/640
f 644/713/641 641/710/642 642/711/643 643/712/644
f 647/716/645 648/717/646 645/714/647 646/715/648
f 649/718/649 650/719/650 648/717/646 647/716/645
f 653/722/651 654/725/652 651/720/653 652/721/654
f 656/727/655 573/641/570 569/636/565 655/726/656
f 657/728/657 658/729/658 659/730/659 660/731/660 661/732/661 662/733/662 653/723/651 663/734/663 664/735/663 665/736/664
f 666/738/665 667/739/666 668/740/667 669/742/668
f 670/743/669 671/744/670 672/745/671 673/747/672
f 382/422/383 674/748/673 675/749/674 676/750/675
f 677/752/676 678/753/677 679/754/678 680/756/679
f 390/430/391 681/757/680 682/758/681 683/760/682
f 684/761/683 685/762/684 686/763/685 687/765/686
f 688/766/687 689/767/688 690/768/689 691/769/690
f 692/771/691 693/772/692 694/773/693 695/774/694
f 696/776/695 697/777/696 698/778/697 699/780/698
f 700/782/699 701/783/700 702/784/701 703/786/702
f 704/788/703 649/718/649 647/716/645 646/715/648
f 706/790/704 705/789/705 652/721/654 649/718/649
f 707/791/706 705/789/705 706/790/704 708/792/707
f 712/796/708 709/793/709 710/794/710 711/795/711
f 706/790/704 649/718/649 704/788/703 713/797/712
f 708/792/707 706/790/704 713/797/712 714/798/713
f 715/799/714 712/796/708 711/795/711 716/800/715
f 717/801/716 718/802/717 632/701/629 633/702/634
f 719/803/718 720/804/719 721/805/720 722/806/721
f 723/807/722 724/808/723 636/705/633 637/706/638
f 725/809/724 726/810/725 727/811/726 728/812/727
f 729/813/728 730/814/729 640/709/637 641/710/642
f 731/815/730 732/816/731 733/817/732 734/818/733
f 735/819/734 736/820/735 644/713/641 617/686/618
f 737/821/736 738/822/737 739/823/738 740/824/739
f 741/825/740 742/826/741 743/827/742 744/828/743
f 744/828/743 743/827/742 740/824/739 745/829/744
f 747/832/745 620/689/617 619/688/620 746/830/746
f 749/836/747 748/834/748 620/689/617 747/832/745
f 753/842/749 750/837/750 751/838/751 752/840/752
f 754/844/753 700/781/699 703/785/702 753/841/749
f 598/666/598 400/441/400 752/839/752 755/845/754
f 756/846/755 749/835/747 747/833/745 757/847/756
f 757/847/756 747/833/745 746/831/746 758/848/757
f 416/463/416 759/849/758 760/850/759 761/851/760
f 406/450/406 762/852/761 763/853/762 407/451/407
f 407/451/407 763/853/762 764/854/763 413/458/413
f 516/570/516 510/563/510 522/577/522 765/855/764
f 421/470/421 415/461/415 418/466/418 766/856/765
f 770/862/766 767/857/767 768/858/768 769/860/769
f 543/598/543 542/597/542 771/863/770 772/864/771
f 479/532/480 773/865/772 774/866/773 775/867/774
f 777/870/775 776/868/776 544/599/545 547/604/544
f 449/502/449 448/501/448 778/871/777 779/872/778
f 441/494/441 440/493/440 780/873/779 781/874/780
f 416/463/416 761/851/760 782/875/781 417/464/417
f 524/579/524 421/470/421 766/856/765 783/876/782
f 760/850/759 403/444/403 785/878/783 784/877/784
f 427/480/426 786/879/785 491/544/490 428/481/427
f 787/880/786 788/881/787 789/882/788 790/883/789
f 791/884/790 792/885/791 793/886/792 794/887/793
f 796/889/794 797/890/795 798/891/796 795/888/797
f 799/892/798 800/894/799 801/895/800 802/897/801
f 803/898/802 784/877/784 785/878/783 804/899/803
f 805/900/804 806/901/805 807/902/806 808/903/807
f 809/904/808 810/905/809 811/906/810 812/907/811
f 813/908/812 814/909/813 815/910/814 816/911/815
f 817/912/816 818/913/817 819/914/818 820/915/819
f 821/916/820 822/917/821 410/455/409 492/545/491
f 823/918/822 799/892/798 802/897/801 824/919/823
f 800/893/799 803/898/802 804/899/803 801/896/800
f 420/468/420 759/849/758 416/463/416 415/462/415
f 549/607/549 422/472/423 425/477/422 461/514/459
f 536/591/539 539/594/538 826/922/824 825/920/825
f 527/582/528 401/442/401 828/926/826 827/925/827
f 458/511/460 424/475/425 510/564/510 520/575/520
f 514/568/514 515/569/515 353/391/353 358/398/358
f 505/558/503 426/478/429 829/929/828 502/555/504
f 497/550/495 769/859/769 777/869/775 494/547/496
f 482/535/485 485/538/484 831/933/829 830/930/830
f 470/523/472 473/526/471 833/937/831 832/935/832
f 461/514/459 425/477/422 424/475/425 458/511/460
f 450/503/453 453/506/452 835/941/833 834/938/834
f 404/446/404 836/942/835 828/926/826 401/442/401
f 393/433/395 396/436/394 838/947/836 837/946/837
f 385/425/388 388/428/387 840/952/838 839/950/839
f 377/417/380 380/420/379 841/953/840 770/861/766
f 372/412/370 547/605/544 546/603/547 369/409/371
f 364/404/362 843/958/841 842/956/842 361/401/363
f 358/398/358 353/391/353 356/396/356 359/399/359
f 423/473/424 844/959/843 444/497/443 443/496/442
f 845/960/844 846/961/845 432/485/431 431/484/430
f 842/955/842 843/957/841 798/891/796 847/962/846
f 426/479/429 429/482/428 795/888/797 829/928/828
f 798/891/796 797/890/795 848/963/847 847/962/846
f 848/963/847 849/964/848 845/960/844 844/959/843
f 794/887/793 793/886/792 851/966/849 850/965/850
f 853/968/851 854/969/852 855/970/853 852/967/854
f 856/971/855 857/972/856 854/969/852 853/968/851
f 851/966/849 858/973/857 856/971/855 846/961/845
f 860/975/858 861/976/859 862/977/860 859/974/861
f 863/978/862 864/979/863 861/976/859 860/975/858
f 866/981/864 865/980/865 863/978/862 857/972/856
f 861/976/859 864/979/863 867/982/866 862/977/860
f 869/984/867 408/453/408 414/460/414 868/983/868
f 871/986/869 872/987/870 873/988/871 870/985/872
f 875/990/873 874/989/874 871/986/869 864/979/863
f 812/907/811 811/906/810 877/992/875 876/991/876
f 879/994/877 869/984/867 868/983/868 878/993/878
f 877/992/875 880/995/879 879/994/877 872/987/870
f 802/897/801 801/895/800 405/448/405 881/996/880
f 885/1000/881 882/997/882 883/998/883 884/999/884
f 356/396/356 355/394/355 887/1002/885 886/1001/886
f 360/400/360 359/399/359 889/1005/887 888/1004/888
f 893/1009/889 890/1006/890 891/1007/891 892/1008/892
f 897/1013/893 894/1010/894 895/1011/895 896/1012/896
f 901/1017/897 898/1014/898 899/1015/899 900/1016/900
f 905/1021/901 902/1018/902 903/1019/903 904/1020/904
f 906/1022/905 907/1023/906 908/1024/907 909/1025/908
f 913/1029/909 910/1026/910 911/1027/911 912/1028/912
f 914/1030/913 915/1031/914 916/1032/915 917/1033/916
f 918/1034/917 919/1035/918 920/1036/919 921/1037/920
f 925/1041/921 922/1038/922 923/1039/923 924/1040/924
f 927/1043/925 928/1045/926 929/1046/927 926/1042/928
f 931/1048/929 932/1051/930 933/1052/931 930/1047/932
f 935/1055/933 936/1057/934 937/1058/935 934/1054/936
f 938/1059/937 939/1060/938 940/1061/939 941/1062/940
f 414/459/414 413/458/413 936/1057/934 935/1055/933
f 943/1065/941 944/1067/942 945/1068/943 942/1064/944
f 947/1070/945 942/1063/944 948/1072/946 946/1069/947
f 951/1077/948 952/1079/949 949/1074/950 950/1075/951
f 953/1081/952 954/1082/953 955/1083/954 956/1084/955
f 430/483/433 433/486/432 957/1085/956 958/1086/957
f 960/1088/958 961/1089/959 962/1090/960 959/1087/961
f 964/1092/962 965/1093/963 966/1094/964 963/1091/965
f 442/495/445 445/498/444 967/1095/966 968/1096/967
f 970/1098/968 971/1099/969 972/1100/970 969/1097/971
f 973/1101/972 974/1102/973 975/1103/974 976/1104/975
f 980/1108/976 977/1105/977 978/1106/978 979/1107/979
f 984/1112/980 981/1109/981 982/1110/982 983/1111/983
f 988/1116/984 985/1113/985 986/1114/986 987/1115/987
f 990/1118/988 991/1119/989 992/1120/990 989/1117/991
f 996/1124/992 993/1121/993 994/1122/994 995/1123/995
f 1000/1128/996 997/1125/997 998/1126/998 999/1127/999
f 962/1090/960 1002/1130/1000 1001/1129/1001 959/1087/961
f 908/1024/907 907/1023/906 1003/1131/1002 1004/1132/1003
f 1007/1135/1004 903/1019/903 1005/1133/1005 1006/1134/1006
f 1008/1136/1007 1009/1137/1008 1010/1138/1009 1011/1139/1010
f 1015/1143/1011 1012/1140/1012 1013/1141/1013 1014/1142/1014
f 1019/1147/1015 1016/1144/1016 1017/1145/1017 1018/1146/1018
f 1021/1149/1019 1020/1148/1020 898/1014/898 901/1017/897
f 1024/1152/1021 1022/1150/1022 894/1010/894 1023/1151/1023
f 1025/1153/1024 968/1096/967 952/1079/949 951/1077/948
f 1026/1155/1025 1027/1156/1026 991/1119/989 990/1118/988
f 888/1004/888 889/1005/887 1029/1158/1027 1028/1157/1028
f 886/1001/886 887/1002/885 1031/1161/1029 1030/1159/1030
f 1034/1164/1031 1032/1162/1032 985/1113/985 1033/1163/1033
f 1036/1166/1034 1035/1165/1035 981/1109/981 984/1112/980
f 522/577/522 442/495/445 968/1096/967 1025/1153/1024
f 1038/1168/1036 947/1070/945 946/1069/947 1037/1167/1037
f 940/1061/939 1039/1169/1038 962/1090/960 961/1089/959
f 1040/1170/1039 930/1047/932 933/1052/931 1041/1171/1040
f 1044/1174/1041 1042/1172/1042 926/1042/928 1043/1173/1043
f 1048/1178/1044 1045/1175/1045 1046/1176/1046 1047/1177/1047
f 1049/1179/1048 1050/1180/1049 1051/1181/1050 1052/1182/1051
f 1054/1184/1052 1055/1185/1053 1056/1186/1054 1053/1183/1055
f 953/1081/952 956/1084/955 1057/1187/1056 1058/1188/1057
f 983/1111/983 982/1110/982 890/1006/890 893/1009/889
f 1060/1191/1058 986/1114/986 882/997/882 1059/1190/1059
f 1063/1195/1060 1064/1196/1061 1061/1192/1062 1062/1194/1063
f 1067/1201/1064 1068/1202/1065 1065/1198/1066 1066/1200/1067
f 1071/1207/1068 1072/1208/1069 1069/1204/1070 1070/1206/1071
f 1075/1214/1072 1076/1215/1073 1073/1210/1074 1074/1213/1075
f 1073/1211/1074 1081/1221/1076 1082/1222/1077 1077/1217/1078 1078/1218/1079 1079/1219/1080 1080/1220/1081 1074/1212/1075
f 986/1114/986 1083/1223/1082 1084/1224/1083 882/997/882
f 1085/1225/1084 1086/1226/1085 1046/1176/1046 1045/1175/1045
f 1087/1227/1086 1088/1228/1087 926/1042/928 1042/1172/1042
f 1032/1162/1032 1089/1229/1088 1090/1230/1089 985/1113/985
f 1092/1232/1090 1093/1233/1091 1032/1162/1032 1091/1231/1092
f 1022/1150/1022 1094/1234/1093 1095/1235/1094 894/1010/894
f 1016/1144/1016 1096/1236/1095 1097/1237/1096 1017/1145/1017
f 903/1019/903 1098/1238/1097 1099/1239/1098 1005/1133/1005
f 1100/1240/1099 1101/1241/1100 998/1126/998 997/1125/997
f 985/1113/985 1090/1230/1089 1083/1223/1082 986/1114/986
f 1102/1242/1101 1103/1243/1102 978/1106/978 977/1105/977
f 1104/1245/1103 927/1043/925 926/1042/928 1088/1228/1087
f 1105/1246/1104 1106/1247/1105 919/1035/918 918/1034/917
f 1107/1248/1106 1108/1249/1107 911/1027/911 910/1026/910
f 902/1018/902 1109/1250/1108 1098/1238/1097 903/1019/903
f 894/1010/894 1095/1235/1094 1110/1251/1109 895/1011/895
f 1112/1253/1110 1113/1254/1111 1114/1255/1112 1111/1252/1113
f 882/997/882 1084/1224/1083 1115/1256/1114 883/998/883
f 619/688/620 618/687/619 1116/1257/1115 1117/1258/1116
f 623/692/624 622/691/623 1118/1259/1117 1119/1260/1118
f 625/694/626 623/692/624 1119/1260/1118 1120/1261/1119
f 627/696/628 625/694/626 1120/1261/1119 1121/1262/1120
f 631/700/632 630/699/631 1122/1263/1121 1123/1264/1122
f 635/704/636 634/703/635 1124/1265/1123 1125/1266/1124
f 639/708/640 638/707/639 1126/1267/1125 1127/1268/1126
f 643/712/644 642/711/643 1128/1269/1127 1129/1270/1128
f 1133/1274/1129 1130/1271/1130 1131/1272/1131 1132/1273/1132
f 1132/1273/1132 1131/1272/1131 1134/1275/1133 1135/1276/1134
f 1135/1276/1134 1134/1275/1133 1136/1278/1135 1137/1279/1136
f 1139/1282/1137 1074/1212/1075 1080/1220/1081 1138/1281/1138
f 1141/1285/1139 1142/1286/1140 1143/1287/1141 1140/1283/1142
f 1145/1289/1143 1146/1291/1144 1147/1292/1145 1144/1288/1146
f 1149/1294/1147 1150/1296/1148 1151/1297/1149 1148/1293/1150
f 1153/1300/1151 1154/1301/1152 1155/1302/1153 1152/1298/1154
f 1157/1305/1155 1158/1306/1156 1159/1307/1157 1156/1303/1158
f 1161/1309/1159 1162/1311/1160 1163/1312/1161 1160/1308/1162
f 1165/1315/1163 1166/1316/1164 1167/1317/1165 1164/1313/1166
f 1169/1319/1167 1170/1321/1168 1171/1322/1169 1168/1318/1170
f 1173/1325/1171 1174/1326/1172 1175/1327/1173 1172/1323/1174
f 1177/1329/1175 1178/1331/1176 1179/1332/1177 1176/1328/1178
f 1181/1336/1179 1182/1338/1180 1183/1339/1181 1180/1334/1182
f 1133/1274/1129 1132/1273/1132 1135/1276/1134 1184/1340/1183
f 1185/1341/1184 1135/1276/1134 1137/1279/1136 1141/1284/1139
f 1187/1344/1185 1185/1341/1184 1141/1284/1139 1186/1343/1186
f 1189/1347/1187 1190/1348/1188 1145/1290/1143 1188/1346/1189
f 1191/1349/1190 1184/1340/1183 1135/1276/1134 1185/1341/1184
f 1192/1350/1191 1191/1349/1190 1185/1341/1184 1187/1344/1185
f 1194/1352/1192 1190/1348/1188 1189/1347/1187 1193/1351/1193
f 1124/1265/1123 1123/1264/1122 1196/1354/1194 1195/1353/1195
f 1198/1356/1196 1199/1357/1197 1200/1358/1198 1197/1355/1199
f 1126/1267/1125 1125/1266/1124 1202/1360/1200 1201/1359/1201
f 1204/1362/1202 1205/1363/1203 1206/1364/1204 1203/1361/1205
f 1128/1269/1127 1127/1268/1126 1208/1366/1206 1207/1365/1207
f 1210/1368/1208 1211/1369/1209 1212/1370/1210 1209/1367/1211
f 1116/1257/1115 1129/1270/1128 1214/1372/1212 1213/1371/1213
f 1216/1374/1214 1217/1375/1215 1218/1376/1216 1215/1373/1217
f 1220/1378/1218 1221/1379/1219 1222/1380/1220 1219/1377/1221
f 1223/1381/1222 1216/1374/1214 1221/1379/1219 1220/1378/1218
f 746/830/746 619/688/620 1117/1258/1116 1224/1382/1223
f 1224/1382/1223 1117/1258/1116 1225/1384/1224 1226/1386/1225
f 1229/1391/1226 1230/1392/1227 1227/1387/1228 1228/1389/1229
f 1228/1388/1229 1181/1335/1179 1180/1333/1182 1231/1394/1230
f 1232/1395/1231 1229/1390/1226 927/1044/925 1104/1244/1103
f 1234/1397/1232 1224/1383/1223 1226/1385/1225 1233/1396/1233
f 758/848/757 746/831/746 1224/1383/1223 1234/1397/1232
f 1236/1399/1234 1237/1400/1235 1235/1398/1236 945/1068/943
f 936/1057/934 1238/1401/1237 1239/1402/1238 937/1058/935
f 413/458/413 764/854/763 1238/1401/1237 936/1057/934
f 765/855/764 522/577/522 1025/1153/1024 1031/1160/1029
f 1240/1403/1239 943/1066/941 942/1063/944 947/1070/945
f 1243/1408/1240 1244/1409/1241 1241/1404/1242 1242/1406/1243
f 1245/1410/1244 1246/1411/1245 1055/1185/1053 1054/1184/1052
f 1247/1412/1246 1248/1413/1247 1249/1414/1248 1002/1130/1000
f 1058/1188/1057 1057/1187/1056 1250/1415/1249 1251/1417/1250
f 1252/1418/1251 1253/1419/1252 971/1099/969 970/1098/968
f 1254/1420/1253 1255/1421/1254 965/1093/963 964/1092/962
f 944/1067/942 1256/1422/1255 1236/1399/1234 945/1068/943
f 1257/1423/1256 1240/1403/1239 947/1070/945 1038/1168/1036
f 1258/1424/1257 1259/1425/1258 932/1050/930 1237/1400/1235
f 955/1083/954 1011/1139/1010 1260/1426/1259 956/1084/955
f 1262/1428/1260 1263/1429/1261 1264/1430/1262 1261/1427/1263
f 1265/1431/1264 1266/1432/1265 1267/1433/1266 939/1060/938
f 1268/1434/1267 1269/1435/1268 1270/1436/1269 1271/1437/1270
f 1273/1439/1271 1274/1440/1272 1275/1443/1273 1272/1438/1274
f 1277/1445/1275 1259/1425/1258 1258/1424/1257 1276/1444/1276
f 1279/1447/1277 1280/1448/1278 1281/1449/1279 1278/1446/1280
f 1283/1451/1281 1284/1452/1282 1285/1453/1283 1282/1450/1284
f 1287/1455/1285 1288/1456/1286 1289/1457/1287 1286/1454/1288
f 1291/1459/1289 1292/1460/1290 1293/1461/1291 1290/1458/1292
f 1010/1138/1009 941/1062/940 1294/1462/1293 1295/1463/1294
f 1297/1465/1295 1273/1439/1271 1272/1438/1274 1296/1464/1296
f 1274/1441/1272 1277/1445/1275 1276/1444/1276 1275/1442/1273
f 942/1064/944 945/1068/943 1235/1398/1236 948/1071/946
f 982/1110/982 950/1076/951 949/1073/950 890/1006/890
f 1298/1466/1297 1299/1468/1298 1050/1180/1049 1049/1179/1048
f 1300/1471/1299 1301/1472/1300 930/1047/932 1040/1170/1039
f 1035/1165/1035 1025/1154/1024 951/1078/948 981/1109/981
f 889/1005/887 886/1001/886 1030/1159/1030 1029/1158/1027
f 1020/1148/1020 1302/1475/1301 953/1080/952 898/1014/898
f 1012/1140/1012 1251/1416/1250 1243/1407/1240 1013/1141/1013
f 907/1023/906 1303/1476/1302 1304/1479/1303 1003/1131/1002
f 1305/1481/1304 1306/1483/1305 994/1122/994 993/1121/993
f 981/1109/981 951/1078/948 950/1076/951 982/1110/982
f 1307/1484/1306 1308/1487/1307 974/1102/973 973/1101/972
f 930/1047/932 1301/1472/1300 1309/1488/1308 931/1048/929
f 1310/1492/1309 1311/1493/1310 923/1039/923 922/1038/922
f 1312/1496/1311 1313/1498/1312 915/1031/914 914/1030/913
f 1242/1405/1243 1303/1476/1302 907/1023/906 906/1022/905
f 898/1014/898 953/1080/952 1058/1189/1057 899/1015/899
f 890/1006/890 949/1073/950 1314/1500/1313 891/1007/891
f 359/399/359 356/396/356 886/1001/886 889/1005/887
f 968/1096/967 967/1095/966 1315/1501/1314 952/1079/949
f 958/1086/957 957/1085/956 1316/1502/1315 1317/1503/1316
f 952/1079/949 1269/1435/1268 1314/1499/1313 949/1074/950
f 1302/1474/1301 1268/1434/1267 954/1082/953 953/1081/952
f 952/1079/949 1315/1501/1314 1270/1436/1269 1269/1435/1268
f 1315/1501/1314 1317/1503/1316 1318/1504/1317 1270/1436/1269
f 1319/1505/1318 1320/1506/1319 1266/1432/1265 1265/1431/1264
f 852/967/854 855/970/853 1321/1507/1320 1322/1508/1321
f 1322/1508/1321 1321/1507/1320 1323/1509/1322 1324/1510/1323
f 1316/1502/1315 1324/1510/1323 1325/1511/1324 1320/1506/1319
f 859/974/861 862/977/860 1326/1512/1325 1327/1513/1326
f 1327/1513/1326 1326/1512/1325 1328/1514/1327 1329/1515/1328
f 1323/1509/1322 1329/1515/1328 1330/1516/1329 1331/1517/1330
f 862/977/860 867/982/866 1328/1514/1327 1326/1512/1325
f 868/983/868 414/460/414 935/1056/933 1332/1518/1331
f 870/985/872 873/988/871 1333/1519/1332 1334/1520/1333
f 1328/1514/1327 1334/1520/1333 1335/1521/1334 1336/1522/1335
f 1337/1523/1336 1338/1524/1337 1284/1452/1282 1283/1451/1281
f 878/993/878 868/983/868 1332/1518/1331 1339/1525/1338
f 1333/1519/1332 1339/1525/1338 1340/1526/1339 1338/1524/1337
f 1341/1527/1340 934/1053/936 1274/1440/1272 1273/1439/1271
f 666/738/665 1342/1528/1341 1343/1529/1342 667/739/666
f 1344/1530/1343 1345/1531/1344 368/408/365 1346/1532/1345
f 1347/1533/1346 499/552/501 1345/1531/1344 1344/1530/1343
f 1349/1535/1347 657/728/657 665/736/664 1348/1534/1348
f 667/739/666 1351/1537/1349 1350/1536/1350 668/740/667
f 1350/1536/1350 1348/1534/1348 665/736/664 1352/1539/1351
f 1354/1542/1352 1355/1543/1353 669/742/668 1353/1541/1354
f 1356/1544/1355 666/738/665 669/742/668 1355/1543/1353
f 1357/1545/1356 1356/1544/1355 1355/1543/1353 1354/1542/1352
f 1358/1546/1357 1359/1547/1358 501/554/499 1342/1528/1341
f 1360/1548/1359 374/414/376 1359/1547/1358 1358/1546/1357
f 670/743/669 1361/1549/1360 1362/1550/1361 671/744/670
f 382/422/383 381/421/382 1363/1551/1362 674/748/673
f 1365/1553/1363 670/743/669 673/747/672 1364/1552/1364
f 1366/1554/1365 1367/1555/1366 376/416/374 1361/1549/1360
f 1369/1558/1367 1364/1552/1364 673/747/672 1368/1556/1368
f 1370/1559/1369 1365/1553/1363 1364/1552/1364 1369/1558/1367
f 1371/1560/1370 487/540/489 1367/1555/1366 1366/1554/1365
f 1373/1562/1371 605/674/603 604/673/606 1372/1561/1372
f 389/429/390 1374/1563/1373 681/757/680 390/430/391
f 1375/1564/1374 701/783/700 700/782/699 754/843/753
f 1376/1565/1375 1377/1566/1376 697/777/696 696/776/695
f 1378/1567/1377 1379/1568/1378 693/772/692 692/771/691
f 1380/1569/1379 1381/1570/1380 689/767/688 688/766/687
f 1382/1571/1381 1383/1572/1382 601/670/600 600/669/599
f 678/753/677 1386/1575/1383 1384/1573/1384 1385/1574/1385
f 1387/1576/1386 1386/1575/1383 678/753/677 677/752/676
f 1388/1577/1387 475/528/477 1389/1578/1388 1390/1579/1389
f 1390/1579/1389 1389/1578/1388 605/674/603 1387/1576/1386
f 1393/1582/1390 1391/1580/1391 1392/1581/1392 685/762/684
f 1393/1582/1390 685/762/684 684/761/683 1394/1583/1393
f 1396/1585/1394 601/670/600 1394/1583/1393 1395/1584/1395
f 1397/1586/1396 533/588/535 1396/1585/1394 1395/1584/1395
f 1399/1588/1397 535/590/533 1380/1569/1379 1398/1587/1398
f 1400/1589/1399 455/508/457 1399/1588/1397 1398/1587/1398
f 1401/1590/1400 1402/1591/1401 457/510/455 1378/1567/1377
f 1403/1592/1402 530/585/531 1402/1591/1401 1401/1590/1400
f 397/437/397 1376/1565/1375 1404/1593/1403 398/438/398
f 398/438/398 1404/1593/1403 1375/1564/1374 399/439/399
f 657/728/657 1346/1532/1345 1405/1594/1404 658/729/658
f 1406/1595/1405 1407/1596/1406 509/562/507 1408/1597/1407
f 1409/1598/1408 1410/1599/1409 1407/1596/1406 1406/1595/1405
f 1408/1597/1407 1411/1600/1410 1412/1601/1411 662/733/662
f 1413/1602/1412 1414/1603/1413 352/390/350 1415/1604/1414
f 1416/1605/1415 507/560/509 1414/1603/1413 1413/1602/1412
f 573/641/570 1415/1604/1414 1417/1606/1416 574/642/571
f 1418/1607/1417 350/388/352 1419/1608/1418 1420/1609/1419
f 1420/1609/1419 1419/1608/1418 552/610/551 1421/1610/1420
f 1421/1610/1420 1422/1611/1421 571/639/575 570/638/574
f 550/608/552 465/518/463 1424/1613/1422 1423/1612/1423
f 1422/1611/1421 551/609/550 550/608/552 1423/1612/1423
f 565/630/566 1424/1613/1422 1425/1614/1424 566/632/567
f 1426/1615/1425 463/516/465 462/515/464 1427/1616/1426
f 1425/1614/1424 464/517/462 463/516/465 1426/1615/1425
f 561/624/562 1427/1616/1426 1428/1617/1427 562/626/563
f 1429/1618/1428 518/573/519 517/572/518 585/653/585
f 1428/1617/1427 519/574/517 518/573/519 1429/1618/1428
f 586/654/586 517/572/518 1430/1619/1429 1431/1620/1430
f 1432/1621/1431 1431/1620/1430 1433/1622/1432 1434/1623/1433
f 1434/1623/1433 1433/1622/1432 612/681/612 611/680/611
f 613/682/613 612/681/612 1435/1624/1434 1436/1625/1435
f 1437/1626/1436 1436/1625/1435 1435/1624/1434 1438/1627/1437
f 614/683/614 613/682/613 1436/1625/1435 1437/1626/1436
f 1439/1628/1438 1435/1624/1434 1114/1255/1112 1113/1254/1111
f 1442/1633/1439 1438/1627/1437 1440/1629/1440 1441/1631/1441
f 1440/1629/1440 1439/1628/1438 1113/1254/1111 1112/1253/1110
f 1445/1636/1442 1114/1255/1112 1443/1634/1443 1444/1635/1444
f 1448/1640/1445 1449/1642/1446 1446/1637/1447 1447/1639/1448
f 1061/1193/1062 1111/1252/1113 1449/1642/1446 1448/1640/1445
f 1452/1646/1449 1450/1643/1450 1451/1644/1451 1072/1209/1069
f 1451/1644/1451 1033/1163/1033 985/1113/985 1453/1647/1452
f 1091/1231/1092 1032/1162/1032 1034/1164/1031 1450/1643/1450
f 1456/1651/1453 1454/1648/1454 1455/1649/1455 1076/1216/1073
f 1455/1649/1455 987/1115/987 986/1114/986 1457/1652/1456
f 1453/1647/1452 985/1113/985 988/1116/984 1454/1648/1454
f 1081/1221/1076 1458/1653/1457 1459/1654/1458 1082/1222/1077
f 1459/1654/1458 1059/1190/1059 882/997/882 1460/1655/1459
f 1457/1652/1456 986/1114/986 1060/1191/1058 1458/1653/1457
f 1078/1218/1079 1461/1656/1460 1462/1657/1461 1079/1219/1080
f 1462/1657/1461 884/999/884 883/998/883 1463/1658/1462
f 1460/1655/1459 882/997/882 885/1000/881 1461/1656/1460
f 1466/1661/1463 1467/1662/1464 1464/1659/1465 1465/1660/1466
f 1463/1658/1462 883/998/883 1469/1664/1467 1468/1663/1468
f 1465/1660/1466 1023/1151/1023 894/1010/894 1470/1665/1469
f 1473/1668/1470 1471/1666/1471 1472/1667/1472 1143/1287/1141
f 1471/1666/1471 1470/1665/1469 894/1010/894 897/1013/893
f 1472/1667/1472 896/1012/896 895/1011/895 1474/1669/1473
f 1477/1672/1474 1475/1670/1475 1476/1671/1476 1147/1292/1145
f 1474/1669/1473 895/1011/895 1479/1674/1477 1478/1673/1478
f 1476/1671/1476 1018/1146/1018 1017/1145/1017 1480/1675/1479
f 1483/1678/1480 1481/1676/1481 1482/1677/1482 1151/1297/1149
f 1480/1675/1479 1017/1145/1017 1485/1680/1483 1484/1679/1484
f 1482/1677/1482 904/1020/904 903/1019/903 1486/1681/1485
f 1489/1684/1486 1487/1682/1487 1488/1683/1488 1155/1302/1153
f 1488/1683/1488 1006/1134/1006 1005/1133/1005 1490/1685/1489
f 1486/1681/1485 903/1019/903 1007/1135/1004 1487/1682/1487
f 1493/1688/1490 1491/1686/1491 1492/1687/1492 1159/1307/1157
f 1492/1687/1492 912/1028/912 911/1027/911 1494/1689/1493
f 1490/1685/1489 1005/1133/1005 1496/1691/1494 1495/1690/1495
f 1499/1694/1496 1497/1692/1497 1498/1693/1498 1163/1312/1161
f 1494/1689/1493 911/1027/911 1501/1696/1499 1500/1695/1500
f 1498/1693/1498 999/1127/999 998/1126/998 1502/1697/1501
f 1160/1308/1162 1502/1697/1501 1503/1698/1502 1504/1699/1503
f 1167/1317/1165 1507/1702/1504 1505/1700/1505 1506/1701/1506
f 919/1035/918 1508/1703/1507 1506/1701/1506 920/1036/919
f 1511/1706/1508 1509/1704/1509 1510/1705/1510 1171/1322/1169
f 1512/1707/1511 1508/1703/1507 919/1035/918 1513/1708/1512
f 1510/1705/1510 1047/1177/1047 1046/1176/1046 1514/1709/1513
f 1175/1327/1173 1517/1712/1514 1515/1710/1515 1516/1711/1516
f 1516/1711/1516 979/1107/979 978/1106/978 1518/1713/1517
f 1514/1709/1513 1046/1176/1046 1520/1715/1518 1519/1714/1519
f 1179/1332/1177 1523/1718/1520 1521/1716/1521 1522/1717/1522
f 1518/1713/1517 978/1106/978 1525/1720/1523 1524/1719/1524
f 926/1042/928 1526/1721/1525 1522/1717/1522 1043/1173/1043
f 1528/1723/1526 1183/1339/1181 1529/1724/1527 1527/1722/1528
f 927/1043/925 1231/1393/1230 1528/1723/1526 928/1045/926
f 929/1046/927 1527/1722/1528 1526/1721/1525 926/1042/928
f 664/735/663 663/734/663 653/723/651 665/736/664
f 1530/1725/1529 655/726/656 569/636/565 654/724/652
f 662/733/662 1412/1601/1411 1531/1726/1530 653/723/651
f 1412/1601/1411 1532/1727/1531 1530/1725/1529 1531/1726/1530
f 564/628/561 563/627/564 1533/1728/1532 560/622/557
f 1533/1728/1532 1534/1729/1533 557/617/558 560/622/557
f 563/627/564 562/625/563 1534/1729/1533 1533/1728/1532
f 1535/1731/1534 1536/1733/1535 553/611/554 556/616/553
f 559/621/560 558/619/559 1538/1736/1536 1537/1734/1537
f 1539/1737/1538 1537/1734/1537 1535/1731/1534 556/616/553
f 1541/1739/1539 1542/1740/1540 1442/1632/1439 1540/1738/1541
f 555/615/556 554/613/555 1542/1740/1540 1541/1739/1539
f 556/616/553 555/615/556 1541/1739/1539 1540/1738/1541
f 1543/1742/1542 1441/1630/1441 1064/1196/1061 1063/1195/1060
f 1540/1738/1541 1543/1742/1542 1063/1195/1060 1062/1194/1063
f 1540/1738/1541 1442/1632/1439 1441/1630/1441 1543/1742/1542
f 1545/1744/1543 1448/1641/1445 1447/1638/1448 1544/1743/1544
f 1546/1745/1545 1544/1743/1544 1067/1201/1064 1066/1200/1067
f 1062/1194/1063 1061/1192/1062 1448/1641/1445 1545/1744/1543
f 1066/1200/1067 1065/1198/1066 1452/1645/1449 1547/1746/1546
f 1547/1746/1546 1452/1645/1449 1072/1208/1069 1071/1207/1068
f 1066/1200/1067 1547/1746/1546 1071/1207/1068 1070/1206/1071
f 1548/1747/1547 1456/1650/1453 1076/1215/1073 1075/1214/1072
f 1070/1206/1071 1548/1747/1547 1075/1214/1072 1074/1213/1075
f 1070/1206/1071 1069/1204/1070 1456/1650/1453 1548/1747/1547
f 1137/1280/1136 1549/1748/1548 1466/1661/1463 1550/1749/1549
f 1551/1750/1550 1139/1282/1137 1138/1281/1138 1467/1662/1464
f 1137/1280/1136 1136/1277/1135 1551/1750/1550 1549/1748/1548
f 1142/1286/1140 1552/1751/1551 1473/1668/1470 1143/1287/1141
f 1141/1285/1139 1137/1280/1136 1552/1751/1551 1142/1286/1140
f 1552/1751/1551 1137/1280/1136 1550/1749/1549 1473/1668/1470
f 1553/1752/1552 1554/1753/1553 1555/1754/1554 1477/1672/1474
f 1145/1289/1143 1186/1342/1186 1553/1752/1552 1146/1291/1144
f 1554/1753/1553 1141/1285/1139 1140/1283/1142 1555/1754/1554
f 1556/1755/1555 1557/1756/1556 1558/1757/1557 1483/1678/1480
f 1557/1756/1556 1145/1289/1143 1144/1288/1146 1558/1757/1557
f 1149/1294/1147 1188/1345/1189 1556/1755/1555 1150/1296/1148
f 1559/1758/1558 1149/1294/1147 1148/1293/1150 1489/1684/1486
f 1154/1301/1152 1559/1758/1558 1489/1684/1486 1155/1302/1153
f 1153/1300/1151 1149/1294/1147 1559/1758/1558 1154/1301/1152
f 1560/1759/1559 1561/1760/1560 1562/1761/1561 1499/1694/1496
f 1561/1760/1560 1157/1305/1155 1156/1303/1158 1562/1761/1561
f 1161/1309/1159 1563/1763/1562 1560/1759/1559 1162/1311/1160
f 1564/1764/1563 1565/1765/1564 1566/1766/1565 1493/1688/1490
f 1157/1305/1155 1567/1768/1566 1564/1764/1563 1158/1306/1156
f 1568/1769/1567 1569/1770/1568 1504/1699/1503 1507/1702/1504
f 1569/1770/1568 1161/1309/1159 1160/1308/1162 1504/1699/1503
f 1570/1772/1569 1161/1309/1159 1569/1770/1568 1568/1769/1567
f 1572/1774/1570 1165/1315/1163 1164/1313/1166 1571/1773/1571
f 1573/1775/1572 1572/1774/1570 1571/1773/1571 1511/1706/1508
f 1574/1776/1573 1165/1315/1163 1572/1774/1570 1573/1775/1572
f 1575/1778/1574 1576/1779/1575 1577/1780/1576 1517/1712/1514
f 1576/1779/1575 1169/1319/1167 1168/1318/1170 1577/1780/1576
f 1173/1325/1171 1578/1781/1577 1575/1778/1574 1174/1326/1172
f 1579/1783/1578 1580/1784/1579 1581/1785/1580 1523/1718/1520
f 1580/1784/1579 1173/1325/1171 1172/1323/1174 1581/1785/1580
f 1177/1329/1175 1582/1787/1581 1579/1783/1578 1178/1331/1176
f 1182/1338/1180 1583/1788/1582 1529/1724/1527 1183/1339/1181
f 1583/1788/1582 1177/1329/1175 1176/1328/1178 1529/1724/1527
f 1181/1336/1179 1177/1329/1175 1583/1788/1582 1182/1338/1180
f 383/423/384 382/422/383 676/750/675 1584/1789/1583
f 678/753/677 1385/1574/1385 1585/1790/1584 679/754/678
f 1585/1790/1584 1584/1789/1583 676/750/675 1586/1792/1585
f 1588/1794/1586 677/752/676 680/756/679 1587/1793/1587
f 1590/1797/1588 1587/1793/1587 680/756/679 1589/1796/1589
f 681/757/680 1591/1798/1590 1590/1797/1588 682/758/681
f 391/431/392 390/430/391 683/760/682 1592/1799/1591
f 1594/1802/1592 1592/1799/1591 683/760/682 1593/1801/1593
f 685/762/684 1392/1581/1392 1594/1802/1592 686/763/685
f 1596/1804/1594 684/761/683 687/765/686 1595/1803/1595
f 689/767/688 1598/1806/1596 1597/1805/1597 690/768/689
f 1597/1805/1597 1595/1803/1595 687/765/686 1599/1807/1598
f 1601/1810/1599 688/766/687 691/769/690 1600/1809/1600
f 693/772/692 1603/1812/1601 1602/1811/1602 694/773/693
f 1602/1811/1602 1600/1809/1600 691/769/690 1604/1813/1603
f 1606/1816/1604 692/771/691 695/774/694 1605/1815/1605
f 697/777/696 1608/1818/1606 1607/1817/1607 698/778/697
f 1607/1817/1607 1605/1815/1605 695/774/694 1609/1820/1608
f 1611/1822/1609 696/776/695 699/780/698 1610/1821/1610
f 702/784/701 1610/1821/1610 699/780/698 703/786/702
f 701/783/700 1611/1822/1609 1610/1821/1610 702/784/701
f 1417/1606/1416 351/389/349 350/388/352 1418/1607/1417
f 1363/1551/1362 488/541/486 487/540/489 1371/1560/1370
f 674/748/673 1370/1559/1369 1369/1558/1367 675/749/674
f 675/749/674 1369/1558/1367 1368/1556/1368 676/750/675
f 1613/1824/1611 794/887/793 850/965/850 1612/1823/1612
f 797/890/795 1614/1825/1613 849/964/848 848/963/847
f 847/962/846 848/963/847 844/959/843 423/473/424
f 422/471/423 842/955/842 847/962/846 423/473/424
f 361/401/363 842/956/842 422/472/423 549/607/549
f 380/420/379 482/535/485 830/930/830 841/953/840
f 412/457/411 791/884/790 794/887/793 1613/1824/1611
f 1353/1540/1354 669/741/668 710/794/710 709/793/709
f 1352/1538/1351 665/737/664 705/789/705 707/791/706
f 705/789/705 665/737/664 653/722/651 652/721/654
f 652/721/654 651/720/653 650/719/650 649/718/649
f 349/387/351 615/684/616 578/646/577 552/610/551
f 486/539/488 592/660/593 608/677/607 376/416/374
f 436/489/437 435/488/436 526/581/526 411/456/410
f 487/540/489 486/539/488 376/416/374 1367/1555/1366
f 379/419/378 483/536/482 482/535/485 380/420/379
f 434/487/435 481/534/478 480/533/481 435/488/436
f 362/402/364 361/401/363 549/607/549 548/606/548
f 350/388/352 349/387/351 552/610/551 1419/1608/1418
f 1368/1557/1368 673/746/672 1353/1540/1354 709/793/709
f 1615/1826/1614 1612/1823/1612 850/965/850 1616/1827/1615
f 1363/1551/1362 1371/1560/1370 1370/1559/1369 674/748/673
f 574/642/571 1417/1606/1416 1418/1607/1417 575/643/572
f 694/773/693 1602/1811/1602 1604/1813/1603 695/774/694
f 1603/1812/1601 1601/1810/1599 1600/1809/1600 1602/1811/1602
f 690/768/689 1597/1805/1597 1599/1807/1598 691/769/690
f 1598/1806/1596 1596/1804/1594 1595/1803/1595 1597/1805/1597
f 1578/1781/1577 1169/1319/1167 1576/1779/1575 1575/1778/1574
f 1174/1326/1172 1575/1778/1574 1517/1712/1514 1175/1327/1173
f 1169/1319/1167 1574/1776/1573 1573/1775/1572 1170/1321/1168
f 1170/1321/1168 1573/1775/1572 1511/1706/1508 1171/1322/1169
f 1188/1345/1189 1145/1289/1143 1557/1756/1556 1556/1755/1555
f 1150/1296/1148 1556/1755/1555 1483/1678/1480 1151/1297/1149
f 1527/1722/1528 1529/1724/1527 1176/1328/1178 1526/1721/1525
f 1231/1393/1230 1180/1334/1182 1183/1339/1181 1528/1723/1526
f 928/1045/926 1528/1723/1526 1527/1722/1528 929/1046/927
f 1176/1328/1178 1179/1332/1177 1522/1717/1522 1526/1721/1525
f 1172/1323/1174 1518/1713/1517 1524/1719/1524 1581/1785/1580
f 1521/1716/1521 1044/1174/1041 1043/1173/1043 1522/1717/1522
f 1577/1780/1576 1168/1318/1170 1514/1709/1513 1519/1714/1519
f 1175/1327/1173 1516/1711/1516 1518/1713/1517 1172/1323/1174
f 1517/1712/1514 1577/1780/1576 1519/1714/1519 1515/1710/1515
f 1519/1714/1519 1520/1715/1518 980/1108/976 1515/1710/1515
f 1515/1710/1515 980/1108/976 979/1107/979 1516/1711/1516
f 1171/1322/1169 1510/1705/1510 1514/1709/1513 1168/1318/1170
f 1571/1773/1571 1164/1313/1166 1508/1703/1507 1512/1707/1511
f 1511/1706/1508 1571/1773/1571 1512/1707/1511 1509/1704/1509
f 1512/1707/1511 1513/1708/1512 1048/1178/1044 1509/1704/1509
f 1509/1704/1509 1048/1178/1044 1047/1177/1047 1510/1705/1510
f 1508/1703/1507 1164/1313/1166 1167/1317/1165 1506/1701/1506
f 1505/1700/1505 921/1037/920 920/1036/919 1506/1701/1506
f 1502/1697/1501 998/1126/998 1617/1828/1616 1503/1698/1502
f 1160/1308/1162 1163/1312/1161 1498/1693/1498 1502/1697/1501
f 1156/1303/1158 1494/1689/1493 1500/1695/1500 1562/1761/1561
f 1497/1692/1497 1000/1128/996 999/1127/999 1498/1693/1498
f 1152/1298/1154 1490/1685/1489 1495/1690/1495 1566/1766/1565
f 1156/1303/1158 1159/1307/1157 1492/1687/1492 1494/1689/1493
f 1491/1686/1491 913/1029/909 912/1028/912 1492/1687/1492
f 1148/1293/1150 1486/1681/1485 1487/1682/1487 1489/1684/1486
f 1155/1302/1153 1488/1683/1488 1490/1685/1489 1152/1298/1154
f 1487/1682/1487 1007/1135/1004 1006/1134/1006 1488/1683/1488
f 1148/1293/1150 1151/1297/1149 1482/1677/1482 1486/1681/1485
f 1144/1288/1146 1480/1675/1479 1484/1679/1484 1558/1757/1557
f 1558/1757/1557 1484/1679/1484 1481/1676/1481 1483/1678/1480
f 1484/1679/1484 1485/1680/1483 905/1021/901 1481/1676/1481
f 1481/1676/1481 905/1021/901 904/1020/904 1482/1677/1482
f 1147/1292/1145 1476/1671/1476 1480/1675/1479 1144/1288/1146
f 1140/1283/1142 1474/1669/1473 1478/1673/1478 1555/1754/1554
f 1475/1670/1475 1019/1147/1015 1018/1146/1018 1476/1671/1476
f 1143/1287/1141 1472/1667/1472 1474/1669/1473 1140/1283/1142
f 1473/1668/1470 1550/1749/1549 1470/1665/1469 1471/1666/1471
f 1471/1666/1471 897/1013/893 896/1012/896 1472/1667/1472
f 1550/1749/1549 1466/1661/1463 1465/1660/1466 1470/1665/1469
f 1138/1281/1138 1080/1220/1081 1463/1658/1462 1468/1663/1468
f 1464/1659/1465 1024/1152/1021 1023/1151/1023 1465/1660/1466
f 1077/1217/1078 1460/1655/1459 1461/1656/1460 1078/1218/1079
f 1079/1219/1080 1462/1657/1461 1463/1658/1462 1080/1220/1081
f 1461/1656/1460 885/1000/881 884/999/884 1462/1657/1461
f 1081/1221/1076 1073/1211/1074 1457/1652/1456 1458/1653/1457
f 1077/1217/1078 1082/1222/1077 1459/1654/1458 1460/1655/1459
f 1458/1653/1457 1060/1191/1058 1059/1190/1059 1459/1654/1458
f 1069/1205/1070 1453/1647/1452 1454/1648/1454 1456/1651/1453
f 1076/1216/1073 1455/1649/1455 1457/1652/1456 1073/1211/1074
f 1454/1648/1454 988/1116/984 987/1115/987 1455/1649/1455
f 1065/1199/1066 1091/1231/1092 1450/1643/1450 1452/1646/1449
f 1072/1209/1069 1451/1644/1451 1453/1647/1452 1069/1205/1070
f 1450/1643/1450 1034/1164/1031 1033/1163/1033 1451/1644/1451
f 1111/1252/1113 1114/1255/1112 1445/1636/1442 1449/1642/1446
f 1449/1642/1446 1445/1636/1442 1444/1635/1444 1446/1637/1447
f 1441/1631/1441 1440/1629/1440 1112/1253/1110 1064/1197/1061
f 1438/1627/1437 1435/1624/1434 1439/1628/1438 1440/1629/1440
f 554/614/555 614/683/614 1437/1626/1436 1542/1741/1540
f 1542/1741/1540 1437/1626/1436 1438/1627/1437 1442/1633/1439
f 1536/1732/1535 1434/1623/1433 611/680/611 553/612/554
f 1538/1735/1536 1432/1621/1431 1434/1623/1433 1536/1732/1535
f 562/626/563 1428/1617/1427 1429/1618/1428 1534/1730/1533
f 1429/1618/1428 585/653/585 557/618/558 1534/1730/1533
f 1427/1616/1426 462/515/464 519/574/517 1428/1617/1427
f 566/632/567 1425/1614/1424 1426/1615/1425 567/634/568
f 567/634/568 1426/1615/1425 1427/1616/1426 561/624/562
f 465/518/463 464/517/462 1425/1614/1424 1424/1613/1422
f 571/639/575 1422/1611/1421 1423/1612/1423 572/640/576
f 572/640/576 1423/1612/1423 1424/1613/1422 565/630/566
f 1421/1610/1420 552/610/551 551/609/550 1422/1611/1421
f 576/644/573 1420/1609/1419 1421/1610/1420 570/638/574
f 575/643/572 1418/1607/1417 1420/1609/1419 576/644/573
f 1415/1604/1414 352/390/350 351/389/349 1417/1606/1416
f 1416/1605/1415 1413/1602/1412 656/727/655 1532/1727/1531
f 1413/1602/1412 1415/1604/1414 573/641/570 656/727/655
f 1408/1597/1407 509/562/507 508/561/506 1411/1600/1410
f 1409/1598/1408 1406/1595/1405 661/732/661 660/731/660
f 1406/1595/1405 1408/1597/1407 662/733/662 661/732/661
f 1346/1532/1345 368/408/365 367/407/368 1405/1594/1404
f 1404/1593/1403 1611/1822/1609 701/783/700 1375/1564/1374
f 1404/1593/1403 1376/1565/1375 696/776/695 1611/1822/1609
f 1403/1592/1402 1401/1590/1400 1606/1816/1604 1608/1818/1606
f 1401/1590/1400 1378/1567/1377 692/771/691 1606/1816/1604
f 1603/1812/1601 1400/1589/1399 1398/1587/1398 1601/1810/1599
f 1379/1568/1378 1400/1589/1399 1603/1812/1601 693/772/692
f 1379/1568/1378 456/509/454 455/508/457 1400/1589/1399
f 1398/1587/1398 1380/1569/1379 688/766/687 1601/1810/1599
f 1598/1806/1596 1397/1586/1396 1395/1584/1395 1596/1804/1594
f 1381/1570/1380 1397/1586/1396 1598/1806/1596 689/767/688
f 1381/1570/1380 534/589/532 533/588/535 1397/1586/1396
f 1395/1584/1395 1394/1583/1393 684/761/683 1596/1804/1594
f 1383/1572/1382 1393/1582/1390 1394/1583/1393 601/670/600
f 1393/1582/1390 1383/1572/1382 1382/1571/1381 1391/1580/1391
f 1390/1579/1389 1387/1576/1386 677/752/676 1588/1794/1586
f 1591/1798/1590 1388/1577/1387 1390/1579/1389 1588/1794/1586
f 1387/1576/1386 605/674/603 1373/1562/1371 1386/1575/1383
f 1386/1575/1383 1373/1562/1371 1372/1561/1372 1384/1573/1384
f 535/590/533 534/589/532 1381/1570/1380 1380/1569/1379
f 1378/1567/1377 457/510/455 456/509/454 1379/1568/1378
f 397/437/397 531/586/529 1377/1566/1376 1376/1565/1375
f 399/439/399 1375/1564/1374 754/843/753 400/440/400
f 389/429/390 477/530/475 476/529/474 1374/1563/1373
f 1371/1560/1370 1366/1554/1365 1365/1553/1363 1370/1559/1369
f 1365/1553/1363 1366/1554/1365 1361/1549/1360 670/743/669
f 381/421/382 489/542/487 488/541/486 1363/1551/1362
f 1361/1549/1360 376/416/374 375/415/373 1362/1550/1361
f 1357/1545/1356 1360/1548/1359 1358/1546/1357 1356/1544/1355
f 671/744/670 1362/1550/1361 1360/1548/1359 1357/1545/1356
f 1362/1550/1361 375/415/373 374/414/376 1360/1548/1359
f 1356/1544/1355 1358/1546/1357 1342/1528/1341 666/738/665
f 671/744/670 1357/1545/1356 1354/1542/1352 672/745/671
f 672/745/671 1354/1542/1352 1353/1541/1354 673/747/672
f 1351/1537/1349 1347/1533/1346 1344/1530/1343 1349/1535/1347
f 1344/1530/1343 1346/1532/1345 657/728/657 1349/1535/1347
f 1342/1528/1341 501/554/499 500/553/498 1343/1529/1342
f 1332/1518/1331 935/1056/933 934/1053/936 1341/1527/1340
f 1338/1524/1337 1340/1526/1339 1297/1465/1295 1284/1452/1282
f 1291/1459/1289 1337/1523/1336 1283/1451/1281 1292/1460/1290
f 1618/1829/1617 1337/1523/1336 1291/1459/1289 1288/1456/1286
f 1618/1829/1617 1333/1519/1332 1338/1524/1337 1337/1523/1336
f 1336/1522/1335 1335/1521/1334 1287/1455/1285 1263/1429/1261
f 1331/1517/1330 1330/1516/1329 1262/1428/1260 1280/1448/1278
f 1320/1506/1319 1325/1511/1324 1279/1447/1277 1266/1432/1265
f 1316/1502/1315 1320/1506/1319 1319/1505/1318 1619/1830/1618
f 1013/1141/1013 1243/1407/1240 1242/1405/1243 906/1022/905
f 1299/1468/1298 1307/1484/1306 973/1101/972 1050/1180/1049
f 1311/1493/1310 1298/1466/1297 1049/1179/1048 923/1039/923
f 941/1062/940 940/1061/939 961/1089/959 1294/1462/1293
f 1288/1456/1286 1291/1459/1289 1290/1458/1292 1289/1457/1287
f 1292/1460/1290 1283/1451/1281 1282/1450/1284 1293/1461/1291
f 1246/1411/1245 1252/1418/1251 970/1098/968 1055/1185/1053
f 1255/1421/1254 1245/1410/1244 1054/1184/1052 965/1093/963
f 1242/1406/1243 1241/1404/1242 960/1088/958 1303/1477/1302
f 937/1058/935 1239/1402/1238 1259/1425/1258 1277/1445/1275
f 1233/1396/1233 1226/1385/1225 1229/1390/1226 1232/1395/1231
f 1229/1390/1226 1228/1388/1229 1231/1394/1230 927/1044/925
f 1228/1389/1229 1227/1387/1228 1177/1330/1175 1181/1337/1179
f 1226/1386/1225 1225/1384/1224 1230/1392/1227 1229/1391/1226
f 1223/1381/1222 1620/1831/1619 1217/1375/1215 1216/1374/1214
f 1219/1377/1221 1222/1380/1220 1173/1324/1171 1582/1786/1581
f 1215/1373/1217 1218/1376/1216 1169/1320/1167 1578/1782/1577
f 1222/1380/1220 1215/1373/1217 1578/1782/1577 1173/1324/1171
f 1221/1379/1219 1216/1374/1214 1215/1373/1217 1222/1380/1220
f 1117/1258/1116 1116/1257/1115 1213/1371/1213 1620/1831/1619
f 1209/1367/1211 1212/1370/1210 1165/1314/1163 1574/1777/1573
f 1218/1376/1216 1209/1367/1211 1574/1777/1573 1169/1320/1167
f 1217/1375/1215 1210/1368/1208 1209/1367/1211 1218/1376/1216
f 1203/1361/1205 1206/1364/1204 1161/1310/1159 1570/1771/1569
f 1197/1355/1199 1200/1358/1198 1157/1304/1155 1563/1762/1562
f 1193/1351/1193 1189/1347/1187 1153/1299/1151 1567/1767/1566
f 1189/1347/1187 1188/1346/1189 1149/1295/1147 1153/1299/1151
f 618/687/619 643/712/644 1129/1270/1128 1116/1257/1115
f 1064/1197/1061 1112/1253/1110 1111/1252/1113 1061/1193/1062
f 1017/1145/1017 1097/1237/1096 1109/1250/1108 902/1018/902
f 1086/1226/1085 1102/1242/1101 977/1105/977 1046/1176/1046
f 1065/1199/1066 1068/1203/1065 1092/1232/1090 1091/1231/1092
f 1106/1247/1105 1085/1225/1084 1045/1175/1045 919/1035/918
f 965/1093/963 1054/1184/1052 1053/1183/1055 966/1094/964
f 923/1039/923 1049/1179/1048 1052/1182/1051 924/1040/924
f 1513/1708/1512 919/1035/918 1045/1175/1045 1048/1178/1044
f 1520/1715/1518 1046/1176/1046 977/1105/977 980/1108/976
f 1050/1180/1049 973/1101/972 976/1104/975 1051/1181/1050
f 1055/1185/1053 970/1098/968 969/1097/971 1056/1186/1054
f 1009/1137/1008 938/1059/937 941/1062/940 1010/1138/1009
f 934/1054/936 937/1058/935 1277/1445/1275 1274/1441/1272
f 1013/1141/1013 906/1022/905 909/1025/908 1014/1142/1014
f 1485/1680/1483 1017/1145/1017 902/1018/902 905/1021/901
f 881/996/880 405/448/405 408/453/408 869/984/867
f 811/906/810 824/919/823 880/995/879 877/992/875
f 876/991/876 877/992/875 872/987/870 1621/1832/1620
f 815/910/814 820/915/819 876/991/876 1621/1832/1620
f 819/914/818 812/907/811 876/991/876 820/915/819
f 789/882/788 816/911/815 874/989/874 875/990/873
f 807/902/806 790/883/789 865/980/865 866/981/864
f 793/886/792 808/903/807 858/973/857 851/966/849
f 850/965/850 851/966/849 846/961/845 1616/1827/1615
f 377/417/380 770/861/766 769/859/769 497/550/495
f 539/594/538 450/503/453 834/938/834 826/922/824
f 396/436/394 536/591/539 825/920/825 838/947/836
f 822/917/821 436/489/437 411/456/410 410/455/409
f 814/909/813 817/912/816 820/915/819 815/910/814
f 818/913/817 809/904/808 812/907/811 819/914/818
f 542/597/542 449/502/449 779/872/778 771/863/770
f 440/493/440 543/598/543 772/864/771 780/873/779
f 841/954/840 437/490/434 767/857/767 770/862/766
f 804/899/803 785/878/783 762/852/761 406/450/406
f 755/845/754 752/839/752 749/835/747 756/846/755
f 400/441/400 754/844/753 753/841/749 752/839/752
f 703/787/702 699/779/698 750/837/750 753/842/749
f 752/840/752 751/838/751 748/834/748 749/836/747
f 740/824/739 739/823/738 1622/1833/1621 745/829/744
f 1609/1819/1608 695/775/694 742/826/741 741/825/740
f 742/826/741 737/821/736 740/824/739 743/827/742
f 695/775/694 1604/1814/1603 737/821/736 742/826/741
f 1604/1814/1603 691/770/690 738/822/737 737/821/736
f 1622/1833/1621 735/819/734 617/686/618 620/689/617
f 738/822/737 731/815/730 734/818/733 739/823/738
f 691/770/690 1599/1808/1598 731/815/730 738/822/737
f 1599/1808/1598 687/764/686 732/816/731 731/815/730
f 1593/1800/1593 683/759/682 726/810/725 725/809/724
f 1589/1795/1589 680/755/679 720/804/719 719/803/718
f 1586/1791/1585 676/751/675 712/796/708 715/799/714
f 676/751/675 1368/1557/1368 709/793/709 712/796/708
f 617/686/618 644/713/641 643/712/644 618/687/619
f 553/612/554 611/680/611 614/683/614 554/614/555
f 373/413/375 607/676/608 591/659/590 501/554/499
f 535/590/533 454/507/456 596/664/597 580/648/579
f 557/618/558 585/653/585 587/655/587 558/620/559
f 601/670/600 532/587/534 579/647/580 602/671/601
f 439/492/439 540/595/540 543/598/543 440/493/440
f 395/435/393 537/592/536 536/591/539 396/436/394
f 533/588/535 532/587/534 601/670/600 1396/1585/1394
f 455/508/457 454/507/456 535/590/533 1399/1588/1397
f 538/593/537 451/504/450 450/503/453 539/594/538
f 541/596/541 446/499/446 449/502/449 542/597/542
f 492/545/491 410/455/409 409/454/412 493/546/492
f 801/896/800 804/899/803 406/450/406 405/449/405
f 392/432/389 1623/1834/1622 477/530/475 389/429/390
f 384/424/381 1624/1835/1623 489/542/487 381/421/382
f 496/549/494 378/418/377 377/417/380 497/550/495
f 374/414/376 373/413/375 501/554/499 1359/1547/1358
f 667/739/666 1343/1529/1342 1347/1533/1346 1351/1537/1349
f 1478/1673/1478 1479/1674/1477 1019/1147/1015 1475/1670/1475
f 669/741/668 1352/1538/1351 707/791/706 710/794/710
f 1614/1825/1613 1615/1826/1614 1616/1827/1615 849/964/848
f 1186/1342/1186 1141/1285/1139 1554/1753/1553 1553/1752/1552
f 1146/1291/1144 1553/1752/1552 1477/1672/1474 1147/1292/1145
f 1555/1754/1554 1478/1673/1478 1475/1670/1475 1477/1672/1474
f 668/740/667 1350/1536/1350 1352/1539/1351 669/742/668
f 1351/1537/1349 1349/1535/1347 1348/1534/1348 1350/1536/1350
f 1343/1529/1342 500/553/498 499/552/501 1347/1533/1346
f 1317/1503/1316 1316/1502/1315 1619/1830/1618 1318/1504/1317
f 967/1095/966 958/1086/957 1317/1503/1316 1315/1501/1314
f 899/1015/899 1058/1189/1057 1251/1416/1250 1012/1140/1012
f 1011/1139/1010 1010/1138/1009 1295/1463/1294 1260/1426/1259
f 1251/1417/1250 1250/1415/1249 1244/1409/1241 1243/1408/1240
f 1196/1354/1194 1192/1350/1191 1187/1344/1185 1190/1348/1188
f 1190/1348/1188 1187/1344/1185 1186/1343/1186 1145/1290/1143
f 630/699/631 627/696/628 1121/1262/1120 1122/1263/1121
f 895/1011/895 1110/1251/1109 1096/1236/1095 1016/1144/1016
f 1479/1674/1477 895/1011/895 1016/1144/1016 1019/1147/1015
f 900/1016/900 899/1015/899 1012/1140/1012 1015/1143/1011
f 1271/1437/1270 1008/1136/1007 1011/1139/1010 955/1083/954
f 445/498/444 430/483/433 958/1086/957 967/1095/966
f 849/964/848 1616/1827/1615 846/961/845 845/960/844
f 844/959/843 845/960/844 431/484/430 444/497/443
f 494/547/496 777/869/775 547/605/544 372/412/370
f 786/879/785 821/916/820 492/545/491 491/544/490
f 769/860/769 768/858/768 776/868/776 777/870/775
f 711/795/711 708/792/707 714/798/713 718/802/717
f 710/794/710 707/791/706 708/792/707 711/795/711
f 629/698/630 628/697/627 627/696/628 630/699/631
f 498/551/500 590/658/591 610/679/609 368/408/365
f 499/552/501 498/551/500 368/408/365 1345/1531/1344
f 495/548/497 494/547/496 372/412/370 371/411/369
f 428/481/427 491/544/490 490/543/493 796/889/794
f 444/497/443 431/484/430 430/483/433 445/498/444
f 658/729/658 1405/1594/1404 1625/1836/1624 659/730/659
f 367/407/368 366/406/367 1625/1836/1624 1405/1594/1404
f 369/409/371 546/603/547 545/600/546 1626/1837/1625
f 365/405/366 609/678/610 1627/1838/1626 1628/1839/1627
f 370/410/372 369/409/371 1626/1837/1625 1629/1840/1628
f 366/406/367 365/405/366 1628/1839/1627 1410/1599/1409
f 1410/1599/1409 1628/1839/1627 509/562/507 1407/1596/1406
f 1629/1840/1628 1626/1837/1625 505/558/503 504/557/502
f 1628/1839/1627 1627/1838/1626 589/657/588 509/562/507
f 1626/1837/1625 545/600/546 426/478/429 505/558/503
f 796/889/794 490/543/493 1614/1825/1613 797/890/795
f 768/858/768 821/916/820 786/879/785 776/868/776
f 1270/1436/1269 1318/1504/1317 1008/1136/1007 1271/1437/1270
f 1250/1415/1249 1260/1426/1259 1295/1463/1294 1244/1409/1241
f 493/546/492 409/454/412 1612/1823/1612 1615/1826/1614
f 826/923/824 834/939/834 446/499/446 541/596/541
f 838/948/836 825/921/825 540/595/540 439/492/439
f 767/857/767 437/490/434 436/489/437 822/917/821
f 771/863/770 779/872/778 809/904/808 818/913/817
f 780/873/779 772/864/771 817/912/816 814/909/813
f 1619/1830/1618 1319/1505/1318 938/1059/937 1009/1137/1008
f 1056/1186/1054 969/1097/971 1307/1485/1306 1299/1469/1298
f 966/1094/964 1053/1183/1055 1298/1467/1297 1311/1494/1310
f 1294/1462/1293 961/1089/959 960/1088/958 1241/1404/1242
f 1293/1461/1291 1282/1450/1284 1252/1418/1251 1246/1411/1245
f 1289/1457/1287 1290/1458/1292 1245/1410/1244 1255/1421/1254
f 1625/1836/1624 1409/1598/1408 660/731/660 659/730/659
f 1411/1600/1410 1416/1605/1415 1532/1727/1531 1412/1601/1411
f 1468/1663/1468 1469/1664/1467 1024/1152/1021 1464/1659/1465
f 830/931/830 831/932/829 481/534/478 434/487/435
f 651/720/653 568/635/569 564/628/561 650/719/650
f 411/456/410 526/581/526 791/884/790 412/457/411
f 1136/1277/1135 1074/1212/1075 1139/1282/1137 1551/1750/1550
f 1549/1748/1548 1551/1750/1550 1467/1662/1464 1466/1661/1463
f 1532/1727/1531 656/727/655 655/726/656 1530/1725/1529
f 1531/1726/1530 1530/1725/1529 654/724/652 653/723/651
f 1138/1281/1138 1468/1663/1468 1464/1659/1465 1467/1662/1464
f 1411/1600/1410 508/561/506 507/560/509 1416/1605/1415
f 366/406/367 1410/1599/1409 1409/1598/1408 1625/1836/1624
f 1269/1435/1268 1268/1434/1267 1302/1474/1301 1314/1499/1313
f 891/1007/891 1314/1500/1313 1302/1475/1301 1020/1148/1020
f 948/1071/946 1235/1398/1236 931/1049/929 1309/1489/1308
f 1275/1442/1273 1276/1444/1276 944/1067/942 943/1065/941
f 1296/1464/1296 1272/1438/1274 1240/1403/1239 1257/1423/1256
f 1290/1458/1292 1293/1461/1291 1246/1411/1245 1245/1410/1244
f 1286/1454/1288 1289/1457/1287 1255/1421/1254 1254/1420/1253
f 1282/1450/1284 1285/1453/1283 1253/1419/1252 1252/1418/1251
f 1278/1446/1280 1281/1449/1279 1248/1413/1247 1247/1412/1246
f 1276/1444/1276 1258/1424/1257 1256/1422/1255 944/1067/942
f 1272/1438/1274 1275/1443/1273 943/1066/941 1240/1403/1239
f 954/1082/953 1268/1434/1267 1271/1437/1270 955/1083/954
f 939/1060/938 1267/1433/1266 1039/1169/1038 940/1061/939
f 1261/1427/1263 1264/1430/1262 1027/1156/1026 1026/1155/1025
f 1256/1422/1255 1258/1424/1257 1237/1400/1235 1236/1399/1234
f 1057/1187/1056 956/1084/955 1260/1426/1259 1250/1415/1249
f 1295/1463/1294 1294/1462/1293 1241/1404/1242 1244/1409/1241
f 1237/1400/1235 932/1050/930 931/1049/929 1235/1398/1236
f 1134/1275/1133 1070/1206/1071 1074/1213/1075 1136/1278/1135
f 1131/1272/1131 1066/1200/1067 1070/1206/1071 1134/1275/1133
f 1130/1271/1130 1546/1745/1545 1066/1200/1067 1131/1272/1131
f 622/691/623 1540/1738/1541 1062/1194/1063 1118/1259/1117
f 883/998/883 1115/1256/1114 1094/1234/1093 1022/1150/1022
f 1053/1183/1055 1056/1186/1054 1299/1469/1298 1298/1467/1297
f 1037/1167/1037 946/1069/947 1301/1473/1300 1300/1470/1299
f 1469/1664/1467 883/998/883 1022/1150/1022 1024/1152/1021
f 892/1008/892 891/1007/891 1020/1148/1020 1021/1149/1019
f 1318/1504/1317 1619/1830/1618 1009/1137/1008 1008/1136/1007
f 959/1087/961 1001/1129/1001 1312/1495/1311 1304/1478/1303
f 989/1117/991 992/1120/990 1306/1482/1305 1305/1480/1304
f 1307/1485/1306 969/1097/971 972/1100/970 1308/1486/1307
f 963/1091/965 966/1094/964 1311/1494/1310 1310/1491/1309
f 1303/1477/1302 960/1088/958 959/1087/961 1304/1478/1303
f 1301/1473/1300 946/1069/947 948/1072/946 1309/1490/1308
f 1319/1505/1318 1265/1431/1264 939/1060/938 938/1059/937
f 843/957/841 829/928/828 795/888/797 798/891/796
f 502/555/504 829/929/828 843/958/841 364/404/362
f 836/943/835 404/447/404 759/849/758 420/468/420
f 418/465/418 417/464/417 803/898/802 800/893/799
f 783/876/782 766/856/765 799/892/798 823/918/822
f 772/864/771 771/863/770 818/913/817 817/912/816
f 781/874/780 780/873/779 814/909/813 813/908/812
f 779/872/778 778/871/777 810/905/809 809/904/808
f 775/867/774 774/866/773 806/901/805 805/900/804
f 417/464/417 782/875/781 784/877/784 803/898/802
f 766/856/765 418/466/418 800/894/799 799/892/798
f 428/481/427 796/889/794 795/888/797 429/482/428
f 526/581/526 525/580/525 792/885/791 791/884/790
f 512/566/512 511/565/511 788/881/787 787/880/786
f 761/851/760 760/850/759 784/877/784 782/875/781
f 776/868/776 786/879/785 427/480/426 544/599/545
f 768/858/768 767/857/767 822/917/821 821/916/820
f 759/849/758 404/447/404 403/444/403 760/850/759
f 654/725/652 569/637/565 568/635/569 651/720/653
f 650/719/650 564/628/561 560/622/557 648/717/646
f 648/717/646 560/622/557 1539/1737/1538 645/714/647
f 621/690/622 556/616/553 1540/1738/1541 622/691/623
f 506/559/508 588/656/589 616/685/615 352/390/350
f 544/599/545 427/480/426 426/479/429 545/601/546
f 825/921/825 826/923/824 541/596/541 540/595/540
f 827/924/827 828/927/826 419/467/419 523/578/523
f 507/560/509 506/559/508 352/390/350 1414/1603/1413
f 503/556/505 502/555/504 364/404/362 363/403/361
f 490/543/493 493/546/492 1615/1826/1614 1614/1825/1613
f 831/932/829 839/949/839 478/531/479 481/534/478
f 832/934/832 833/936/831 467/520/467 466/519/466
f 834/939/834 835/940/833 447/500/447 446/499/446
f 837/945/837 838/948/836 439/492/439 438/491/438
f 841/954/840 830/931/830 434/487/435 437/490/434
f 836/944/835 420/469/420 419/467/419 828/927/826
f 409/454/412 412/457/411 1613/1824/1611 1612/1823/1612
f 839/949/839 840/951/838 1630/1841/1629 478/531/479
f 525/580/525 775/867/774 805/900/804 792/885/791
f 1001/1129/1001 1631/1842/1630 1313/1497/1312 1312/1495/1311
f 1267/1433/1266 1278/1446/1280 1247/1412/1246 1039/1169/1038
f 680/755/679 1586/1791/1585 715/799/714 720/804/719
f 808/903/807 807/902/806 866/981/864 858/973/857
f 1200/1358/1198 1193/1351/1193 1567/1767/1566 1157/1304/1155
f 1325/1511/1324 1331/1517/1330 1280/1448/1278 1279/1447/1277
f 1384/1573/1384 1372/1561/1372 1624/1835/1623 384/424/381
f 1495/1690/1495 1496/1691/1494 913/1029/909 1491/1686/1491
f 679/754/678 1585/1790/1584 1586/1792/1585 680/756/679
f 1385/1574/1385 383/423/384 1584/1789/1583 1585/1790/1584
f 1567/1768/1566 1153/1300/1151 1152/1298/1154 1566/1766/1565 1565/1765/1564 1564/1764/1563
f 1158/1306/1156 1564/1764/1563 1493/1688/1490 1159/1307/1157
f 1566/1766/1565 1495/1690/1495 1491/1686/1491 1493/1688/1490
f 1384/1573/1384 384/424/381 383/423/384 1385/1574/1385
f 1372/1561/1372 604/673/606 489/542/487 1624/1835/1623
f 1324/1510/1323 1323/1509/1322 1331/1517/1330 1325/1511/1324
f 957/1085/956 1322/1508/1321 1324/1510/1323 1316/1502/1315
f 433/486/432 852/967/854 1322/1508/1321 957/1085/956
f 1304/1479/1303 1312/1496/1311 914/1030/913 1003/1131/1002
f 1266/1432/1265 1279/1447/1277 1278/1446/1280 1267/1433/1266
f 1039/1169/1038 1247/1412/1246 1002/1130/1000 962/1090/960
f 1125/1266/1124 1124/1265/1123 1195/1353/1195 1202/1360/1200
f 1199/1357/1197 1194/1352/1192 1193/1351/1193 1200/1358/1198
f 634/703/635 631/700/632 1123/1264/1122 1124/1265/1123
f 1005/1133/1005 1099/1239/1098 1107/1248/1106 910/1026/910
f 1002/1130/1000 1249/1414/1248 1631/1842/1630 1001/1129/1001
f 1003/1131/1002 914/1030/913 917/1033/916 1004/1132/1003
f 1496/1691/1494 1005/1133/1005 910/1026/910 913/1029/909
f 858/973/857 866/981/864 857/972/856 856/971/855
f 846/961/845 856/971/855 853/968/851 432/485/431
f 432/485/431 853/968/851 852/967/854 433/486/432
f 485/538/484 385/425/388 839/950/839 831/933/829
f 792/885/791 805/900/804 808/903/807 793/886/792
f 480/533/481 479/532/480 775/867/774 525/580/525
f 724/808/723 717/801/716 633/702/634 636/705/633
f 720/804/719 715/799/714 716/800/715 721/805/720
f 633/702/634 632/701/629 631/700/632 634/703/635
f 604/673/606 603/672/605 593/661/592 489/542/487
f 478/531/479 1630/1841/1629 773/865/772 479/532/480
f 484/537/483 386/426/385 385/425/388 485/538/484
f 840/951/838 832/934/832 466/519/466 1630/1841/1629
f 774/866/773 512/566/512 787/880/786 806/901/805
f 1631/1842/1630 989/1117/991 1305/1480/1304 1313/1497/1312
f 1281/1449/1279 1261/1427/1263 1026/1155/1025 1248/1413/1247
f 683/759/682 1589/1795/1589 719/803/718 726/810/725
f 790/883/789 789/882/788 875/990/873 865/980/865
f 1206/1364/1204 1197/1355/1199 1563/1762/1562 1161/1310/1159
f 1330/1516/1329 1336/1522/1335 1263/1429/1261 1262/1428/1260
f 681/757/680 1374/1563/1373 1388/1577/1387 1591/1798/1590
f 1500/1695/1500 1501/1696/1499 1000/1128/996 1497/1692/1497
f 1591/1798/1590 1588/1794/1586 1587/1793/1587 1590/1797/1588
f 682/758/681 1590/1797/1588 1589/1796/1589 683/760/682
f 1563/1763/1562 1157/1305/1155 1561/1760/1560 1560/1759/1559
f 1162/1311/1160 1560/1759/1559 1499/1694/1496 1163/1312/1161
f 1562/1761/1561 1500/1695/1500 1497/1692/1497 1499/1694/1496
f 1374/1563/1373 476/529/474 475/528/477 1388/1577/1387
f 1329/1515/1328 1328/1514/1327 1336/1522/1335 1330/1516/1329
f 1321/1507/1320 1327/1513/1326 1329/1515/1328 1323/1509/1322
f 855/970/853 859/974/861 1327/1513/1326 1321/1507/1320
f 1313/1498/1312 1305/1481/1304 993/1121/993 915/1031/914
f 1280/1448/1278 1262/1428/1260 1261/1427/1263 1281/1449/1279
f 1127/1268/1126 1126/1267/1125 1201/1359/1201 1208/1366/1206
f 1205/1363/1203 1198/1356/1196 1197/1355/1199 1206/1364/1204
f 638/707/639 635/704/636 1125/1266/1124 1126/1267/1125
f 1108/1249/1107 1100/1240/1099 997/1125/997 911/1027/911
f 1248/1413/1247 1026/1155/1025 990/1118/988 1249/1414/1248
f 1501/1696/1499 911/1027/911 997/1125/997 1000/1128/996
f 916/1032/915 915/1031/914 993/1121/993 996/1124/992
f 1249/1414/1248 990/1118/988 989/1117/991 1631/1842/1630
f 865/980/865 875/990/873 864/979/863 863/978/862
f 857/972/856 863/978/862 860/975/858 854/969/852
f 854/969/852 860/975/858 859/974/861 855/970/853
f 388/428/387 470/523/472 832/935/832 840/952/838
f 806/901/805 787/880/786 790/883/789 807/902/806
f 730/814/729 723/807/722 637/706/638 640/709/637
f 726/810/725 719/803/718 722/806/721 727/811/726
f 637/706/638 636/705/633 635/704/636 638/707/639
f 474/527/476 594/662/595 606/675/604 605/674/603
f 773/865/772 469/522/469 512/566/512 774/866/773
f 475/528/477 474/527/476 605/674/603 1389/1578/1388
f 471/524/473 470/523/472 388/428/387 387/427/386
f 1630/1841/1629 466/519/466 469/522/469 773/865/772
f 833/936/831 837/945/837 438/491/438 467/520/467
f 511/565/511 781/874/780 813/908/812 788/881/787
f 992/1120/990 963/1091/965 1310/1491/1309 1306/1482/1305
f 1264/1430/1262 1286/1454/1288 1254/1420/1253 1027/1156/1026
f 687/764/686 1593/1800/1593 725/809/724 732/816/731
f 816/911/815 815/910/814 1621/1832/1620 874/989/874
f 1212/1370/1210 1203/1361/1205 1570/1771/1569 1165/1314/1163
f 1335/1521/1334 1618/1829/1617 1288/1456/1286 1287/1455/1285
f 1391/1580/1391 1382/1571/1381 1623/1834/1622 392/432/389
f 1503/1698/1502 1617/1828/1616 921/1037/920 1505/1700/1505
f 1392/1581/1392 391/431/392 1592/1799/1591 1594/1802/1592
f 686/763/685 1594/1802/1592 1593/1801/1593 687/765/686
f 1165/1315/1163 1570/1772/1569 1568/1769/1567 1166/1316/1164
f 1166/1316/1164 1568/1769/1567 1507/1702/1504 1167/1317/1165
f 1504/1699/1503 1503/1698/1502 1505/1700/1505 1507/1702/1504
f 1391/1580/1391 392/432/389 391/431/392 1392/1581/1392
f 1382/1571/1381 600/669/599 477/530/475 1623/1834/1622
f 1334/1520/1333 1333/1519/1332 1618/1829/1617 1335/1521/1334
f 867/982/866 870/985/872 1334/1520/1333 1328/1514/1327
f 1306/1483/1305 1310/1492/1309 922/1038/922 994/1122/994
f 1263/1429/1261 1287/1455/1285 1286/1454/1288 1264/1430/1262
f 1027/1156/1026 1254/1420/1253 964/1092/962 991/1119/989
f 1129/1270/1128 1128/1269/1127 1207/1365/1207 1214/1372/1212
f 1211/1369/1209 1204/1362/1202 1203/1361/1205 1212/1370/1210
f 642/711/643 639/708/640 1127/1268/1126 1128/1269/1127
f 1101/1241/1100 1105/1246/1104 918/1034/917 998/1126/998
f 991/1119/989 964/1092/962 963/1091/965 992/1120/990
f 995/1123/995 994/1122/994 922/1038/922 925/1041/921
f 1617/1828/1616 998/1126/998 918/1034/917 921/1037/920
f 874/989/874 1621/1832/1620 872/987/870 871/986/869
f 864/979/863 871/986/869 870/985/872 867/982/866
f 473/526/471 393/433/395 837/946/837 833/937/831
f 788/881/787 813/908/812 816/911/815 789/882/788
f 468/521/468 441/494/441 781/874/780 511/565/511
f 736/820/735 729/813/728 641/710/642 644/713/641
f 732/816/731 725/809/724 728/812/727 733/817/732
f 641/710/642 640/709/637 639/708/640 642/711/643
f 477/530/475 600/669/599 599/668/602 595/663/594
f 467/520/467 438/491/438 441/494/441 468/521/468
f 394/434/396 393/433/395 473/526/471 472/525/470
f 733/817/732 728/812/727 729/813/728 736/820/735
f 1214/1372/1212 1207/1365/1207 1204/1362/1202 1211/1369/1209
f 727/811/726 722/806/721 723/807/722 730/814/729
f 1208/1366/1206 1201/1359/1201 1198/1356/1196 1205/1363/1203
f 721/805/720 716/800/715 717/801/716 724/808/723
f 1202/1360/1200 1195/1353/1195 1194/1352/1192 1199/1357/1197
f 835/940/833 827/924/827 523/578/523 447/500/447
f 645/714/647 1539/1737/1538 556/616/553 621/690/622
f 778/871/777 783/876/782 823/918/822 810/905/809
f 972/1100/970 1037/1167/1037 1300/1470/1299 1308/1486/1307
f 1118/1259/1117 1062/1194/1063 1546/1745/1545 1130/1271/1130
f 1285/1453/1283 1296/1464/1296 1257/1423/1256 1253/1419/1252
f 718/802/717 714/798/713 629/698/630 632/701/629
f 1123/1264/1122 1122/1263/1121 1192/1350/1191 1196/1354/1194
f 739/823/738 734/818/733 735/819/734 1622/1833/1621
f 699/779/698 1609/1819/1608 741/825/740 750/837/750
f 748/834/748 745/829/744 1622/1833/1621 620/689/617
f 824/919/823 802/897/801 881/996/880 880/995/879
f 1620/1831/1619 1213/1371/1213 1210/1368/1208 1217/1375/1215
f 1227/1387/1228 1219/1377/1221 1582/1786/1581 1177/1330/1175
f 1117/1258/1116 1620/1831/1619 1223/1381/1222 1225/1384/1224
f 1340/1526/1339 1341/1527/1340 1273/1439/1271 1297/1465/1295
f 1377/1566/1376 1403/1592/1402 1608/1818/1606 697/777/696
f 558/620/559 587/655/587 1432/1621/1431 1538/1735/1536
f 1446/1637/1447 1444/1635/1444 1093/1233/1091 1092/1232/1090
f 1524/1719/1524 1525/1720/1523 1044/1174/1041 1521/1716/1521
f 698/778/697 1607/1817/1607 1609/1820/1608 699/780/698
f 1608/1818/1606 1606/1816/1604 1605/1815/1605 1607/1817/1607
f 1582/1787/1581 1173/1325/1171 1580/1784/1579 1579/1783/1578
f 1178/1331/1176 1579/1783/1578 1523/1718/1520 1179/1332/1177
f 1062/1194/1063 1545/1744/1543 1544/1743/1544 1546/1745/1545
f 1544/1743/1544 1447/1638/1448 1068/1202/1065 1067/1201/1064
f 560/622/557 559/621/560 1537/1734/1537 1539/1737/1538
f 1537/1734/1537 1538/1736/1536 1536/1733/1535 1535/1731/1534
f 1581/1785/1580 1524/1719/1524 1521/1716/1521 1523/1718/1520
f 1068/1203/1065 1447/1639/1448 1446/1637/1447 1092/1232/1090
f 1444/1635/1444 1443/1634/1443 1032/1162/1032 1093/1233/1091
f 587/655/587 586/654/586 1431/1620/1430 1432/1621/1431
f 1431/1620/1430 1430/1619/1429 612/681/612 1433/1622/1432
f 1377/1566/1376 531/586/529 530/585/531 1403/1592/1402
f 1339/1525/1338 1332/1518/1331 1341/1527/1340 1340/1526/1339
f 873/988/871 878/993/878 1339/1525/1338 1333/1519/1332
f 1029/1158/1027 1030/1159/1030 1035/1165/1035 1036/1166/1034
f 1308/1487/1307 1300/1471/1299 1040/1170/1039 974/1102/973
f 1284/1452/1282 1297/1465/1295 1296/1464/1296 1285/1453/1283
f 1253/1419/1252 1257/1423/1256 1038/1168/1036 971/1099/969
f 355/395/355 765/855/764 1031/1160/1029 887/1003/885
f 1225/1384/1224 1223/1381/1222 1220/1378/1218 1230/1392/1227
f 1230/1392/1227 1220/1378/1218 1219/1377/1221 1227/1387/1228
f 1213/1371/1213 1214/1372/1212 1211/1369/1209 1210/1368/1208
f 1207/1365/1207 1208/1366/1206 1205/1363/1203 1204/1362/1202
f 1201/1359/1201 1202/1360/1200 1199/1357/1197 1198/1356/1196
f 1195/1353/1195 1196/1354/1194 1190/1348/1188 1194/1352/1192
f 1122/1263/1121 1121/1262/1120 1191/1349/1190 1192/1350/1191
f 1121/1262/1120 1120/1261/1119 1184/1340/1183 1191/1349/1190
f 1120/1261/1119 1119/1260/1118 1133/1274/1129 1184/1340/1183
f 1119/1260/1118 1118/1259/1117 1130/1271/1130 1133/1274/1129
f 1103/1243/1102 1087/1227/1086 1042/1172/1042 978/1106/978
f 1525/1720/1523 978/1106/978 1042/1172/1042 1044/1174/1041
f 974/1102/973 1040/1170/1039 1041/1171/1040 975/1103/974
f 971/1099/969 1038/1168/1036 1037/1167/1037 972/1100/970
f 1030/1159/1030 1031/1161/1029 1025/1154/1024 1035/1165/1035
f 1028/1157/1028 1029/1158/1027 1036/1166/1034 1089/1229/1088
f 880/995/879 881/996/880 869/984/867 879/994/877
f 872/987/870 879/994/877 878/993/878 873/988/871
f 521/576/521 520/575/520 515/569/515 514/568/514
f 453/506/452 527/582/528 827/925/827 835/941/833
f 810/905/809 823/918/822 824/919/823 811/906/810
f 448/501/448 524/579/524 783/876/782 778/871/777
f 354/393/354 516/570/516 765/855/764 355/395/355
f 751/838/751 744/828/743 745/829/744 748/834/748
f 750/837/750 741/825/740 744/828/743 751/838/751
f 734/818/733 733/817/732 736/820/735 735/819/734
f 728/812/727 727/811/726 730/814/729 729/813/728
f 722/806/721 721/805/720 724/808/723 723/807/722
f 716/800/715 711/795/711 718/802/717 717/801/716
f 714/798/713 713/797/712 628/697/627 629/698/630
f 713/797/712 704/788/703 626/695/625 628/697/627
f 704/788/703 646/715/648 624/693/621 626/695/625
f 646/715/648 645/714/647 621/690/622 624/693/621
f 457/510/455 529/584/530 581/649/582 597/665/596
f 530/585/531 529/584/530 457/510/455 1402/1591/1401
f 452/505/451 528/583/527 527/582/528 453/506/452
f 447/500/447 523/578/523 524/579/524 448/501/448
f 520/575/520 510/564/510 516/571/516 515/569/515
f 583/651/584 521/576/521 514/568/514 513/567/513
f 517/572/518 583/651/584 513/567/513 1430/1619/1429
f 597/665/596 581/649/582 528/583/527 452/505/451
f 1443/1634/1443 1028/1157/1028 1089/1229/1088 1032/1162/1032
f 975/1103/974 1041/1171/1040 1087/1227/1086 1103/1243/1102
f 595/663/594 599/668/602 394/434/396 472/525/470
f 995/1123/995 925/1041/921 1105/1246/1104 1101/1241/1100
f 606/675/604 594/662/595 471/524/473 387/427/386
f 916/1032/915 996/1124/992 1100/1240/1099 1108/1249/1107
f 593/661/592 603/672/605 386/426/385 484/537/483
f 1004/1132/1003 917/1033/916 1107/1248/1106 1099/1239/1098
f 588/656/589 503/556/505 363/403/361 616/685/615
f 1115/1256/1114 892/1008/892 1021/1149/1019 1094/1234/1093
f 1627/1838/1626 1629/1840/1628 504/557/502 589/657/588
f 609/678/610 370/410/372 1629/1840/1628 1627/1838/1626
f 590/658/591 495/548/497 371/411/369 610/679/609
f 1110/1251/1109 900/1016/900 1015/1143/1011 1096/1236/1095
f 602/671/601 579/647/580 537/592/536 395/435/393
f 580/648/579 596/664/597 451/504/450 538/593/537
f 607/676/608 378/418/377 496/549/494 591/659/590
f 785/878/783 755/845/754 756/846/755 762/852/761
f 924/1040/924 1052/1182/1051 1085/1225/1084 1106/1247/1105
f 1051/1181/1050 976/1104/975 1102/1242/1101 1086/1226/1085
f 1097/1237/1096 1014/1142/1014 909/1025/908 1109/1250/1108
f 1239/1402/1238 1233/1396/1233 1232/1395/1231 1259/1425/1258
f 592/660/593 483/536/482 379/419/378 608/677/607
f 615/684/616 362/402/364 548/606/548 578/646/577
f 764/854/763 758/848/757 1234/1397/1232 1238/1401/1237
f 1238/1401/1237 1234/1397/1232 1233/1396/1233 1239/1402/1238
f 1259/1425/1258 1232/1395/1231 1104/1244/1103 932/1050/930
f 1084/1224/1083 893/1009/889 892/1008/892 1115/1256/1114
f 1095/1235/1094 901/1017/897 900/1016/900 1110/1251/1109
f 1109/1250/1108 909/1025/908 908/1024/907 1098/1238/1097
f 917/1033/916 916/1032/915 1108/1249/1107 1107/1248/1106
f 925/1041/921 924/1040/924 1106/1247/1105 1105/1246/1104
f 932/1051/930 1104/1245/1103 1088/1228/1087 933/1052/931
f 976/1104/975 975/1103/974 1103/1243/1102 1102/1242/1101
f 1090/1230/1089 984/1112/980 983/1111/983 1083/1223/1082
f 996/1124/992 995/1123/995 1101/1241/1100 1100/1240/1099
f 1098/1238/1097 908/1024/907 1004/1132/1003 1099/1239/1098
f 1096/1236/1095 1015/1143/1011 1014/1142/1014 1097/1237/1096
f 1094/1234/1093 1021/1149/1019 901/1017/897 1095/1235/1094
f 1089/1229/1088 1036/1166/1034 984/1112/980 1090/1230/1089
f 1041/1171/1040 933/1052/931 1088/1228/1087 1087/1227/1086
f 1052/1182/1051 1051/1181/1050 1086/1226/1085 1085/1225/1084
f 1083/1223/1082 983/1111/983 893/1009/889 1084/1224/1083
f 1114/1255/1112 888/1004/888 1028/1157/1028 1443/1634/1443
f 1435/1624/1434 360/400/360 888/1004/888 1114/1255/1112
f 763/853/762 757/847/756 758/848/757 764/854/763
f 762/852/761 756/846/755 757/847/756 763/853/762
f 403/444/403 598/666/598 755/845/754 785/878/783
f 616/685/615 363/403/361 362/402/364 615/684/616
f 610/679/609 371/411/369 370/410/372 609/678/610
f 608/677/607 379/419/378 378/418/377 607/676/608
f 603/672/605 606/675/604 387/427/386 386/426/385
f 599/668/602 602/671/601 395/435/393 394/434/396
f 402/443/402 582/650/581 598/667/598 403/445/403
f 596/664/597 597/665/596 452/505/451 451/504/450
f 577/645/578 460/513/458 459/512/461 584/652/583
f 594/662/595 595/663/594 472/525/470 471/524/473
f 593/661/592 484/537/483 483/536/482 592/660/593
f 591/659/590 496/549/494 495/548/497 590/658/591
f 589/657/588 504/557/502 503/556/505 588/656/589
f 584/652/583 459/512/461 521/576/521 583/651/584
f 581/649/582 582/650/581 402/443/402 528/583/527
f 579/647/580 580/648/579 538/593/537 537/592/536
f 578/646/577 548/606/548 460/513/458 577/645/578
f 1430/1619/1429 513/567/513 357/397/357 612/681/612
f 612/681/612 357/397/357 360/400/360 1435/1624/1434
f 3875/4458/3873 3876/4459/3874 3877/4460/3875 3874/4457/3876
f 3880/4463/3877 3881/4464/3878 3878/4461/3879 3879/4462/3880
f 3882/4465/3881 3883/4466/3882 3881/4464/3878 3880/4463/3877
f 3884/4467/3883 3885/4468/3884 3883/4466/3882 3882/4465/3881
f 3886/4469/3885 3887/4470/3886 3885/4468/3884 3884/4467/3883
f 3888/4471/3887 3889/4472/3888 3887/4470/3886 3886/4469/3885
f 3890/4473/3889 3891/4474/3890 3889/4472/3888 3888/4471/3887
f 3892/4475/3891 3893/4476/3892 3891/4474/3890 3890/4473/3889
f 3894/4477/3893 3895/4478/3894 3893/4476/3892 3892/4475/3891
f 3896/4479/3895 3897/4480/3896 3895/4478/3894 3894/4477/3893
f 3898/4481/3897 3899/4482/3898 3897/4480/3896 3896/4479/3895
f 3900/4483/3899 3901/4484/3900 3899/4482/3898 3898/4481/3897
f 3902/4485/3901 3903/4486/3902 3901/4484/3900 3900/4483/3899
f 3904/4487/3903 3905/4488/3904 3903/4486/3902 3902/4485/3901
f 3906/4489/3905 3907/4490/3906 3905/4488/3904 3904/4487/3903
f 3908/4491/3907 3909/4492/3908 3907/4490/3906 3906/4489/3905
f 3910/4493/3909 3911/4494/3910 3909/4492/3908 3908/4491/3907
f 3912/4495/3911 3913/4496/3912 3911/4494/3910 3910/4493/3909
f 3915/4498/3913 3916/4499/3914 3917/4500/3915 3914/4497/3916
f 3915/4498/3913 3914/4497/3916 3918/4501/3917 3919/4502/3918
f 3921/4504/3919 3919/4502/3918 3918/4501/3917 3920/4503/3920
f 3921/4504/3919 3920/4503/3920 3922/4505/3921 3923/4506/3922
f 3925/4508/3923 3923/4506/3922 3922/4505/3921 3924/4507/3924
f 3925/4508/3923 3924/4507/3924 3926/4509/3925 3927/4510/3926
f 3927/4510/3926 3926/4509/3925 3928/4511/3927 3929/4512/3928
f 3929/4512/3928 3928/4511/3927 3930/4513/3929 3931/4514/3930
f 3931/4514/3930 3930/4513/3929 3932/4515/3931 3933/4516/3932
f 3933/4516/3932 3932/4515/3931 3934/4517/3933 3935/4518/3934
f 3935/4518/3934 3934/4517/3933 3936/4519/3935 3937/4520/3936
f 3937/4520/3936 3936/4519/3935 3938/4521/3937 3939/4522/3938
f 3939/4522/3938 3938/4521/3937 3940/4523/3939 3941/4524/3940
f 3941/4524/3940 3940/4523/3939 3942/4525/3941 3943/4526/3942
f 3943/4526/3942 3942/4525/3941 3944/4527/3943 3945/4528/3944
f 3945/4528/3944 3944/4527/3943 3946/4529/3945 3947/4530/3946
f 3947/4530/3946 3946/4529/3945 3876/4459/3874 3875/4458/3873
f 3878/4461/3879 3875/4458/3873 3874/4457/3876 3948/4531/3947
f 3876/4459/3874 3949/4532/3948 3950/4534/3949 3877/4460/3875
f 3938/4521/3937 3951/4536/3950 3952/4538/3951 3940/4523/3939
f 3928/4511/3927 3953/4540/3952 3954/4542/3953 3930/4513/3929
f 3920/4503/3920 3918/4501/3917 3955/4544/3954 3956/4546/3955
f 3942/4525/3941 3957/4548/3956 3958/4550/3957 3944/4527/3943
f 3932/4515/3931 3959/4552/3958 3960/4554/3959 3934/4517/3933
f 3924/4507/3924 3922/4505/3921 3961/4556/3960 3962/4558/3961
f 3946/4529/3945 3963/4560/3962 3949/4532/3948 3876/4459/3874
f 3936/4519/3935 3964/4562/3963 3951/4536/3950 3938/4521/3937
f 3928/4511/3927 3926/4509/3925 3965/4564/3964 3953/4540/3952
f 3914/4497/3916 3966/4566/3965 3955/4544/3954 3918/4501/3917
f 3940/4523/3939 3952/4538/3951 3957/4548/3956 3942/4525/3941
f 3930/4513/3929 3954/4542/3953 3959/4552/3958 3932/4515/3931
f 3920/4503/3920 3956/4546/3955 3961/4556/3960 3922/4505/3921
f 3944/4527/3943 3958/4550/3957 3963/4560/3962 3946/4529/3945
f 3934/4517/3933 3960/4554/3959 3964/4562/3963 3936/4519/3935
f 3924/4507/3924 3962/4558/3961 3965/4564/3964 3926/4509/3925
f 3914/4497/3916 3917/4500/3915 3967/4568/3966 3966/4566/3965
f 3949/4533/3948 3968/4570/3967 3969/4571/3968 3950/4535/3949
f 3963/4561/3962 3970/4572/3969 3968/4570/3967 3949/4533/3948
f 3960/4555/3959 3971/4573/3970 3972/4574/3971 3964/4563/3963
f 3956/4547/3955 3955/4545/3954 3973/4575/3972 3974/4576/3973
f 3959/4553/3958 3975/4577/3974 3971/4573/3970 3960/4555/3959
f 3966/4567/3965 3976/4578/3975 3973/4575/3972 3955/4545/3954
f 3954/4543/3953 3977/4579/3976 3975/4577/3974 3959/4553/3958
f 3958/4551/3957 3978/4580/3977 3970/4572/3969 3963/4561/3962
f 3966/4567/3965 3967/4569/3966 3979/4581/3978 3976/4578/3975
f 3953/4541/3952 3980/4582/3979 3977/4579/3976 3954/4543/3953
f 3957/4549/3956 3981/4583/3980 3978/4580/3977 3958/4551/3957
f 3953/4541/3952 3965/4565/3964 3982/4584/3981 3980/4582/3979
f 3952/4539/3951 3983/4585/3982 3981/4583/3980 3957/4549/3956
f 3962/4559/3961 3984/4586/3983 3982/4584/3981 3965/4565/3964
f 3951/4537/3950 3985/4587/3984 3983/4585/3982 3952/4539/3951
f 3962/4559/3961 3961/4557/3960 3986/4588/3985 3984/4586/3983
f 3964/4563/3963 3972/4574/3971 3985/4587/3984 3951/4537/3950
f 3956/4547/3955 3974/4576/3973 3986/4588/3985 3961/4557/3960
f 3988/4590/3986 3989/4591/3987 3990/4592/3988 3987/4589/3989
f 3992/4594/3990 3993/4595/3991 3994/4596/3992 3991/4593/3993
f 3996/4598/3994 3997/4599/3995 3998/4600/3996 3995/4597/3997
f 3999/4601/3998 4000/4602/3999 3989/4591/3987 3988/4590/3986
f 4001/4603/4000 4002/4604/4001 3993/4595/3991 3992/4594/3990
f 3996/4598/3994 4003/4605/4002 4004/4606/4003 3997/4599/3995
f 4005/4607/4004 4006/4608/4005 4000/4602/3999 3999/4601/3998
f 4007/4609/4006 4008/4610/4007 4004/4606/4003 4003/4605/4002
f 4009/4611/4008 4010/4612/4009 4006/4608/4005 4005/4607/4004
f 3987/4589/3989 3990/4592/3988 4012/4614/4010 4011/4613/4011
f 4007/4609/4006 4013/4615/4012 4014/4616/4013 4008/4610/4007
f 4015/4617/4014 4016/4618/4015 4010/4612/4009 4009/4611/4008
f 4013/4615/4012 4017/4619/4016 4018/4620/4017 4014/4616/4013
f 4019/4622/4018 4020/4623/4019 4016/4618/4015 4015/4617/4014
f 4011/4613/4011 4012/4614/4010 4002/4604/4001 4001/4603/4000
f 4021/4624/4020 4022/4626/4021 4018/4620/4017 4017/4619/4016
f 4023/4628/4022 4024/4629/4023 4020/4623/4019 4019/4622/4018
f 3995/4597/3997 3998/4600/3996 4024/4629/4023 4023/4628/4022
f 3980/4582/3979 3982/4584/3981 3995/4597/3997 4023/4628/4022
f 3977/4579/3976 3980/4582/3979 4023/4628/4022 4019/4622/4018
f 3976/4578/3975 3979/4581/3978 4021/4624/4020 4017/4619/4016
f 3978/4580/3977 4011/4613/4011 4001/4603/4000 3970/4572/3969
f 3975/4577/3974 3977/4579/3976 4019/4622/4018 4015/4617/4014
f 3973/4575/3972 3976/4578/3975 4017/4619/4016 4013/4615/4012
f 3975/4577/3974 4015/4617/4014 4009/4611/4008 3971/4573/3970
f 3974/4576/3973 3973/4575/3972 4013/4615/4012 4007/4609/4006
f 3981/4583/3980 3987/4589/3989 4011/4613/4011 3978/4580/3977
f 3971/4573/3970 4009/4611/4008 4005/4607/4004 3972/4574/3971
f 3986/4588/3985 3974/4576/3973 4007/4609/4006 4003/4605/4002
f 3972/4574/3971 4005/4607/4004 3999/4601/3998 3985/4587/3984
f 3984/4586/3983 3986/4588/3985 4003/4605/4002 3996/4598/3994
f 3970/4572/3969 4001/4603/4000 3992/4594/3990 3968/4570/3967
f 3985/4587/3984 3999/4601/3998 3988/4590/3986 3983/4585/3982
f 3982/4584/3981 3984/4586/3983 3996/4598/3994 3995/4597/3997
f 3968/4570/3967 3992/4594/3990 3991/4593/3993 3969/4571/3968
f 3983/4585/3982 3988/4590/3986 3987/4589/3989 3981/4583/3980
f 4026/4631/4024 4027/4632/4025 4028/4633/4025 4025/4630/4026
f 4002/4604/4001 4012/4614/4010 4026/4631/4024 3993/4595/3991
f 3993/4595/3991 4026/4631/4024 4025/4630/4026 3994/4596/3992
f 3990/4592/3988 4029/4634/4027 4026/4631/4024 4012/4614/4010
f 4029/4634/4027 4030/4635/4028 4027/4632/4025 4026/4631/4024
f 4000/4602/3999 4006/4608/4005 4030/4635/4028 4029/4634/4027
f 4010/4612/4009 4016/4618/4015 4030/4635/4028 4006/4608/4005
f 4031/4636/4029 4032/4637/4030 4033/4638/4025 4034/4639/4025
f 4035/4640/4031 4036/4641/4032 4037/4642/4025 4038/4643/4025
f 4039/4644/4033 4040/4645/4034 4041/4646/4035 4042/4647/4025
f 4040/4645/4034 4043/4648/4036 4044/4650/4037 4041/4646/4035
f 3989/4591/3987 4000/4602/3999 4029/4634/4027 3990/4592/3988
f 4045/4652/4038 4046/4653/4039 4032/4637/4030 4031/4636/4029
f 4030/4635/4028 4047/4654/4040 4048/4655/4041 4027/4632/4025
f 4047/4654/4040 4045/4652/4038 4031/4636/4029 4048/4655/4041
f 4027/4632/4025 4048/4655/4041 4049/4656/4025 4028/4633/4025
f 4048/4655/4041 4031/4636/4029 4034/4639/4025 4049/4656/4025
f 4016/4618/4015 4020/4623/4019 4047/4654/4040 4030/4635/4028
f 4020/4623/4019 4024/4629/4023 4045/4652/4038 4047/4654/4040
f 4024/4629/4023 3998/4600/3996 4046/4653/4039 4045/4652/4038
f 4032/4637/4030 4035/4640/4031 4038/4643/4025 4033/4638/4025
f 4046/4653/4039 4050/4657/4042 4035/4640/4031 4032/4637/4030
f 3998/4600/3996 3997/4599/3995 4050/4657/4042 4046/4653/4039
f 4050/4657/4042 4051/4658/4043 4036/4641/4032 4035/4640/4031
f 3997/4599/3995 4004/4606/4003 4051/4658/4043 4050/4657/4042
f 4008/4610/4007 4014/4616/4013 4052/4659/4044 4053/4660/4045
f 4036/4641/4032 4039/4644/4033 4042/4647/4025 4037/4642/4025
f 4051/4658/4043 4053/4660/4045 4039/4644/4033 4036/4641/4032
f 3917/4500/3915 3916/4499/3914 4054/4663/4046 3967/4568/3966
f 3967/4569/3966 4054/4661/4046 4021/4624/4020 3979/4581/3978
f 4054/4662/4046 4055/4665/4047 4022/4627/4021 4021/4625/4020
f 3916/4499/3914 3913/4496/3912 4055/4664/4047 4054/4663/4046
f 4056/4666/4048 4057/4667/4049 4058/4669/4050 4059/4671/4051
f 4004/4606/4003 4008/4610/4007 4053/4660/4045 4051/4658/4043
f 4060/4672/4052 4061/4676/4053 4062/4677/4054 4063/4678/4055
f 3879/4462/3880 3878/4461/3879 3948/4531/3947 4064/4680/4056
f 3916/4499/3914 3915/4498/3913 3911/4494/3910 3913/4496/3912
f 3911/4494/3910 3915/4498/3913 3919/4502/3918 3909/4492/3908
f 3919/4502/3918 3921/4504/3919 3907/4490/3906 3909/4492/3908
f 3921/4504/3919 3923/4506/3922 3905/4488/3904 3907/4490/3906
f 3923/4506/3922 3925/4508/3923 3903/4486/3902 3905/4488/3904
f 3903/4486/3902 3925/4508/3923 3927/4510/3926 3901/4484/3900
f 3901/4484/3900 3927/4510/3926 3929/4512/3928 3899/4482/3898
f 3899/4482/3898 3929/4512/3928 3931/4514/3930 3897/4480/3896
f 3897/4480/3896 3931/4514/3930 3933/4516/3932 3895/4478/3894
f 3895/4478/3894 3933/4516/3932 3935/4518/3934 3893/4476/3892
f 3893/4476/3892 3935/4518/3934 3937/4520/3936 3891/4474/3890
f 3891/4474/3890 3937/4520/3936 3939/4522/3938 3889/4472/3888
f 3889/4472/3888 3939/4522/3938 3941/4524/3940 3887/4470/3886
f 3887/4470/3886 3941/4524/3940 3943/4526/3942 3885/4468/3884
f 3885/4468/3884 3943/4526/3942 3945/4528/3944 3883/4466/3882
f 3883/4466/3882 3945/4528/3944 3947/4530/3946 3881/4464/3878
f 3881/4464/3878 3947/4530/3946 3875/4458/3873 3878/4461/3879
f 4066/4683/4057 3882/4465/3881 3880/4463/3877 4065/4681/4058
f 4068/4687/4059 3892/4475/3891 3890/4473/3889 4067/4685/4060
f 4070/4691/4061 3879/4462/3880 4064/4680/4056 4069/4689/4062
f 3902/4485/3901 3900/4483/3899 4071/4693/4063 4072/4695/4064
f 3912/4495/3911 3910/4493/3909 4061/4675/4053 4060/4674/4052
f 4074/4699/4065 3888/4471/3887 3886/4469/3885 4073/4697/4066
f 3898/4481/3897 3896/4479/3895 4075/4701/4067 4076/4703/4068
f 4078/4707/4069 3908/4491/3907 3906/4489/3905 4077/4705/4070
f 4079/4709/4071 3884/4467/3883 3882/4465/3881 4066/4683/4057
f 4080/4711/4072 3894/4477/3893 3892/4475/3891 4068/4687/4059
f 3904/4487/3903 3902/4485/3901 4072/4695/4064 4081/4713/4073
f 4065/4681/4058 3880/4463/3877 3879/4462/3880 4070/4691/4061
f 4067/4685/4060 3890/4473/3889 3888/4471/3887 4074/4699/4065
f 3900/4483/3899 3898/4481/3897 4076/4703/4068 4071/4693/4063
f 3910/4493/3909 3908/4491/3907 4078/4707/4069 4061/4675/4053
f 4073/4697/4066 3886/4469/3885 3884/4467/3883 4079/4709/4071
f 4075/4701/4067 3896/4479/3895 3894/4477/3893 4080/4711/4072
f 3906/4489/3905 3904/4487/3903 4081/4713/4073 4077/4705/4070
f 4074/4700/4065 4073/4698/4066 4082/4715/4074 4083/4716/4075
f 4087/4720/4076 4084/4717/4077 4085/4718/4078 4086/4719/4078
f 4084/4717/4077 4088/4721/4079 4089/4722/4078 4085/4718/4078
f 4088/4721/4079 4090/4723/4080 4091/4724/4078 4089/4722/4078
f 4090/4723/4080 4092/4725/4081 4093/4726/4078 4091/4724/4078
f 4092/4725/4081 4094/4727/4082 4095/4728/4078 4093/4726/4078
f 4094/4727/4082 4096/4729/4083 4097/4730/4078 4095/4728/4078
f 4096/4729/4083 4098/4731/4084 4099/4732/4085 4097/4730/4078
f 4098/4731/4084 4100/4733/4086 4101/4734/4087 4099/4732/4085
f 4100/4733/4086 4083/4716/4075 4102/4735/4088 4101/4734/4087
f 4083/4716/4075 4082/4715/4074 4103/4736/4089 4102/4735/4088
f 4073/4698/4066 4079/4710/4071 4104/4737/4090 4082/4715/4074
f 4082/4715/4074 4104/4737/4090 4105/4738/4091 4103/4736/4089
f 4079/4710/4071 4066/4684/4057 4065/4682/4058 4104/4737/4090
f 4104/4737/4090 4065/4682/4058 4106/4739/4092 4105/4738/4091
f 4065/4682/4058 4070/4692/4061 4069/4690/4062 4106/4739/4092
f 4053/4660/4045 4052/4659/4044 4040/4645/4034 4039/4644/4033
f 4014/4616/4013 4018/4620/4017 4107/4740/4093 4052/4659/4044
f 4052/4659/4044 4107/4740/4093 4043/4648/4036 4040/4645/4034
f 4108/4742/4094 4109/4743/4095 4057/4667/4049 4056/4666/4048
f 4110/4745/4096 4063/4679/4055 4109/4743/4095 4108/4742/4094
f 4018/4621/4017 4110/4745/4096 4108/4742/4094 4107/4741/4093
f 4107/4741/4093 4108/4742/4094 4056/4666/4048 4043/4649/4036
f 4043/4649/4036 4056/4666/4048 4059/4671/4051 4044/4651/4037
f 4063/4678/4055 4062/4677/4054 4111/4746/4097 4109/4744/4095
f 4109/4744/4095 4111/4746/4097 4112/4747/4098 4057/4668/4049
f 4057/4668/4049 4112/4747/4098 4113/4748/4099 4058/4670/4050
f 4055/4665/4047 4060/4673/4052 4063/4679/4055 4110/4745/4096
f 3913/4496/3912 3912/4495/3911 4060/4674/4052 4055/4664/4047
f 4022/4627/4021 4055/4665/4047 4110/4745/4096 4018/4621/4017
f 4067/4686/4060 4074/4700/4065 4083/4716/4075 4100/4733/4086
f 4068/4688/4059 4067/4686/4060 4100/4733/4086 4098/4731/4084
f 4080/4712/4072 4068/4688/4059 4098/4731/4084 4096/4729/4083
f 4075/4702/4067 4080/4712/4072 4096/4729/4083 4094/4727/4082
f 4076/4704/4068 4075/4702/4067 4094/4727/4082 4092/4725/4081
f 4071/4694/4063 4076/4704/4068 4092/4725/4081 4090/4723/4080
f 4072/4696/4064 4071/4694/4063 4090/4723/4080 4088/4721/4079
f 4081/4714/4073 4072/4696/4064 4088/4721/4079 4084/4717/4077
f 4077/4706/4070 4081/4714/4073 4084/4717/4077 4087/4720/4076
f 4114/4749/4100 4087/4720/4076 4086/4719/4078 4115/4750/4078
f 4112/4747/4098 4114/4749/4100 4115/4750/4078 4113/4748/4099
f 4078/4708/4069 4077/4706/4070 4087/4720/4076 4114/4749/4100
f 4117/4752/4101 4078/4708/4069 4114/4749/4100 4116/4751/4102
f 4111/4746/4097 4116/4751/4102 4114/4749/4100 4112/4747/4098
f 4062/4677/4054 4117/4752/4101 4116/4751/4102 4111/4746/4097
f 4061/4676/4053 4078/4708/4069 4117/4752/4101 4062/4677/4054
f 3874/4457/3876 3877/4460/3875 4118/4753/4103 4119/4754/4104
f 4123/4758/4105 4120/4755/4106 4121/4756/4107 4122/4757/4108
f 4122/4757/4108 4121/4756/4107 4124/4759/4109 4125/4760/4110
f 4125/4760/4110 4124/4759/4109 4126/4761/4111 4127/4762/4112
f 4127/4762/4112 4126/4761/4111 4128/4763/4113 4129/4764/4114
f 4129/4764/4114 4128/4763/4113 4130/4765/4115 4131/4766/4116
f 4131/4766/4116 4130/4765/4115 4132/4767/4117 4133/4768/4118
f 4133/4768/4118 4132/4767/4117 4134/4769/4119 4135/4770/4120
f 4135/4770/4120 4134/4769/4119 4136/4771/4121 4137/4772/4122
f 4137/4772/4122 4136/4771/4121 4138/4773/4123 4139/4774/4124
f 4139/4774/4124 4138/4773/4123 4140/4775/4125 4141/4776/4126
f 4141/4776/4126 4140/4775/4125 4142/4777/4127 4143/4778/4128
f 4143/4778/4128 4142/4777/4127 4144/4779/4129 4145/4780/4130
f 4145/4780/4130 4144/4779/4129 4146/4781/4131 4147/4782/4132
f 4147/4782/4132 4146/4781/4131 4148/4783/4133 4149/4784/4134
f 4149/4784/4134 4148/4783/4133 4150/4785/4135 4151/4786/4136
f 4151/4786/4136 4150/4785/4135 4152/4787/4137 4153/4788/4138
f 4153/4788/4138 4152/4787/4137 4154/4789/4139 4155/4790/4140
f 4156/4791/4141 4157/4792/4142 4158/4793/4143 4159/4794/4144
f 4161/4796/4145 4160/4795/4146 4156/4791/4141 4159/4794/4144
f 4162/4797/4147 4160/4795/4146 4161/4796/4145 4163/4798/4148
f 4165/4800/4149 4164/4799/4150 4162/4797/4147 4163/4798/4148
f 4166/4801/4151 4164/4799/4150 4165/4800/4149 4167/4802/4152
f 4169/4804/4153 4168/4803/4154 4166/4801/4151 4167/4802/4152
f 4171/4806/4155 4170/4805/4156 4168/4803/4154 4169/4804/4153
f 4173/4808/4157 4172/4807/4158 4170/4805/4156 4171/4806/4155
f 4175/4810/4159 4174/4809/4160 4172/4807/4158 4173/4808/4157
f 4177/4812/4161 4176/4811/4162 4174/4809/4160 4175/4810/4159
f 4179/4814/4163 4178/4813/4164 4176/4811/4162 4177/4812/4161
f 4181/4816/4165 4180/4815/4166 4178/4813/4164 4179/4814/4163
f 4183/4818/4167 4182/4817/4168 4180/4815/4166 4181/4816/4165
f 4185/4820/4169 4184/4819/4170 4182/4817/4168 4183/4818/4167
f 4187/4822/4171 4186/4821/4172 4184/4819/4170 4185/4820/4169
f 4189/4824/4173 4188/4823/4174 4186/4821/4172 4187/4822/4171
f 4119/4754/4104 4118/4753/4103 4188/4823/4174 4189/4824/4173
f 3948/4531/3947 3874/4457/3876 4119/4754/4104 4120/4755/4106
f 3877/4460/3875 3950/4534/3949 4190/4825/4175 4118/4753/4103
f 4182/4817/4168 4191/4827/4176 4192/4829/4177 4180/4815/4166
f 4172/4807/4158 4193/4831/4178 4194/4833/4179 4170/4805/4156
f 4195/4835/4180 4196/4837/4181 4160/4795/4146 4162/4797/4147
f 4186/4821/4172 4197/4839/4182 4198/4841/4183 4184/4819/4170
f 4176/4811/4162 4199/4843/4184 4200/4845/4185 4174/4809/4160
f 4201/4847/4186 4202/4849/4187 4164/4799/4150 4166/4801/4151
f 4118/4753/4103 4190/4825/4175 4203/4851/4188 4188/4823/4174
f 4180/4815/4166 4192/4829/4177 4204/4853/4189 4178/4813/4164
f 4194/4833/4179 4205/4855/4190 4168/4803/4154 4170/4805/4156
f 4160/4795/4146 4196/4837/4181 4206/4857/4191 4156/4791/4141
f 4184/4819/4170 4198/4841/4183 4191/4827/4176 4182/4817/4168
f 4174/4809/4160 4200/4845/4185 4193/4831/4178 4172/4807/4158
f 4164/4799/4150 4202/4849/4187 4195/4835/4180 4162/4797/4147
f 4188/4823/4174 4203/4851/4188 4197/4839/4182 4186/4821/4172
f 4178/4813/4164 4204/4853/4189 4199/4843/4184 4176/4811/4162
f 4168/4803/4154 4205/4855/4190 4201/4847/4186 4166/4801/4151
f 4206/4857/4191 4207/4859/4192 4157/4792/4142 4156/4791/4141
f 3950/4535/3949 3969/4571/3968 4208/4861/4193 4190/4826/4175
f 4190/4826/4175 4208/4861/4193 4209/4862/4194 4203/4852/4188
f 4204/4854/4189 4210/4863/4195 4211/4864/4196 4199/4844/4184
f 4212/4865/4197 4213/4866/4198 4196/4838/4181 4195/4836/4180
f 4199/4844/4184 4211/4864/4196 4214/4867/4199 4200/4846/4185
f 4196/4838/4181 4213/4866/4198 4215/4868/4200 4206/4858/4191
f 4200/4846/4185 4214/4867/4199 4216/4869/4201 4193/4832/4178
f 4203/4852/4188 4209/4862/4194 4217/4870/4202 4197/4840/4182
f 4215/4868/4200 4218/4871/4203 4207/4860/4192 4206/4858/4191
f 4193/4832/4178 4216/4869/4201 4219/4872/4204 4194/4834/4179
f 4197/4840/4182 4217/4870/4202 4220/4873/4205 4198/4842/4183
f 4219/4872/4204 4221/4874/4206 4205/4856/4190 4194/4834/4179
f 4198/4842/4183 4220/4873/4205 4222/4875/4207 4191/4828/4176
f 4205/4856/4190 4221/4874/4206 4223/4876/4208 4201/4848/4186
f 4191/4828/4176 4222/4875/4207 4224/4877/4209 4192/4830/4177
f 4223/4876/4208 4225/4878/4210 4202/4850/4187 4201/4848/4186
f 4192/4830/4177 4224/4877/4209 4210/4863/4195 4204/4854/4189
f 4202/4850/4187 4225/4878/4210 4212/4865/4197 4195/4836/4180
f 4226/4879/4211 4227/4880/4212 4228/4881/4213 4229/4882/4214
f 3991/4593/3993 3994/4596/3992 4230/4883/4215 4231/4884/4216
f 4232/4885/4217 4233/4886/4218 4234/4887/4219 4235/4888/4220
f 4229/4882/4214 4228/4881/4213 4236/4889/4221 4237/4890/4222
f 4231/4884/4216 4230/4883/4215 4238/4891/4223 4239/4892/4224
f 4234/4887/4219 4240/4893/4225 4241/4894/4226 4235/4888/4220
f 4237/4890/4222 4236/4889/4221 4242/4895/4227 4243/4896/4228
f 4241/4894/4226 4240/4893/4225 4244/4897/4229 4245/4898/4230
f 4243/4896/4228 4242/4895/4227 4246/4899/4231 4247/4900/4232
f 4248/4901/4233 4249/4902/4234 4227/4880/4212 4226/4879/4211
f 4244/4897/4229 4250/4903/4235 4251/4904/4236 4245/4898/4230
f 4247/4900/4232 4246/4899/4231 4252/4905/4237 4253/4906/4238
f 4250/4903/4235 4254/4907/4239 4255/4909/4240 4251/4904/4236
f 4253/4906/4238 4252/4905/4237 4256/4910/4241 4257/4911/4242
f 4239/4892/4224 4238/4891/4223 4249/4902/4234 4248/4901/4233
f 4255/4909/4240 4254/4907/4239 4258/4912/4243 4259/4914/4244
f 4257/4911/4242 4256/4910/4241 4260/4916/4245 4261/4917/4246
f 4261/4917/4246 4260/4916/4245 4233/4886/4218 4232/4885/4217
f 4261/4917/4246 4232/4885/4217 4221/4874/4206 4219/4872/4204
f 4257/4911/4242 4261/4917/4246 4219/4872/4204 4216/4869/4201
f 4255/4909/4240 4259/4914/4244 4218/4871/4203 4215/4868/4200
f 4209/4862/4194 4239/4892/4224 4248/4901/4233 4217/4870/4202
f 4253/4906/4238 4257/4911/4242 4216/4869/4201 4214/4867/4199
f 4251/4904/4236 4255/4909/4240 4215/4868/4200 4213/4866/4198
f 4211/4864/4196 4247/4900/4232 4253/4906/4238 4214/4867/4199
f 4245/4898/4230 4251/4904/4236 4213/4866/4198 4212/4865/4197
f 4217/4870/4202 4248/4901/4233 4226/4879/4211 4220/4873/4205
f 4210/4863/4195 4243/4896/4228 4247/4900/4232 4211/4864/4196
f 4241/4894/4226 4245/4898/4230 4212/4865/4197 4225/4878/4210
f 4224/4877/4209 4237/4890/4222 4243/4896/4228 4210/4863/4195
f 4235/4888/4220 4241/4894/4226 4225/4878/4210 4223/4876/4208
f 4208/4861/4193 4231/4884/4216 4239/4892/4224 4209/4862/4194
f 4222/4875/4207 4229/4882/4214 4237/4890/4222 4224/4877/4209
f 4232/4885/4217 4235/4888/4220 4223/4876/4208 4221/4874/4206
f 3969/4571/3968 3991/4593/3993 4231/4884/4216 4208/4861/4193
f 4220/4873/4205 4226/4879/4211 4229/4882/4214 4222/4875/4207
f 4025/4630/4026 4028/4633/4025 4262/4918/4025 4263/4919/4247
f 4230/4883/4215 4263/4919/4247 4249/4902/4234 4238/4891/4223
f 3994/4596/3992 4025/4630/4026 4263/4919/4247 4230/4883/4215
f 4249/4902/4234 4263/4919/4247 4264/4920/4248 4227/4880/4212
f 4263/4919/4247 4262/4918/4025 4265/4921/4249 4264/4920/4248
f 4264/4920/4248 4265/4921/4249 4242/4895/4227 4236/4889/4221
f 4242/4895/4227 4265/4921/4249 4252/4905/4237 4246/4899/4231
f 4034/4639/4025 4033/4638/4025 4267/4923/4250 4266/4922/4251
f 4038/4643/4025 4037/4642/4025 4269/4925/4252 4268/4924/4253
f 4042/4647/4025 4041/4646/4035 4271/4927/4254 4270/4926/4255
f 4041/4646/4035 4044/4650/4037 4272/4928/4256 4271/4927/4254
f 4227/4880/4212 4264/4920/4248 4236/4889/4221 4228/4881/4213
f 4266/4922/4251 4267/4923/4250 4273/4930/4257 4274/4931/4258
f 4262/4918/4025 4275/4932/4259 4276/4933/4260 4265/4921/4249
f 4275/4932/4259 4266/4922/4251 4274/4931/4258 4276/4933/4260
f 4028/4633/4025 4049/4656/4025 4275/4932/4259 4262/4918/4025
f 4049/4656/4025 4034/4639/4025 4266/4922/4251 4275/4932/4259
f 4265/4921/4249 4276/4933/4260 4256/4910/4241 4252/4905/4237
f 4276/4933/4260 4274/4931/4258 4260/4916/4245 4256/4910/4241
f 4274/4931/4258 4273/4930/4257 4233/4886/4218 4260/4916/4245
f 4033/4638/4025 4038/4643/4025 4268/4924/4253 4267/4923/4250
f 4267/4923/4250 4268/4924/4253 4277/4934/4261 4273/4930/4257
f 4273/4930/4257 4277/4934/4261 4234/4887/4219 4233/4886/4218
f 4268/4924/4253 4269/4925/4252 4278/4935/4262 4277/4934/4261
f 4277/4934/4261 4278/4935/4262 4240/4893/4225 4234/4887/4219
f 4279/4936/4263 4280/4937/4264 4250/4903/4235 4244/4897/4229
f 4037/4642/4025 4042/4647/4025 4270/4926/4255 4269/4925/4252
f 4269/4925/4252 4270/4926/4255 4279/4936/4263 4278/4935/4262
f 4207/4859/4192 4281/4940/4265 4158/4793/4143 4157/4792/4142
f 4218/4871/4203 4259/4914/4244 4281/4938/4265 4207/4860/4192
f 4259/4915/4244 4258/4913/4243 4282/4942/4266 4281/4939/4265
f 4281/4940/4265 4282/4941/4266 4154/4789/4139 4158/4793/4143
f 4059/4671/4051 4058/4669/4050 4284/4944/4267 4283/4943/4268
f 4278/4935/4262 4279/4936/4263 4244/4897/4229 4240/4893/4225
f 4286/4949/4269 4287/4951/4270 4288/4953/4271 4285/4946/4272
f 4064/4680/4056 3948/4531/3947 4120/4755/4106 4123/4758/4105
f 4154/4789/4139 4152/4787/4137 4159/4794/4144 4158/4793/4143
f 4150/4785/4135 4161/4796/4145 4159/4794/4144 4152/4787/4137
f 4150/4785/4135 4148/4783/4133 4163/4798/4148 4161/4796/4145
f 4148/4783/4133 4146/4781/4131 4165/4800/4149 4163/4798/4148
f 4146/4781/4131 4144/4779/4129 4167/4802/4152 4165/4800/4149
f 4142/4777/4127 4169/4804/4153 4167/4802/4152 4144/4779/4129
f 4140/4775/4125 4171/4806/4155 4169/4804/4153 4142/4777/4127
f 4138/4773/4123 4173/4808/4157 4171/4806/4155 4140/4775/4125
f 4136/4771/4121 4175/4810/4159 4173/4808/4157 4138/4773/4123
f 4134/4769/4119 4177/4812/4161 4175/4810/4159 4136/4771/4121
f 4132/4767/4117 4179/4814/4163 4177/4812/4161 4134/4769/4119
f 4130/4765/4115 4181/4816/4165 4179/4814/4163 4132/4767/4117
f 4128/4763/4113 4183/4818/4167 4181/4816/4165 4130/4765/4115
f 4126/4761/4111 4185/4820/4169 4183/4818/4167 4128/4763/4113
f 4124/4759/4109 4187/4822/4171 4185/4820/4169 4126/4761/4111
f 4121/4756/4107 4189/4824/4173 4187/4822/4171 4124/4759/4109
f 4120/4755/4106 4119/4754/4104 4189/4824/4173 4121/4756/4107
f 4290/4956/4273 4122/4757/4108 4125/4760/4110 4289/4954/4274
f 4292/4960/4275 4133/4768/4118 4135/4770/4120 4291/4958/4276
f 4069/4689/4062 4064/4680/4056 4123/4758/4105 4293/4962/4277
f 4294/4964/4278 4295/4966/4279 4143/4778/4128 4145/4780/4130
f 4285/4948/4272 4288/4952/4271 4153/4788/4138 4155/4790/4140
f 4297/4970/4280 4129/4764/4114 4131/4766/4116 4296/4968/4281
f 4298/4972/4282 4299/4974/4283 4139/4774/4124 4141/4776/4126
f 4301/4978/4284 4149/4784/4134 4151/4786/4136 4300/4976/4285
f 4289/4954/4274 4125/4760/4110 4127/4762/4112 4302/4980/4286
f 4291/4958/4276 4135/4770/4120 4137/4772/4122 4303/4982/4287
f 4304/4984/4288 4294/4964/4278 4145/4780/4130 4147/4782/4132
f 4293/4962/4277 4123/4758/4105 4122/4757/4108 4290/4956/4273
f 4296/4968/4281 4131/4766/4116 4133/4768/4118 4292/4960/4275
f 4295/4966/4279 4298/4972/4282 4141/4776/4126 4143/4778/4128
f 4288/4952/4271 4300/4976/4285 4151/4786/4136 4153/4788/4138
f 4302/4980/4286 4127/4762/4112 4129/4764/4114 4297/4970/4280
f 4303/4982/4287 4137/4772/4122 4139/4774/4124 4299/4974/4283
f 4301/4978/4284 4304/4984/4288 4147/4782/4132 4149/4784/4134
f 4305/4986/4289 4306/4987/4290 4297/4971/4280 4296/4969/4281
f 4086/4719/4078 4085/4718/4078 4307/4988/4291 4308/4989/4292
f 4085/4718/4078 4089/4722/4078 4309/4990/4293 4307/4988/4291
f 4089/4722/4078 4091/4724/4078 4310/4991/4294 4309/4990/4293
f 4091/4724/4078 4093/4726/4078 4311/4992/4295 4310/4991/4294
f 4093/4726/4078 4095/4728/4078 4312/4993/4296 4311/4992/4295
f 4095/4728/4078 4097/4730/4078 4313/4994/4297 4312/4993/4296
f 4097/4730/4078 4099/4732/4085 4314/4995/4298 4313/4994/4297
f 4099/4732/4085 4101/4734/4087 4315/4996/4299 4314/4995/4298
f 4101/4734/4087 4102/4735/4088 4305/4986/4289 4315/4996/4299
f 4102/4735/4088 4103/4736/4089 4306/4987/4290 4305/4986/4289
f 4306/4987/4290 4316/4997/4300 4302/4981/4286 4297/4971/4280
f 4103/4736/4089 4105/4738/4091 4316/4997/4300 4306/4987/4290
f 4316/4997/4300 4290/4957/4273 4289/4955/4274 4302/4981/4286
f 4105/4738/4091 4106/4739/4092 4290/4957/4273 4316/4997/4300
f 4106/4739/4092 4069/4690/4062 4293/4963/4277 4290/4957/4273
f 4270/4926/4255 4271/4927/4254 4280/4937/4264 4279/4936/4263
f 4280/4937/4264 4317/4998/4301 4254/4907/4239 4250/4903/4235
f 4271/4927/4254 4272/4928/4256 4317/4998/4301 4280/4937/4264
f 4283/4943/4268 4284/4944/4267 4319/5001/4302 4318/5000/4303
f 4318/5000/4303 4319/5001/4302 4286/4950/4269 4320/5003/4304
f 4317/4999/4301 4318/5000/4303 4320/5003/4304 4254/4908/4239
f 4272/4929/4256 4283/4943/4268 4318/5000/4303 4317/4999/4301
f 4044/4651/4037 4059/4671/4051 4283/4943/4268 4272/4929/4256
f 4319/5002/4302 4321/5004/4305 4287/4951/4270 4286/4949/4269
f 4284/4945/4267 4322/5005/4306 4321/5004/4305 4319/5002/4302
f 4058/4670/4050 4113/4748/4099 4322/5005/4306 4284/4945/4267
f 4320/5003/4304 4286/4950/4269 4285/4947/4272 4282/4942/4266
f 4282/4941/4266 4285/4948/4272 4155/4790/4140 4154/4789/4139
f 4254/4908/4239 4320/5003/4304 4282/4942/4266 4258/4913/4243
f 4315/4996/4299 4305/4986/4289 4296/4969/4281 4292/4961/4275
f 4314/4995/4298 4315/4996/4299 4292/4961/4275 4291/4959/4276
f 4313/4994/4297 4314/4995/4298 4291/4959/4276 4303/4983/4287
f 4312/4993/4296 4313/4994/4297 4303/4983/4287 4299/4975/4283
f 4311/4992/4295 4312/4993/4296 4299/4975/4283 4298/4973/4282
f 4310/4991/4294 4311/4992/4295 4298/4973/4282 4295/4967/4279
f 4309/4990/4293 4310/4991/4294 4295/4967/4279 4294/4965/4278
f 4307/4988/4291 4309/4990/4293 4294/4965/4278 4304/4985/4288
f 4308/4989/4292 4307/4988/4291 4304/4985/4288 4301/4979/4284
f 4115/4750/4078 4086/4719/4078 4308/4989/4292 4323/5006/4307
f 4113/4748/4099 4115/4750/4078 4323/5006/4307 4322/5005/4306
f 4323/5006/4307 4308/4989/4292 4301/4979/4284 4300/4977/4285
f 4325/5008/4308 4323/5006/4307 4300/4977/4285 4324/5007/4309
f 4322/5005/4306 4323/5006/4307 4325/5008/4308 4321/5004/4305
f 4321/5004/4305 4325/5008/4308 4324/5007/4309 4287/4951/4270
f 4287/4951/4270 4324/5007/4309 4300/4977/4285 4288/4953/4271
usemtl Teeth.001
f 1632/1843/1631 1633/1844/1632 1634/1845/1633 1635/1846/1634
f 1637/1848/1635 1638/1849/1636 1639/1850/1637 1636/1847/1638
f 1641/1852/1639 1642/1853/1640 1643/1854/1641 1640/1851/1642
f 1647/1858/1643 1644/1855/1644 1645/1856/1645 1646/1857/1646
f 1648/1859/1647 1649/1861/1648 1650/1862/1649
f 1642/1853/1640 1645/1856/1645 1651/1864/1650 1643/1854/1641
f 1654/1867/1651 1636/1847/1638 1652/1865/1652 1653/1866/1653
f 1655/1868/1654 1646/1857/1646 1645/1856/1645 1642/1853/1640
f 1656/1869/1655 1657/1871/1656 1658/1873/1657
f 1659/1874/1658 1655/1868/1654 1642/1853/1640 1641/1852/1639
f 1647/1858/1643 1660/1875/1659 1661/1876/1660 1644/1855/1644
f 1662/1877/1661 1663/1878/1662 1664/1879/1663 1665/1880/1664
f 1648/1860/1647 1650/1863/1649 1666/1881/1665
f 1669/1886/1666 1670/1887/1667 1667/1882/1668 1668/1884/1669
f 1671/1888/1670 1672/1889/1671 1673/1890/1672 1663/1878/1662
f 1674/1892/1673 1647/1858/1643 1646/1857/1646 1655/1868/1654
f 1675/1894/1674 1660/1875/1659 1647/1858/1643 1674/1892/1673
f 1678/1897/1675 1679/1898/1676 1676/1895/1677 1677/1896/1678
f 1635/1846/1634 1634/1845/1633 1681/1900/1679 1680/1899/1680
f 1683/1903/1681 1682/1901/1682 1673/1890/1672 1672/1889/1671
f 1685/1906/1683 1675/1893/1674 1674/1891/1673 1684/1904/1684
f 1663/1878/1662 1673/1890/1672 1686/1907/1685 1664/1879/1663
f 1636/1847/1638 1639/1850/1637 1657/1871/1656 1652/1865/1652
f 1658/1872/1657 1687/1909/1686 1664/1879/1663 1686/1907/1685
f 1689/1912/1687 1688/1910/1688 1665/1880/1664 1687/1909/1686
f 1693/1916/1689 1690/1913/1690 1691/1914/1691 1692/1915/1692
f 1694/1917/1693 1650/1862/1649 1649/1861/1648
f 1695/1919/1694 1650/1863/1649 1694/1918/1693
f 1638/1849/1636 1689/1911/1687 1687/1908/1686 1639/1850/1637
f 1681/1900/1679 1696/1920/1695 1697/1922/1696 1698/1924/1697
f 1649/1861/1648 1652/1865/1652 1656/1869/1655 1694/1917/1693
f 1656/1869/1655 1652/1865/1652 1657/1871/1656
f 1656/1870/1655 1658/1872/1657 1686/1907/1685 1695/1919/1694 1694/1918/1693
f 1700/1926/1698 1701/1927/1699 1702/1928/1700 1699/1925/1701
f 1666/1881/1665 1650/1863/1649 1695/1919/1694 1686/1907/1685
f 1706/1932/1702 1703/1929/1703 1704/1930/1704 1705/1931/1705
f 1644/1855/1644 1661/1876/1660 1707/1933/1706 1708/1934/1707
f 1712/1939/1708 1709/1935/1709 1710/1936/1710 1711/1937/1711
f 1713/1941/1712 1653/1866/1653 1652/1865/1652 1649/1861/1648
f 1714/1942/1713 1715/1943/1714 1689/1911/1687 1638/1849/1636
f 1716/1945/1715 1713/1941/1712 1649/1861/1648 1648/1859/1647
f 1702/1928/1700 1641/1852/1639 1640/1851/1642 1679/1898/1676
f 1717/1946/1716 1654/1867/1651 1653/1866/1653 1713/1941/1712
f 1688/1910/1688 1718/1947/1717 1662/1877/1661 1665/1880/1664
f 1697/1923/1696 1720/1950/1718 1693/1916/1689 1719/1949/1719
f 1685/1906/1683 1709/1935/1709 1712/1939/1708 1675/1893/1674
f 1677/1896/1678 1676/1895/1677 1721/1951/1720 1720/1950/1718
f 1698/1924/1697 1697/1922/1696 1719/1948/1719 1722/1952/1721
f 1682/1901/1682 1666/1881/1665 1686/1907/1685 1673/1890/1672
f 1704/1930/1704 1723/1953/1722 1654/1867/1651 1717/1946/1716
f 1722/1952/1721 1719/1948/1719 1724/1955/1723 1671/1888/1670
f 1719/1949/1719 1693/1916/1689 1692/1915/1692 1724/1954/1723
f 1707/1933/1706 1711/1938/1711 1715/1943/1714 1714/1942/1713
f 1723/1953/1722 1637/1848/1635 1636/1847/1638 1654/1867/1651
f 1708/1934/1707 1707/1933/1706 1714/1942/1713 1725/1956/1724
f 1651/1864/1650 1708/1934/1707 1725/1956/1724 1726/1957/1725
f 1684/1905/1684 1674/1892/1673 1655/1868/1654 1659/1874/1658
f 1725/1956/1724 1714/1942/1713 1638/1849/1636 1637/1848/1635
f 1727/1958/1726 1717/1946/1716 1713/1941/1712 1716/1945/1715
f 1728/1960/1727 1678/1897/1675 1677/1896/1678 1696/1921/1695
f 1634/1845/1633 1728/1959/1727 1696/1920/1695 1681/1900/1679
f 1696/1921/1695 1677/1896/1678 1720/1950/1718 1697/1923/1696
f 1711/1937/1711 1710/1936/1710 1729/1961/1728 1715/1944/1714
f 1718/1947/1717 1698/1924/1697 1722/1952/1721 1662/1877/1661
f 1705/1931/1705 1704/1930/1704 1717/1946/1716 1727/1958/1726
f 1726/1957/1725 1725/1956/1724 1637/1848/1635 1723/1953/1722
f 1660/1875/1659 1675/1894/1674 1712/1940/1708 1661/1876/1660
f 1661/1876/1660 1712/1940/1708 1711/1938/1711 1707/1933/1706
f 1730/1963/1729 1668/1885/1669 1700/1926/1698 1699/1925/1701
f 1658/1873/1657 1657/1871/1656 1687/1908/1686
f 1633/1844/1632 1669/1886/1666 1668/1884/1669 1730/1962/1729
f 1710/1936/1710 1635/1846/1634 1680/1899/1680 1729/1961/1728
f 1703/1929/1703 1726/1957/1725 1723/1953/1722 1704/1930/1704
f 1657/1871/1656 1639/1850/1637 1687/1908/1686
f 1633/1844/1632 1730/1962/1729 1728/1959/1727 1634/1845/1633
f 1730/1963/1729 1699/1925/1701 1678/1897/1675 1728/1960/1727
f 1691/1914/1691 1716/1945/1715 1648/1859/1647 1683/1902/1681
f 1720/1950/1718 1721/1951/1720 1690/1913/1690 1693/1916/1689
f 1676/1895/1677 1706/1932/1702 1705/1931/1705 1721/1951/1720
f 1721/1951/1720 1705/1931/1705 1727/1958/1726 1690/1913/1690
f 1679/1898/1676 1640/1851/1642 1706/1932/1702 1676/1895/1677
f 1632/1843/1631 1670/1887/1667 1669/1886/1666 1633/1844/1632
f 1709/1935/1709 1685/1906/1683 1670/1887/1667 1632/1843/1631
f 1670/1887/1667 1685/1906/1683 1684/1904/1684 1667/1882/1668
f 1709/1935/1709 1632/1843/1631 1635/1846/1634 1710/1936/1710
f 1690/1913/1690 1727/1958/1726 1716/1945/1715 1691/1914/1691
f 1729/1961/1728 1680/1899/1680 1718/1947/1717 1688/1910/1688
f 1680/1899/1680 1681/1900/1679 1698/1924/1697 1718/1947/1717
f 1662/1877/1661 1722/1952/1721 1671/1888/1670 1663/1878/1662
f 1683/1903/1681 1648/1860/1647 1666/1881/1665 1682/1901/1682
f 1668/1885/1669 1667/1883/1668 1701/1927/1699 1700/1926/1698
f 1699/1925/1701 1702/1928/1700 1679/1898/1676 1678/1897/1675
f 1667/1883/1668 1684/1905/1684 1659/1874/1658 1701/1927/1699
f 1701/1927/1699 1659/1874/1658 1641/1852/1639 1702/1928/1700
f 1640/1851/1642 1643/1854/1641 1703/1929/1703 1706/1932/1702
f 1645/1856/1645 1644/1855/1644 1708/1934/1707 1651/1864/1650
f 1643/1854/1641 1651/1864/1650 1726/1957/1725 1703/1929/1703
f 1664/1879/1663 1687/1909/1686 1665/1880/1664
f 1715/1944/1714 1729/1961/1728 1688/1910/1688 1689/1912/1687
f 1692/1915/1692 1691/1914/1691 1683/1902/1681 1724/1954/1723
f 1724/1955/1723 1683/1903/1681 1672/1889/1671 1671/1888/1670
f 1732/1965/1730 1733/1966/1731 1734/1967/1732 1731/1964/1733
f 1735/1968/1734 1736/1969/1735 1737/1970/1736 1738/1971/1737
f 1739/1972/1738 1740/1973/1739 1741/1974/1740 1742/1975/1741
f 1745/1978/1742 1746/1979/1743 1743/1976/1744 1744/1977/1745
f 1747/1980/1746 1748/1982/1747 1749/1984/1748
f 1740/1973/1739 1750/1985/1749 1746/1979/1743 1741/1974/1740
f 1752/1987/1750 1753/1988/1751 1735/1968/1734 1751/1986/1752
f 1741/1974/1740 1746/1979/1743 1745/1978/1742 1754/1989/1753
f 1755/1990/1754 1756/1993/1755 1757/1994/1756
f 1742/1975/1741 1741/1974/1740 1754/1989/1753 1758/1995/1757
f 1743/1976/1744 1759/1996/1758 1760/1997/1759 1744/1977/1745
f 1762/1999/1760 1763/2000/1761 1764/2001/1762 1761/1998/1763
f 1747/1981/1746 1765/2002/1764 1748/1983/1747
f 1769/2007/1765 1766/2003/1766 1767/2005/1767 1768/2006/1768
f 1764/2001/1762 1770/2009/1769 1771/2010/1770 1772/2011/1771
f 1754/1989/1753 1745/1978/1742 1744/1977/1745 1773/2013/1772
f 1773/2013/1772 1744/1977/1745 1760/1997/1759 1774/2015/1773
f 1778/2019/1774 1775/2016/1775 1776/2017/1776 1777/2018/1777
f 1779/2020/1778 1780/2021/1779 1733/1966/1731 1732/1965/1730
f 1771/2010/1770 1770/2009/1769 1781/2022/1780 1782/2024/1781
f 1784/2026/1782 1773/2012/1772 1774/2014/1773 1783/2025/1783
f 1763/2000/1761 1785/2028/1784 1770/2009/1769 1764/2001/1762
f 1753/1988/1751 1757/1994/1756 1736/1969/1735 1735/1968/1734
f 1785/2028/1784 1763/2000/1761 1786/2030/1785 1756/1992/1755
f 1786/2030/1785 1762/1999/1760 1787/2031/1786 1788/2033/1787
f 1791/2036/1788 1792/2037/1789 1789/2034/1790 1790/2035/1791
f 1793/2038/1792 1749/1984/1748 1748/1982/1747
f 1794/2040/1793 1793/2039/1792 1748/1983/1747
f 1736/1969/1735 1786/2029/1785 1788/2032/1787 1737/1970/1736
f 1796/2043/1794 1797/2044/1795 1795/2041/1796 1780/2021/1779
f 1793/2038/1792 1755/1990/1754 1753/1988/1751 1749/1984/1748
f 1755/1990/1754 1757/1994/1756 1753/1988/1751
f 1794/2040/1793 1785/2028/1784 1756/1992/1755 1755/1991/1754 1793/2039/1792
f 1798/2046/1797 1799/2047/1798 1800/2048/1799 1801/2049/1800
f 1785/2028/1784 1794/2040/1793 1748/1983/1747 1765/2002/1764
f 1804/2052/1801 1805/2053/1802 1802/2050/1803 1803/2051/1804
f 1806/2054/1805 1807/2055/1806 1759/1996/1758 1743/1976/1744
f 1810/2059/1807 1811/2061/1808 1808/2056/1809 1809/2057/1810
f 1749/1984/1748 1753/1988/1751 1752/1987/1750 1812/2062/1811
f 1737/1970/1736 1788/2032/1787 1813/2063/1812 1814/2065/1813
f 1747/1980/1746 1749/1984/1748 1812/2062/1811 1815/2066/1814
f 1776/2017/1776 1739/1972/1738 1742/1975/1741 1799/2047/1798
f 1812/2062/1811 1752/1987/1750 1751/1986/1752 1816/2067/1815
f 1762/1999/1760 1761/1998/1763 1817/2068/1816 1787/2031/1786
f 1819/2071/1817 1790/2035/1791 1818/2069/1818 1797/2045/1795
f 1774/2014/1773 1809/2057/1810 1808/2056/1809 1783/2025/1783
f 1818/2069/1818 1820/2072/1819 1775/2016/1775 1778/2019/1774
f 1821/2073/1820 1819/2070/1817 1797/2044/1795 1796/2043/1794
f 1770/2009/1769 1785/2028/1784 1765/2002/1764 1781/2022/1780
f 1816/2067/1815 1751/1986/1752 1822/2074/1821 1805/2053/1802
f 1772/2011/1771 1823/2076/1822 1819/2070/1817 1821/2073/1820
f 1823/2075/1822 1791/2036/1788 1790/2035/1791 1819/2071/1817
f 1814/2065/1813 1813/2063/1812 1810/2060/1807 1807/2055/1806
f 1751/1986/1752 1735/1968/1734 1738/1971/1737 1822/2074/1821
f 1824/2077/1823 1814/2065/1813 1807/2055/1806 1806/2054/1805
f 1825/2078/1824 1824/2077/1823 1806/2054/1805 1750/1985/1749
f 1758/1995/1757 1754/1989/1753 1773/2013/1772 1784/2027/1782
f 1738/1971/1737 1737/1970/1736 1814/2065/1813 1824/2077/1823
f 1815/2066/1814 1812/2062/1811 1816/2067/1815 1826/2079/1825
f 1795/2042/1796 1778/2019/1774 1777/2018/1777 1827/2081/1826
f 1780/2021/1779 1795/2041/1796 1827/2080/1826 1733/1966/1731
f 1797/2045/1795 1818/2069/1818 1778/2019/1774 1795/2042/1796
f 1813/2064/1812 1828/2082/1827 1811/2061/1808 1810/2059/1807
f 1761/1998/1763 1821/2073/1820 1796/2043/1794 1817/2068/1816
f 1826/2079/1825 1816/2067/1815 1805/2053/1802 1804/2052/1801
f 1822/2074/1821 1738/1971/1737 1824/2077/1823 1825/2078/1824
f 1759/1996/1758 1809/2058/1810 1774/2015/1773 1760/1997/1759
f 1807/2055/1806 1810/2060/1807 1809/2058/1810 1759/1996/1758
f 1798/2046/1797 1801/2049/1800 1769/2008/1765 1829/2084/1828
f 1756/1993/1755 1786/2029/1785 1757/1994/1756
f 1829/2083/1828 1769/2007/1765 1768/2006/1768 1734/1967/1732
f 1828/2082/1827 1779/2020/1778 1732/1965/1730 1811/2061/1808
f 1805/2053/1802 1822/2074/1821 1825/2078/1824 1802/2050/1803
f 1757/1994/1756 1786/2029/1785 1736/1969/1735
f 1733/1966/1731 1827/2080/1826 1829/2083/1828 1734/1967/1732
f 1827/2081/1826 1777/2018/1777 1798/2046/1797 1829/2084/1828
f 1782/2023/1781 1747/1980/1746 1815/2066/1814 1792/2037/1789
f 1790/2035/1791 1789/2034/1790 1820/2072/1819 1818/2069/1818
f 1820/2072/1819 1804/2052/1801 1803/2051/1804 1775/2016/1775
f 1789/2034/1790 1826/2079/1825 1804/2052/1801 1820/2072/1819
f 1775/2016/1775 1803/2051/1804 1739/1972/1738 1776/2017/1776
f 1734/1967/1732 1768/2006/1768 1767/2005/1767 1731/1964/1733
f 1731/1964/1733 1767/2005/1767 1783/2025/1783 1808/2056/1809
f 1766/2003/1766 1784/2026/1782 1783/2025/1783 1767/2005/1767
f 1811/2061/1808 1732/1965/1730 1731/1964/1733 1808/2056/1809
f 1792/2037/1789 1815/2066/1814 1826/2079/1825 1789/2034/1790
f 1787/2031/1786 1817/2068/1816 1779/2020/1778 1828/2082/1827
f 1817/2068/1816 1796/2043/1794 1780/2021/1779 1779/2020/1778
f 1764/2001/1762 1772/2011/1771 1821/2073/1820 1761/1998/1763
f 1781/2022/1780 1765/2002/1764 1747/1981/1746 1782/2024/1781
f 1801/2049/1800 1800/2048/1799 1766/2004/1766 1769/2008/1765
f 1777/2018/1777 1776/2017/1776 1799/2047/1798 1798/2046/1797
f 1800/2048/1799 1758/1995/1757 1784/2027/1782 1766/2004/1766
f 1799/2047/1798 1742/1975/1741 1758/1995/1757 1800/2048/1799
f 1803/2051/1804 1802/2050/1803 1740/1973/1739 1739/1972/1738
f 1750/1985/1749 1806/2054/1805 1743/1976/1744 1746/1979/1743
f 1802/2050/1803 1825/2078/1824 1750/1985/1749 1740/1973/1739
f 1763/2000/1761 1762/1999/1760 1786/2030/1785
f 1788/2033/1787 1787/2031/1786 1828/2082/1827 1813/2064/1812
f 1823/2075/1822 1782/2023/1781 1792/2037/1789 1791/2036/1788
f 1772/2011/1771 1771/2010/1770 1782/2024/1781 1823/2076/1822
f 1831/2086/1829 1832/2087/1830 1833/2088/1831 1830/2085/1832
f 1834/2089/1833 1835/2090/1834 1836/2091/1835 1837/2092/1836
f 1838/2093/1837 1839/2094/1838 1840/2095/1839 1841/2096/1840
f 1845/2100/1841 1842/2097/1842 1843/2098/1843 1844/2099/1844
f 1840/2095/1839 1846/2101/1845 1847/2102/1846 1848/2103/1847
f 1839/2094/1838 1843/2098/1843 1846/2101/1845 1840/2095/1839
f 1849/2104/1848 1844/2099/1844 1843/2098/1843 1839/2094/1838
f 1852/2107/1849 1850/2105/1850 1849/2104/1848 1851/2106/1851
f 1853/2109/1852 1854/2110/1853 1855/2111/1854 1856/2114/1855
f 1859/2117/1856 1860/2118/1857 1857/2115/1858 1858/2116/1859
f 1851/2106/1851 1849/2104/1848 1839/2094/1838 1838/2093/1837
f 1861/2119/1860 1862/2120/1861 1842/2097/1842 1845/2100/1841
f 1864/2123/1862 1865/2126/1863 1866/2127/1864 1863/2122/1865
f 1868/2129/1866 1869/2130/1867 1870/2131/1868 1867/2128/1869
f 1850/2105/1850 1845/2100/1841 1844/2099/1844 1849/2104/1848
f 1864/2124/1862 1861/2119/1860 1845/2100/1841 1850/2105/1850
f 1871/2132/1870 1848/2103/1847 1860/2118/1857 1859/2117/1856
f 1865/2125/1863 1864/2124/1862 1850/2105/1850 1852/2107/1849
f 1864/2124/1862 1863/2121/1865 1862/2120/1861 1861/2119/1860
f 1856/2113/1855 1867/2128/1869 1872/2133/1871 1873/2134/1872
f 1858/2116/1859 1857/2115/1858 1874/2136/1873 1875/2137/1874
f 1837/2092/1836 1836/2091/1835 1877/2139/1875 1876/2138/1876
f 1842/2097/1842 1862/2120/1861 1878/2140/1877 1879/2141/1878
f 1882/2145/1879 1883/2147/1880 1880/2142/1881 1881/2144/1882
f 1830/2085/1832 1833/2088/1831 1884/2148/1883 1885/2149/1884
f 1832/2087/1830 1882/2146/1879 1881/2143/1882 1833/2088/1831
f 1833/2088/1831 1881/2143/1882 1886/2150/1885 1884/2148/1883
f 1881/2144/1882 1880/2142/1881 1887/2152/1886 1886/2151/1885
f 1889/2154/1887 1830/2085/1832 1885/2149/1884 1888/2153/1888
f 1891/2157/1889 1873/2135/1872 1890/2155/1890 1835/2090/1834
f 1894/2160/1891 1895/2161/1892 1892/2158/1893 1893/2159/1894
f 1835/2090/1834 1890/2155/1890 1896/2162/1895 1836/2091/1835
f 1884/2148/1883 1886/2150/1885 1897/2164/1896 1885/2149/1884
f 1888/2153/1888 1885/2149/1884 1897/2164/1896 1874/2136/1873
f 1875/2137/1874 1874/2136/1873 1897/2164/1896 1898/2167/1897
f 1857/2115/1858 1889/2154/1887 1888/2153/1888 1874/2136/1873
f 1896/2163/1895 1894/2160/1891 1893/2159/1894 1899/2169/1898
f 1836/2091/1835 1896/2162/1895 1899/2168/1898 1877/2139/1875
f 1860/2118/1857 1900/2170/1899 1889/2154/1887 1857/2115/1858
f 1877/2139/1875 1899/2168/1898 1902/2172/1900 1901/2171/1901
f 1899/2169/1898 1893/2159/1894 1903/2174/1902 1902/2173/1900
f 1900/2170/1899 1831/2086/1829 1830/2085/1832 1889/2154/1887
f 1841/2096/1840 1840/2095/1839 1848/2103/1847 1871/2132/1870
f 1905/2177/1903 1901/2171/1901 1902/2172/1900 1904/2175/1904
f 1886/2151/1885 1887/2152/1886 1898/2166/1897 1897/2165/1896
f 1892/2158/1893 1858/2116/1859 1875/2137/1874 1906/2178/1905
f 1887/2152/1886 1905/2177/1903 1904/2175/1904 1898/2166/1897
f 1880/2142/1881 1876/2138/1876 1905/2177/1903 1887/2152/1886
f 1904/2176/1904 1906/2178/1905 1875/2137/1874 1898/2167/1897
f 1866/2127/1864 1865/2126/1863 1907/2179/1906 1908/2180/1907
f 1893/2159/1894 1892/2158/1893 1906/2178/1905 1903/2174/1902
f 1855/2112/1854 1909/2181/1908 1869/2130/1867 1868/2129/1866
f 1909/2181/1908 1852/2107/1849 1851/2106/1851 1869/2130/1867
f 1869/2130/1867 1851/2106/1851 1838/2093/1837 1870/2131/1868
f 1907/2179/1906 1865/2126/1863 1852/2108/1849 1909/2182/1908
f 1854/2110/1853 1907/2179/1906 1909/2182/1908 1855/2111/1854
f 1847/2102/1846 1910/2183/1909 1831/2086/1829 1900/2170/1899
f 1867/2128/1869 1870/2131/1868 1911/2184/1910 1872/2133/1871
f 1848/2103/1847 1847/2102/1846 1900/2170/1899 1860/2118/1857
f 1895/2161/1892 1859/2117/1856 1858/2116/1859 1892/2158/1893
f 1912/2185/1911 1891/2157/1889 1835/2090/1834 1834/2089/1833
f 1913/2186/1912 1912/2185/1911 1834/2089/1833 1914/2187/1913
f 1914/2187/1913 1834/2089/1833 1837/2092/1836 1883/2147/1880
f 1872/2133/1871 1911/2184/1910 1915/2188/1914 1916/2189/1915
f 1917/2190/1916 1914/2187/1913 1883/2147/1880 1882/2145/1879
f 1879/2141/1878 1878/2140/1877 1918/2192/1917 1910/2183/1909
f 1918/2192/1917 1917/2191/1916 1882/2146/1879 1832/2087/1830
f 1846/2101/1845 1879/2141/1878 1910/2183/1909 1847/2102/1846
f 1908/2180/1907 1853/2109/1852 1891/2157/1889 1912/2185/1911
f 1855/2112/1854 1868/2129/1866 1867/2128/1869 1856/2113/1855
f 1910/2183/1909 1918/2192/1917 1832/2087/1830 1831/2086/1829
f 1873/2134/1872 1872/2133/1871 1916/2189/1915 1890/2156/1890
f 1916/2189/1915 1915/2188/1914 1895/2161/1892 1894/2160/1891
f 1890/2156/1890 1916/2189/1915 1894/2160/1891 1896/2163/1895
f 1866/2127/1864 1908/2180/1907 1912/2185/1911 1913/2186/1912
f 1862/2120/1861 1863/2121/1865 1919/2194/1918 1878/2140/1877
f 1863/2122/1865 1866/2127/1864 1913/2186/1912 1919/2193/1918
f 1876/2138/1876 1877/2139/1875 1901/2171/1901 1905/2177/1903
f 1853/2109/1852 1856/2114/1855 1873/2135/1872 1891/2157/1889
f 1911/2184/1910 1841/2096/1840 1871/2132/1870 1915/2188/1914
f 1915/2188/1914 1871/2132/1870 1859/2117/1856 1895/2161/1892
f 1883/2147/1880 1837/2092/1836 1876/2138/1876 1880/2142/1881
f 1919/2193/1918 1913/2186/1912 1914/2187/1913 1917/2190/1916
f 1878/2140/1877 1919/2194/1918 1917/2191/1916 1918/2192/1917
f 1843/2098/1843 1842/2097/1842 1879/2141/1878 1846/2101/1845
f 1908/2180/1907 1907/2179/1906 1854/2110/1853 1853/2109/1852
f 1902/2173/1900 1903/2174/1902 1906/2178/1905 1904/2176/1904
f 1870/2131/1868 1838/2093/1837 1841/2096/1840 1911/2184/1910
f 1920/2195/1919 1921/2196/1920 1922/2197/1921 1923/2198/1922
f 1925/2200/1923 1926/2201/1924 1927/2202/1925 1924/2199/1926
f 1929/2204/1927 1930/2205/1928 1931/2206/1929 1928/2203/1930
f 1934/2209/1931 1935/2210/1932 1932/2207/1933 1933/2208/1934
f 1936/2211/1935 1937/2212/1936 1938/2213/1937 1930/2205/1928
f 1930/2205/1928 1938/2213/1937 1935/2210/1932 1931/2206/1929
f 1931/2206/1929 1935/2210/1932 1934/2209/1931 1939/2214/1938
f 1942/2218/1939 1939/2214/1938 1940/2215/1940 1941/2216/1941
f 1944/2221/1942 1945/2222/1943 1946/2224/1944 1943/2219/1945
f 1950/2228/1946 1947/2225/1947 1948/2226/1948 1949/2227/1949
f 1928/2203/1930 1931/2206/1929 1939/2214/1938 1942/2218/1939
f 1933/2208/1934 1932/2207/1933 1951/2229/1950 1952/2230/1951
f 1953/2232/1952 1954/2233/1953 1955/2235/1954 1956/2236/1955
f 1957/2238/1956 1958/2239/1957 1959/2240/1958 1960/2241/1959
f 1939/2214/1938 1934/2209/1931 1933/2208/1934 1940/2215/1940
f 1940/2215/1940 1933/2208/1934 1952/2230/1951 1956/2237/1955
f 1949/2227/1949 1948/2226/1948 1936/2211/1935 1961/2242/1960
f 1941/2216/1941 1940/2215/1940 1956/2237/1955 1955/2234/1954
f 1952/2230/1951 1951/2229/1950 1953/2231/1952 1956/2237/1955
f 1962/2243/1961 1963/2245/1962 1957/2238/1956 1944/2220/1942
f 1964/2246/1963 1965/2247/1964 1947/2225/1947 1950/2228/1946
f 1966/2248/1965 1967/2249/1966 1926/2201/1924 1925/2200/1923
f 1968/2250/1967 1969/2251/1968 1951/2229/1950 1932/2207/1933
f 1973/2257/1969 1970/2252/1970 1971/2253/1971 1972/2254/1972
f 1974/2258/1973 1975/2259/1974 1921/2196/1920 1920/2195/1919
f 1921/2196/1920 1973/2256/1969 1972/2255/1972 1922/2197/1921
f 1975/2259/1974 1976/2260/1975 1973/2256/1969 1921/2196/1920
f 1976/2261/1975 1977/2262/1976 1970/2252/1970 1973/2257/1969
f 1979/2264/1977 1974/2258/1973 1920/2195/1919 1978/2263/1978
f 1927/2202/1925 1980/2265/1979 1962/2244/1961 1981/2267/1980
f 1985/2271/1981 1982/2268/1982 1983/2269/1983 1984/2270/1984
f 1926/2201/1924 1986/2272/1985 1980/2265/1979 1927/2202/1925
f 1974/2258/1973 1987/2274/1986 1976/2260/1975 1975/2259/1974
f 1965/2247/1964 1987/2274/1986 1974/2258/1973 1979/2264/1977
f 1988/2277/1987 1987/2274/1986 1965/2247/1964 1964/2246/1963
f 1965/2247/1964 1979/2264/1977 1978/2263/1978 1947/2225/1947
f 1989/2279/1988 1985/2271/1981 1984/2270/1984 1986/2273/1985
f 1967/2249/1966 1989/2278/1988 1986/2272/1985 1926/2201/1924
f 1947/2225/1947 1978/2263/1978 1990/2280/1989 1948/2226/1948
f 1991/2281/1990 1992/2282/1991 1989/2278/1988 1967/2249/1966
f 1992/2283/1991 1993/2284/1992 1985/2271/1981 1989/2279/1988
f 1978/2263/1978 1920/2195/1919 1923/2198/1922 1990/2280/1989
f 1961/2242/1960 1936/2211/1935 1930/2205/1928 1929/2204/1927
f 1995/2286/1993 1992/2282/1991 1991/2281/1990 1994/2285/1994
f 1987/2275/1986 1988/2276/1987 1977/2262/1976 1976/2261/1975
f 1996/2288/1995 1964/2246/1963 1950/2228/1946 1982/2268/1982
f 1988/2276/1987 1995/2286/1993 1994/2285/1994 1977/2262/1976
f 1977/2262/1976 1994/2285/1994 1966/2248/1965 1970/2252/1970
f 1988/2277/1987 1964/2246/1963 1996/2288/1995 1995/2287/1993
f 1997/2289/1996 1998/2290/1997 1955/2235/1954 1954/2233/1953
f 1993/2284/1992 1996/2288/1995 1982/2268/1982 1985/2271/1981
f 1960/2241/1959 1959/2240/1958 1999/2291/1998 1945/2223/1943
f 1959/2240/1958 1942/2218/1939 1941/2216/1941 1999/2291/1998
f 1958/2239/1957 1928/2203/1930 1942/2218/1939 1959/2240/1958
f 1999/2292/1998 1941/2217/1941 1955/2235/1954 1998/2290/1997
f 1945/2222/1943 1999/2292/1998 1998/2290/1997 1946/2224/1944
f 1990/2280/1989 1923/2198/1922 2000/2293/1999 1937/2212/1936
f 1963/2245/1962 2001/2294/2000 1958/2239/1957 1957/2238/1956
f 1948/2226/1948 1990/2280/1989 1937/2212/1936 1936/2211/1935
f 1982/2268/1982 1950/2228/1946 1949/2227/1949 1983/2269/1983
f 1924/2199/1926 1927/2202/1925 1981/2267/1980 2002/2295/2001
f 2004/2297/2002 1924/2199/1926 2002/2295/2001 2003/2296/2003
f 1971/2253/1971 1925/2200/1923 1924/2199/1926 2004/2297/2002
f 2006/2299/2004 2005/2298/2005 2001/2294/2000 1963/2245/1962
f 1972/2254/1972 1971/2253/1971 2004/2297/2002 2007/2300/2006
f 2000/2293/1999 2008/2302/2007 1969/2251/1968 1968/2250/1967
f 1922/2197/1921 1972/2255/1972 2007/2301/2006 2008/2302/2007
f 1937/2212/1936 2000/2293/1999 1968/2250/1967 1938/2213/1937
f 2002/2295/2001 1981/2267/1980 1943/2219/1945 1997/2289/1996
f 1944/2220/1942 1957/2238/1956 1960/2241/1959 1945/2223/1943
f 1923/2198/1922 1922/2197/1921 2008/2302/2007 2000/2293/1999
f 1980/2266/1979 2006/2299/2004 1963/2245/1962 1962/2243/1961
f 1984/2270/1984 1983/2269/1983 2005/2298/2005 2006/2299/2004
f 1986/2273/1985 1984/2270/1984 2006/2299/2004 1980/2266/1979
f 2003/2296/2003 2002/2295/2001 1997/2289/1996 1954/2233/1953
f 1969/2251/1968 2009/2304/2008 1953/2231/1952 1951/2229/1950
f 2009/2303/2008 2003/2296/2003 1954/2233/1953 1953/2232/1952
f 1994/2285/1994 1991/2281/1990 1967/2249/1966 1966/2248/1965
f 1981/2267/1980 1962/2244/1961 1944/2221/1942 1943/2219/1945
f 2005/2298/2005 1961/2242/1960 1929/2204/1927 2001/2294/2000
f 1983/2269/1983 1949/2227/1949 1961/2242/1960 2005/2298/2005
f 1970/2252/1970 1966/2248/1965 1925/2200/1923 1971/2253/1971
f 2007/2300/2006 2004/2297/2002 2003/2296/2003 2009/2303/2008
f 2008/2302/2007 2007/2301/2006 2009/2304/2008 1969/2251/1968
f 1938/2213/1937 1968/2250/1967 1932/2207/1933 1935/2210/1932
f 1943/2219/1945 1946/2224/1944 1998/2290/1997 1997/2289/1996
f 1995/2287/1993 1996/2288/1995 1993/2284/1992 1992/2283/1991
f 2001/2294/2000 1929/2204/1927 1928/2203/1930 1958/2239/1957
f 2013/2308/2009 2010/2305/2010 2011/2306/2011 2012/2307/2012
f 2017/2314/2013 2014/2309/2014 2015/2311/2015 2016/2312/2016
f 2018/2315/2017 2019/2317/2018 2020/2319/2019 2021/2320/2020
f 2019/2317/2018 2022/2321/2021 2023/2322/2022 2020/2319/2019
f 2026/2325/2023 2027/2326/2024 2024/2323/2025 2025/2324/2026
f 2022/2321/2021 2029/2328/2027 2028/2327/2028 2023/2322/2022
f 2020/2319/2019 2023/2322/2022 2030/2329/2029 2031/2330/2030
f 2021/2320/2020 2020/2319/2019 2031/2330/2030 2032/2331/2031
f 2028/2327/2028 2029/2328/2027 2034/2333/2032 2033/2332/2033
f 2036/2335/2034 2037/2336/2035 2038/2337/2036 2035/2334/2037
f 2039/2338/2038 2040/2339/2039 2041/2340/2040 2042/2341/2041
f 2043/2342/2042 2042/2341/2041 2037/2336/2035 2036/2335/2034
f 2042/2341/2041 2041/2340/2040 2044/2343/2043 2037/2336/2035
f 2045/2344/2044 2046/2345/2045 2047/2346/2046 2048/2347/2047
f 2049/2349/2048 2050/2350/2049 2025/2324/2026 2051/2352/2050
f 2037/2336/2035 2044/2343/2043 2052/2353/2051 2038/2337/2036
f 2053/2354/2052 2054/2355/2053 2040/2339/2039 2039/2338/2038
f 2055/2356/2054 2056/2358/2055 2057/2360/2056 2058/2361/2057
f 2060/2363/2058 2061/2364/2059 2062/2365/2060 2059/2362/2061
f 2040/2339/2039 2063/2366/2062 2044/2343/2043 2041/2340/2040
f 2054/2355/2053 2058/2361/2057 2063/2366/2062 2040/2339/2039
f 2065/2368/2063 2061/2364/2059 2060/2363/2058 2064/2367/2064
f 2058/2361/2057 2057/2360/2056 2066/2369/2065 2063/2366/2062
f 2050/2350/2049 2067/2371/2066 2026/2325/2023 2025/2324/2026
f 2069/2374/2067 2017/2314/2013 2016/2312/2016 2068/2373/2068
f 2068/2372/2068 2016/2313/2016 2034/2333/2032 2029/2328/2027
f 2070/2375/2069 2071/2376/2070 2046/2345/2045 2045/2344/2044
f 2074/2379/2071 2075/2381/2072 2072/2377/2073 2073/2378/2074
f 2048/2347/2047 2047/2346/2046 2077/2385/2075 2076/2384/2076
f 2078/2387/2077 2079/2388/2078 2050/2351/2049 2049/2348/2048
f 2077/2386/2075 2074/2379/2071 2073/2378/2074 2080/2389/2079
f 2061/2364/2059 2033/2332/2033 2081/2390/2080 2062/2365/2060
f 2047/2346/2046 2046/2345/2045 2074/2380/2071 2077/2385/2075
f 2083/2392/2081 2084/2393/2082 2085/2394/2083 2082/2391/2084
f 2046/2345/2045 2071/2376/2070 2075/2382/2072 2074/2380/2071
f 2075/2381/2072 2086/2396/2085 2087/2397/2086 2072/2377/2073
f 2089/2400/2087 2090/2402/2088 2091/2404/2089 2088/2399/2090
f 2094/2408/2091 2095/2409/2092 2092/2406/2093 2093/2407/2094
f 2065/2368/2063 2028/2327/2028 2033/2332/2033 2061/2364/2059
f 2096/2411/2095 2078/2387/2077 2049/2348/2048 2086/2395/2085
f 2098/2413/2096 2078/2387/2077 2096/2411/2095 2097/2412/2097
f 2101/2416/2098 2012/2307/2012 2099/2414/2099 2100/2415/2100
f 2102/2417/2101 2079/2388/2078 2078/2387/2077 2098/2413/2096
f 2089/2401/2087 2083/2392/2081 2082/2391/2084 2090/2403/2088
f 2083/2392/2081 2102/2417/2101 2098/2413/2096 2084/2393/2082
f 2090/2402/2088 2018/2315/2017 2021/2320/2020 2091/2404/2089
f 2104/2419/2102 2105/2420/2103 2106/2421/2104 2103/2418/2105
f 2102/2417/2101 2083/2392/2081 2089/2401/2087 2107/2422/2106
f 2079/2388/2078 2102/2417/2101 2107/2422/2106 2108/2423/2107
f 2107/2422/2106 2089/2401/2087 2088/2398/2090 2109/2424/2108
f 2111/2427/2109 2053/2354/2052 2039/2338/2038 2110/2426/2110
f 2076/2383/2076 2077/2386/2075 2080/2389/2079 2106/2421/2104
f 2092/2406/2093 2076/2383/2076 2106/2421/2104 2105/2420/2103
f 2113/2429/2111 2114/2430/2112 2112/2428/2113 2104/2419/2102
f 2095/2410/2092 2048/2347/2047 2076/2384/2076 2092/2405/2093
f 2115/2431/2114 2113/2429/2111 2104/2419/2102 2103/2418/2105
f 2079/2388/2078 2108/2423/2107 2067/2370/2066 2050/2351/2049
f 2032/2331/2031 2031/2330/2030 2064/2367/2064 2116/2432/2115
f 2031/2330/2030 2030/2329/2029 2065/2368/2063 2064/2367/2064
f 2096/2411/2095 2086/2395/2085 2075/2382/2072 2071/2376/2070
f 2108/2423/2107 2107/2422/2106 2109/2424/2108 2067/2370/2066
f 2117/2433/2116 2118/2434/2117 2119/2435/2118 2120/2436/2119
f 2109/2425/2108 2088/2399/2090 2121/2437/2120 2027/2326/2024
f 2067/2371/2066 2109/2425/2108 2027/2326/2024 2026/2325/2023
f 2024/2323/2025 2013/2308/2009 2012/2307/2012 2101/2416/2098
f 2120/2436/2119 2119/2435/2118 2123/2441/2121 2122/2439/2122
f 2044/2343/2043 2063/2366/2062 2066/2369/2065 2052/2353/2051
f 2025/2324/2026 2024/2323/2025 2101/2416/2098 2051/2352/2050
f 2027/2326/2024 2121/2437/2120 2013/2308/2009 2024/2323/2025
f 2086/2396/2085 2049/2349/2048 2051/2352/2050 2087/2397/2086
f 2097/2412/2097 2096/2411/2095 2071/2376/2070 2070/2375/2069
f 2118/2434/2117 2097/2412/2097 2070/2375/2069 2119/2435/2118
f 2084/2393/2082 2098/2413/2096 2097/2412/2097 2118/2434/2117
f 2085/2394/2083 2084/2393/2082 2118/2434/2117 2117/2433/2116
f 2059/2362/2061 2062/2365/2060 2043/2342/2042 2036/2335/2034
f 2062/2365/2060 2081/2390/2080 2110/2426/2110 2043/2342/2042
f 2015/2310/2015 2124/2442/2123 2111/2427/2109 2125/2444/2124
f 2033/2332/2033 2034/2333/2032 2125/2444/2124 2081/2390/2080
f 2125/2444/2124 2111/2427/2109 2110/2426/2110 2081/2390/2080
f 2016/2313/2016 2015/2310/2015 2125/2444/2124 2034/2333/2032
f 2127/2446/2125 2060/2363/2058 2059/2362/2061 2126/2445/2126
f 2015/2311/2015 2014/2309/2014 2128/2447/2127 2124/2443/2123
f 2014/2309/2014 2117/2433/2116 2120/2436/2119 2128/2447/2127
f 2099/2414/2099 2129/2448/2128 2114/2430/2112 2113/2429/2111
f 2116/2432/2115 2064/2367/2064 2060/2363/2058 2127/2446/2125
f 2053/2354/2052 2055/2356/2054 2058/2361/2057 2054/2355/2053
f 2111/2427/2109 2124/2442/2123 2055/2356/2054 2053/2354/2052
f 2119/2435/2118 2070/2375/2069 2045/2344/2044 2123/2441/2121
f 2051/2352/2050 2101/2416/2098 2100/2415/2100 2087/2397/2086
f 2088/2399/2090 2091/2404/2089 2130/2449/2129 2121/2437/2120
f 2100/2415/2100 2099/2414/2099 2113/2429/2111 2115/2431/2114
f 2080/2389/2079 2073/2378/2074 2103/2418/2105 2106/2421/2104
f 2087/2397/2086 2100/2415/2100 2115/2431/2114 2072/2377/2073
f 2012/2307/2012 2011/2306/2011 2129/2448/2128 2099/2414/2099
f 2011/2306/2011 2127/2446/2125 2126/2445/2126 2129/2448/2128
f 2010/2305/2010 2116/2432/2115 2127/2446/2125 2011/2306/2011
f 2129/2448/2128 2126/2445/2126 2035/2334/2037 2114/2430/2112
f 2122/2438/2122 2123/2440/2121 2095/2409/2092 2094/2408/2091
f 2056/2358/2055 2122/2438/2122 2094/2408/2091 2057/2360/2056
f 2057/2360/2056 2094/2408/2091 2093/2407/2094 2066/2369/2065
f 2128/2447/2127 2120/2436/2119 2122/2439/2122 2056/2359/2055
f 2121/2437/2120 2130/2449/2129 2010/2305/2010 2013/2308/2009
f 2130/2449/2129 2032/2331/2031 2116/2432/2115 2010/2305/2010
f 2091/2404/2089 2021/2320/2020 2032/2331/2031 2130/2449/2129
f 2085/2394/2083 2117/2433/2116 2014/2309/2014 2017/2314/2013
f 2090/2403/2088 2082/2391/2084 2069/2374/2067 2018/2316/2017
f 2019/2317/2018 2068/2372/2068 2029/2328/2027 2022/2321/2021
f 2093/2407/2094 2092/2406/2093 2105/2420/2103 2131/2450/2130
f 2052/2353/2051 2066/2369/2065 2093/2407/2094 2131/2450/2130
f 2038/2337/2036 2052/2353/2051 2131/2450/2130 2112/2428/2113
f 2023/2322/2022 2028/2327/2028 2065/2368/2063 2030/2329/2029
f 2112/2428/2113 2131/2450/2130 2105/2420/2103 2104/2419/2102
f 2124/2443/2123 2128/2447/2127 2056/2359/2055 2055/2357/2054
f 2082/2391/2084 2085/2394/2083 2017/2314/2013 2069/2374/2067
f 2018/2316/2017 2069/2374/2067 2068/2373/2068 2019/2318/2018
f 2126/2445/2126 2059/2362/2061 2036/2335/2034 2035/2334/2037
f 2072/2377/2073 2115/2431/2114 2103/2418/2105 2073/2378/2074
f 2123/2441/2121 2045/2344/2044 2048/2347/2047 2095/2410/2092
f 2110/2426/2110 2039/2338/2038 2042/2341/2041 2043/2342/2042
f 2035/2334/2037 2038/2337/2036 2112/2428/2113 2114/2430/2112
f 2134/2453/2131 2135/2454/2132 2132/2451/2133 2133/2452/2134
f 2138/2457/2135 2139/2460/2136 2136/2455/2137 2137/2456/2138
f 2141/2463/2139 2142/2464/2140 2143/2465/2141 2140/2461/2142
f 2142/2464/2140 2144/2467/2143 2145/2468/2144 2143/2465/2141
f 2149/2472/2145 2146/2469/2146 2147/2470/2147 2148/2471/2148
f 2144/2467/2143 2150/2473/2149 2151/2474/2150 2145/2468/2144
f 2152/2475/2151 2153/2476/2152 2144/2467/2143 2142/2464/2140
f 2154/2477/2153 2152/2475/2151 2142/2464/2140 2141/2463/2139
f 2155/2478/2154 2156/2479/2155 2151/2474/2150 2150/2473/2149
f 2157/2480/2156 2158/2481/2157 2159/2482/2158 2160/2483/2159
f 2162/2485/2160 2163/2486/2161 2164/2487/2162 2161/2484/2163
f 2160/2483/2159 2159/2482/2158 2162/2485/2160 2165/2488/2164
f 2159/2482/2158 2166/2489/2165 2163/2486/2161 2162/2485/2160
f 2168/2491/2166 2169/2492/2167 2170/2493/2168 2167/2490/2169
f 2172/2496/2170 2149/2472/2145 2173/2497/2171 2171/2495/2172
f 2158/2481/2157 2174/2499/2173 2166/2489/2165 2159/2482/2158
f 2161/2484/2163 2164/2487/2162 2175/2500/2174 2176/2501/2175
f 2178/2504/2176 2179/2505/2177 2180/2506/2178 2177/2502/2179
f 2181/2508/2180 2182/2509/2181 2183/2510/2182 2184/2511/2183
f 2163/2486/2161 2166/2489/2165 2185/2512/2184 2164/2487/2162
f 2164/2487/2162 2185/2512/2184 2178/2504/2176 2175/2500/2174
f 2187/2514/2185 2184/2511/2183 2183/2510/2182 2186/2513/2186
f 2185/2512/2184 2188/2515/2187 2179/2505/2177 2178/2504/2176
f 2149/2472/2145 2148/2471/2148 2189/2517/2188 2173/2497/2171
f 2191/2520/2189 2138/2457/2135 2137/2456/2138 2190/2518/2190
f 2151/2474/2150 2156/2479/2155 2138/2458/2135 2191/2519/2189
f 2167/2490/2169 2170/2493/2168 2192/2521/2191 2193/2522/2192
f 2197/2528/2193 2194/2523/2194 2195/2524/2195 2196/2526/2196
f 2198/2530/2197 2199/2531/2198 2169/2492/2167 2168/2491/2166
f 2171/2494/2172 2173/2498/2171 2200/2533/2199 2201/2534/2200
f 2202/2535/2201 2197/2528/2193 2196/2526/2196 2199/2532/2198
f 2182/2509/2181 2203/2536/2202 2155/2478/2154 2183/2510/2182
f 2199/2531/2198 2196/2527/2196 2170/2493/2168 2169/2492/2167
f 2204/2537/2203 2205/2538/2204 2206/2539/2205 2207/2540/2206
f 2196/2527/2196 2195/2525/2195 2192/2521/2191 2170/2493/2168
f 2194/2523/2194 2208/2541/2207 2209/2543/2208 2195/2524/2195
f 2210/2545/2209 2211/2546/2210 2212/2547/2211 2213/2549/2212
f 2217/2556/2213 2214/2552/2214 2215/2553/2215 2216/2555/2216
f 2183/2510/2182 2155/2478/2154 2150/2473/2149 2186/2513/2186
f 2209/2542/2208 2171/2494/2172 2201/2534/2200 2218/2557/2217
f 2219/2558/2218 2218/2557/2217 2201/2534/2200 2220/2559/2219
f 2223/2562/2220 2221/2560/2221 2134/2453/2131 2222/2561/2222
f 2220/2559/2219 2201/2534/2200 2200/2533/2199 2224/2563/2223
f 2212/2548/2211 2204/2537/2203 2207/2540/2206 2213/2550/2212
f 2206/2539/2205 2220/2559/2219 2224/2563/2223 2207/2540/2206
f 2211/2546/2210 2141/2463/2139 2140/2461/2142 2212/2547/2211
f 2225/2564/2224 2226/2565/2225 2227/2566/2226 2228/2567/2227
f 2229/2568/2228 2213/2550/2212 2207/2540/2206 2224/2563/2223
f 2230/2569/2229 2229/2568/2228 2224/2563/2223 2200/2533/2199
f 2231/2570/2230 2210/2544/2209 2213/2550/2212 2229/2568/2228
f 2233/2573/2231 2161/2484/2163 2176/2501/2175 2232/2572/2232
f 2226/2565/2225 2202/2535/2201 2199/2532/2198 2198/2529/2197
f 2227/2566/2226 2226/2565/2225 2198/2529/2197 2214/2552/2214
f 2228/2567/2227 2234/2574/2233 2235/2575/2234 2236/2576/2235
f 2214/2551/2214 2198/2530/2197 2168/2491/2166 2215/2554/2215
f 2225/2564/2224 2228/2567/2227 2236/2576/2235 2237/2577/2236
f 2173/2498/2171 2189/2516/2188 2230/2569/2229 2200/2533/2199
f 2238/2578/2237 2187/2514/2185 2152/2475/2151 2154/2477/2153
f 2187/2514/2185 2186/2513/2186 2153/2476/2152 2152/2475/2151
f 2192/2521/2191 2195/2525/2195 2209/2542/2208 2218/2557/2217
f 2189/2516/2188 2231/2570/2230 2229/2568/2228 2230/2569/2229
f 2240/2580/2238 2241/2581/2239 2242/2582/2240 2239/2579/2241
f 2147/2470/2147 2243/2583/2242 2210/2545/2209 2231/2571/2230
f 2148/2471/2148 2147/2470/2147 2231/2571/2230 2189/2517/2188
f 2222/2561/2222 2134/2453/2131 2133/2452/2134 2146/2469/2146
f 2244/2585/2243 2245/2587/2244 2241/2581/2239 2240/2580/2238
f 2174/2499/2173 2188/2515/2187 2185/2512/2184 2166/2489/2165
f 2172/2496/2170 2222/2561/2222 2146/2469/2146 2149/2472/2145
f 2146/2469/2146 2133/2452/2134 2243/2583/2242 2147/2470/2147
f 2208/2541/2207 2172/2496/2170 2171/2495/2172 2209/2543/2208
f 2193/2522/2192 2192/2521/2191 2218/2557/2217 2219/2558/2218
f 2241/2581/2239 2193/2522/2192 2219/2558/2218 2242/2582/2240
f 2242/2582/2240 2219/2558/2218 2220/2559/2219 2206/2539/2205
f 2239/2579/2241 2242/2582/2240 2206/2539/2205 2205/2538/2204
f 2160/2483/2159 2165/2488/2164 2182/2509/2181 2181/2508/2180
f 2165/2488/2164 2233/2573/2231 2203/2536/2202 2182/2509/2181
f 2246/2588/2245 2232/2572/2232 2247/2589/2246 2139/2459/2136
f 2203/2536/2202 2246/2588/2245 2156/2479/2155 2155/2478/2154
f 2203/2536/2202 2233/2573/2231 2232/2572/2232 2246/2588/2245
f 2156/2479/2155 2246/2588/2245 2139/2459/2136 2138/2458/2135
f 2249/2592/2247 2181/2508/2180 2184/2511/2183 2248/2591/2248
f 2247/2590/2246 2250/2593/2249 2136/2455/2137 2139/2460/2136
f 2250/2593/2249 2240/2580/2238 2239/2579/2241 2136/2455/2137
f 2236/2576/2235 2235/2575/2234 2251/2594/2250 2221/2560/2221
f 2248/2591/2248 2184/2511/2183 2187/2514/2185 2238/2578/2237
f 2175/2500/2174 2178/2504/2176 2177/2502/2179 2176/2501/2175
f 2176/2501/2175 2177/2502/2179 2247/2589/2246 2232/2572/2232
f 2245/2587/2244 2167/2490/2169 2193/2522/2192 2241/2581/2239
f 2208/2541/2207 2223/2562/2220 2222/2561/2222 2172/2496/2170
f 2243/2583/2242 2252/2595/2251 2211/2546/2210 2210/2545/2209
f 2237/2577/2236 2236/2576/2235 2221/2560/2221 2223/2562/2220
f 2226/2565/2225 2225/2564/2224 2197/2528/2193 2202/2535/2201
f 2194/2523/2194 2237/2577/2236 2223/2562/2220 2208/2541/2207
f 2221/2560/2221 2251/2594/2250 2135/2454/2132 2134/2453/2131
f 2251/2594/2250 2249/2592/2247 2248/2591/2248 2135/2454/2132
f 2135/2454/2132 2248/2591/2248 2238/2578/2237 2132/2451/2133
f 2235/2575/2234 2157/2480/2156 2249/2592/2247 2251/2594/2250
f 2216/2555/2216 2215/2553/2215 2245/2586/2244 2244/2584/2243
f 2179/2505/2177 2216/2555/2216 2244/2584/2243 2180/2506/2178
f 2188/2515/2187 2217/2556/2213 2216/2555/2216 2179/2505/2177
f 2180/2507/2178 2244/2585/2243 2240/2580/2238 2250/2593/2249
f 2133/2452/2134 2132/2451/2133 2252/2595/2251 2243/2583/2242
f 2132/2451/2133 2238/2578/2237 2154/2477/2153 2252/2595/2251
f 2252/2595/2251 2154/2477/2153 2141/2463/2139 2211/2546/2210
f 2137/2456/2138 2136/2455/2137 2239/2579/2241 2205/2538/2204
f 2140/2462/2142 2190/2518/2190 2204/2537/2203 2212/2548/2211
f 2145/2468/2144 2151/2474/2150 2191/2519/2189 2143/2465/2141
f 2253/2596/2252 2227/2566/2226 2214/2552/2214 2217/2556/2213
f 2253/2596/2252 2217/2556/2213 2188/2515/2187 2174/2499/2173
f 2234/2574/2233 2253/2596/2252 2174/2499/2173 2158/2481/2157
f 2153/2476/2152 2186/2513/2186 2150/2473/2149 2144/2467/2143
f 2228/2567/2227 2227/2566/2226 2253/2596/2252 2234/2574/2233
f 2177/2503/2179 2180/2507/2178 2250/2593/2249 2247/2590/2246
f 2190/2518/2190 2137/2456/2138 2205/2538/2204 2204/2537/2203
f 2143/2466/2141 2191/2520/2189 2190/2518/2190 2140/2462/2142
f 2157/2480/2156 2160/2483/2159 2181/2508/2180 2249/2592/2247
f 2197/2528/2193 2225/2564/2224 2237/2577/2236 2194/2523/2194
f 2215/2554/2215 2168/2491/2166 2167/2490/2169 2245/2587/2244
f 2165/2488/2164 2162/2485/2160 2161/2484/2163 2233/2573/2231
f 2235/2575/2234 2234/2574/2233 2158/2481/2157 2157/2480/2156
f 2255/2598/2253 2256/2601/2254 2257/2602/2255 2254/2597/2256
f 2261/2608/2257 2258/2603/2258 2259/2604/2259 2260/2606/2260
f 2263/2610/2261 2255/2598/2253 2254/2597/2256 2262/2609/2262
f 2264/2612/2263 2265/2613/2264 2266/2614/2265 2267/2615/2266
f 2268/2617/2267 2263/2610/2261 2262/2609/2262 2265/2613/2264
f 2272/2621/2268 2269/2618/2269 2270/2619/2270 2271/2620/2271
f 2265/2613/2264 2262/2609/2262 2273/2622/2272 2266/2614/2265
f 2277/2626/2273 2274/2623/2274 2275/2624/2275 2276/2625/2276
f 2262/2609/2262 2254/2597/2256 2278/2627/2277 2273/2622/2272
f 2267/2615/2266 2266/2614/2265 2273/2622/2272 2269/2618/2269
f 2279/2628/2278 2280/2629/2279 2281/2630/2280 2282/2631/2281
f 2283/2632/2282 2284/2633/2283 2285/2634/2284 2286/2635/2285
f 2290/2639/2286 2287/2636/2287 2288/2637/2288 2289/2638/2289
f 2293/2642/2290 2294/2643/2291 2291/2640/2292 2292/2641/2293
f 2284/2633/2283 2288/2637/2288 2276/2625/2276 2285/2634/2284
f 2295/2644/2294 2289/2638/2289 2288/2637/2288 2284/2633/2283
f 2298/2647/2295 2296/2645/2296 2293/2642/2290 2297/2646/2297
f 2299/2648/2298 2295/2644/2294 2284/2633/2283 2283/2632/2282
f 2301/2650/2299 2302/2651/2300 2303/2652/2301 2300/2649/2302
f 2304/2653/2303 2305/2654/2304 2306/2655/2305 2307/2656/2306
f 2309/2658/2307 2310/2659/2308 2311/2660/2309 2308/2657/2310
f 2315/2666/2311 2312/2661/2312 2313/2662/2313 2314/2664/2314
f 2317/2668/2315 2318/2671/2316 2319/2672/2317 2316/2667/2318
f 2320/2673/2319 2321/2674/2320 2318/2670/2316 2317/2669/2315
f 2287/2636/2287 2277/2626/2273 2276/2625/2276 2288/2637/2288
f 2323/2676/2321 2301/2650/2299 2300/2649/2302 2322/2675/2322
f 2325/2678/2323 2326/2679/2324 2304/2653/2303 2324/2677/2325
f 2316/2667/2318 2319/2672/2317 2295/2644/2294 2299/2648/2298
f 2321/2674/2320 2322/2675/2322 2327/2680/2326 2318/2670/2316
f 2328/2682/2327 2323/2676/2321 2322/2675/2322 2321/2674/2320
f 2329/2683/2328 2282/2631/2281 2272/2621/2268 2271/2620/2271
f 2330/2684/2329 2328/2682/2327 2321/2674/2320 2320/2673/2319
f 2328/2682/2327 2331/2685/2330 2301/2650/2299 2323/2676/2321
f 2332/2686/2331 2333/2687/2332 2329/2683/2328 2291/2640/2292
f 2322/2675/2322 2300/2649/2302 2334/2689/2333 2327/2680/2326
f 2336/2691/2334 2335/2690/2335 2279/2628/2278 2333/2687/2332
f 2338/2693/2336 2325/2678/2323 2324/2677/2325 2337/2692/2337
f 2310/2659/2308 2339/2694/2338 2340/2695/2339 2311/2660/2309
f 2309/2658/2307 2338/2693/2336 2337/2692/2337 2310/2659/2308
f 2305/2654/2304 2341/2696/2340 2342/2697/2341 2312/2661/2312
f 2327/2681/2326 2334/2688/2333 2287/2636/2287 2290/2639/2286
f 2344/2700/2342 2345/2702/2343 2264/2612/2263 2343/2698/2344
f 2310/2659/2308 2337/2692/2337 2346/2703/2345 2339/2694/2338
f 2347/2704/2346 2343/2698/2344 2348/2705/2347 2281/2630/2280
f 2337/2692/2337 2324/2677/2325 2349/2706/2348 2346/2703/2345
f 2339/2694/2338 2346/2703/2345 2350/2707/2349 2340/2695/2339
f 2348/2705/2347 2267/2615/2266 2269/2618/2269 2272/2621/2268
f 2352/2710/2350 2353/2711/2351 2354/2712/2352 2351/2708/2353
f 2357/2716/2354 2358/2717/2355 2355/2714/2356 2356/2715/2357
f 2359/2718/2358 2330/2684/2329 2360/2719/2359 2361/2720/2360
f 2353/2711/2351 2363/2723/2361 2362/2722/2362 2354/2712/2352
f 2365/2725/2363 2364/2724/2364 2363/2723/2361 2353/2711/2351
f 2366/2726/2365 2365/2725/2363 2353/2711/2351 2352/2710/2350
f 2368/2728/2366 2369/2729/2367 2370/2730/2368 2367/2727/2369
f 2308/2657/2310 2311/2660/2309 2345/2701/2343 2344/2699/2342
f 2311/2660/2309 2340/2695/2339 2268/2616/2267 2345/2701/2343
f 2269/2618/2269 2273/2622/2272 2278/2627/2277 2270/2619/2270
f 2343/2698/2344 2264/2612/2263 2267/2615/2266 2348/2705/2347
f 2371/2731/2370 2372/2732/2371 2373/2733/2372 2374/2734/2373
f 2375/2735/2374 2376/2736/2375 2341/2696/2340 2326/2679/2324
f 2378/2738/2376 2371/2731/2370 2374/2734/2373 2377/2737/2377
f 2362/2721/2362 2381/2741/2378 2379/2739/2379 2380/2740/2380
f 2302/2651/2300 2368/2728/2366 2367/2727/2369 2303/2652/2301
f 2372/2732/2371 2382/2743/2381 2383/2744/2382 2373/2733/2372
f 2382/2743/2381 2380/2740/2380 2384/2745/2383 2383/2744/2382
f 2385/2746/2384 2308/2657/2310 2344/2699/2342 2386/2747/2385
f 2351/2709/2353 2354/2713/2352 2382/2743/2381 2372/2732/2371
f 2354/2713/2352 2362/2721/2362 2380/2740/2380 2382/2743/2381
f 2306/2655/2305 2305/2654/2304 2312/2661/2312 2315/2666/2311
f 2319/2672/2317 2290/2639/2286 2289/2638/2289 2295/2644/2294
f 2359/2718/2358 2331/2685/2330 2328/2682/2327 2330/2684/2329
f 2318/2671/2316 2327/2681/2326 2290/2639/2286 2319/2672/2317
f 2274/2623/2274 2387/2749/2386 2280/2629/2279 2275/2624/2275
f 2389/2751/2387 2298/2647/2295 2297/2646/2297 2388/2750/2388
f 2307/2656/2306 2306/2655/2305 2315/2666/2311 2390/2752/2389
f 2349/2706/2348 2307/2656/2306 2390/2752/2389 2391/2753/2390
f 2346/2703/2345 2349/2706/2348 2391/2753/2390 2350/2707/2349
f 2391/2753/2390 2390/2752/2389 2256/2600/2254 2255/2599/2253
f 2390/2752/2389 2315/2666/2311 2314/2664/2314 2256/2600/2254
f 2386/2748/2385 2344/2700/2342 2343/2698/2344 2347/2704/2346
f 2380/2740/2380 2379/2739/2379 2392/2754/2391 2384/2745/2383
f 2393/2755/2392 2361/2720/2360 2365/2725/2363 2366/2726/2365
f 2379/2739/2379 2316/2667/2318 2299/2648/2298 2392/2754/2391
f 2392/2754/2391 2299/2648/2298 2283/2632/2282 2394/2756/2393
f 2381/2741/2378 2317/2668/2315 2316/2667/2318 2379/2739/2379
f 2258/2603/2258 2352/2710/2350 2351/2708/2353 2259/2604/2259
f 2326/2679/2324 2341/2696/2340 2305/2654/2304 2304/2653/2303
f 2396/2758/2394 2358/2717/2355 2397/2759/2395 2395/2757/2396
f 2341/2696/2340 2376/2736/2375 2398/2760/2397 2342/2697/2341
f 2361/2720/2360 2360/2719/2359 2364/2724/2364 2365/2725/2363
f 2356/2715/2357 2355/2714/2356 2368/2728/2366 2302/2651/2300
f 2360/2719/2359 2330/2684/2329 2320/2673/2319 2399/2761/2398
f 2364/2724/2364 2360/2719/2359 2399/2761/2398 2363/2723/2361
f 2388/2750/2388 2297/2646/2297 2400/2762/2399 2401/2763/2400
f 2312/2661/2312 2342/2697/2341 2402/2765/2401 2313/2662/2313
f 2376/2736/2375 2403/2766/2402 2261/2608/2257 2398/2760/2397
f 2256/2601/2254 2314/2665/2314 2389/2751/2387 2257/2602/2255
f 2254/2597/2256 2257/2602/2255 2401/2763/2400 2278/2627/2277
f 2257/2602/2255 2389/2751/2387 2388/2750/2388 2401/2763/2400
f 2405/2768/2403 2396/2758/2394 2406/2769/2404 2404/2767/2405
f 2400/2762/2399 2270/2619/2270 2278/2627/2277 2401/2763/2400
f 2281/2630/2280 2348/2705/2347 2272/2621/2268 2282/2631/2281
f 2292/2641/2293 2271/2620/2271 2270/2619/2270 2400/2762/2399
f 2297/2646/2297 2293/2642/2290 2292/2641/2293 2400/2762/2399
f 2375/2735/2374 2395/2757/2396 2403/2766/2402 2376/2736/2375
f 2396/2758/2394 2395/2757/2396 2375/2735/2374 2406/2769/2404
f 2406/2769/2404 2375/2735/2374 2326/2679/2324 2325/2678/2323
f 2404/2767/2405 2406/2769/2404 2325/2678/2323 2338/2693/2336
f 2407/2770/2406 2408/2773/2407 2274/2623/2274 2277/2626/2273
f 2313/2663/2313 2402/2764/2401 2296/2645/2296 2298/2647/2295
f 2387/2749/2386 2347/2704/2346 2281/2630/2280 2280/2629/2279
f 2370/2730/2368 2385/2746/2384 2386/2747/2385 2409/2774/2408
f 2369/2729/2367 2405/2768/2403 2404/2767/2405 2410/2776/2409
f 2409/2775/2408 2386/2748/2385 2347/2704/2346 2387/2749/2386
f 2384/2745/2383 2392/2754/2391 2394/2756/2393 2383/2744/2382
f 2410/2776/2409 2309/2658/2307 2308/2657/2310 2385/2746/2384
f 2369/2729/2367 2410/2776/2409 2385/2746/2384 2370/2730/2368
f 2410/2776/2409 2404/2767/2405 2338/2693/2336 2309/2658/2307
f 2357/2716/2354 2359/2718/2358 2361/2720/2360 2393/2755/2392
f 2334/2688/2333 2407/2770/2406 2277/2626/2273 2287/2636/2287
f 2331/2685/2330 2356/2715/2357 2302/2651/2300 2301/2650/2299
f 2340/2695/2339 2350/2707/2349 2263/2611/2261 2268/2616/2267
f 2402/2764/2401 2411/2778/2410 2412/2779/2411 2296/2645/2296
f 2331/2685/2330 2359/2718/2358 2357/2716/2354 2356/2715/2357
f 2300/2649/2302 2303/2652/2301 2407/2771/2406 2334/2689/2333
f 2374/2734/2373 2413/2780/2412 2332/2686/2331 2377/2737/2377
f 2413/2780/2412 2336/2691/2334 2333/2687/2332 2332/2686/2331
f 2414/2781/2413 2286/2635/2285 2336/2691/2334 2413/2780/2412
f 2286/2635/2285 2285/2634/2284 2335/2690/2335 2336/2691/2334
f 2395/2757/2396 2397/2759/2395 2415/2782/2414 2403/2766/2402
f 2260/2607/2260 2259/2605/2259 2371/2731/2370 2378/2738/2376
f 2415/2782/2414 2366/2726/2365 2352/2710/2350 2258/2603/2258
f 2403/2766/2402 2415/2782/2414 2258/2603/2258 2261/2608/2257
f 2397/2759/2395 2393/2755/2392 2366/2726/2365 2415/2782/2414
f 2335/2690/2335 2275/2624/2275 2280/2629/2279 2279/2628/2278
f 2285/2634/2284 2276/2625/2276 2275/2624/2275 2335/2690/2335
f 2314/2665/2314 2313/2663/2313 2298/2647/2295 2389/2751/2387
f 2333/2687/2332 2279/2628/2278 2282/2631/2281 2329/2683/2328
f 2342/2697/2341 2398/2760/2397 2411/2777/2410 2402/2765/2401
f 2398/2760/2397 2261/2608/2257 2260/2606/2260 2411/2777/2410
f 2411/2778/2410 2260/2607/2260 2378/2738/2376 2412/2779/2411
f 2296/2645/2296 2412/2779/2411 2294/2643/2291 2293/2642/2290
f 2412/2779/2411 2378/2738/2376 2377/2737/2377 2294/2643/2291
f 2294/2643/2291 2377/2737/2377 2332/2686/2331 2291/2640/2292
f 2355/2714/2356 2405/2768/2403 2369/2729/2367 2368/2728/2366
f 2355/2714/2356 2358/2717/2355 2396/2758/2394 2405/2768/2403
f 2303/2652/2301 2367/2727/2369 2408/2772/2407 2407/2771/2406
f 2367/2727/2369 2370/2730/2368 2409/2774/2408 2408/2772/2407
f 2408/2773/2407 2409/2775/2408 2387/2749/2386 2274/2623/2274
f 2291/2640/2292 2329/2683/2328 2271/2620/2271 2292/2641/2293
f 2383/2744/2382 2394/2756/2393 2414/2781/2413 2373/2733/2372
f 2324/2677/2325 2304/2653/2303 2307/2656/2306 2349/2706/2348
f 2394/2756/2393 2283/2632/2282 2286/2635/2285 2414/2781/2413
f 2399/2761/2398 2320/2673/2319 2317/2669/2315 2381/2742/2378
f 2345/2702/2343 2268/2617/2267 2265/2613/2264 2264/2612/2263
f 2350/2707/2349 2391/2753/2390 2255/2599/2253 2263/2611/2261
f 2363/2723/2361 2399/2761/2398 2381/2742/2378 2362/2722/2362
f 2259/2605/2259 2351/2709/2353 2372/2732/2371 2371/2731/2370
f 2358/2717/2355 2357/2716/2354 2393/2755/2392 2397/2759/2395
f 2373/2733/2372 2414/2781/2413 2413/2780/2412 2374/2734/2373
f 2416/2783/2415 2417/2784/2416 2418/2786/2417 2419/2787/2418
f 2422/2791/2419 2423/2793/2420 2420/2789/2421 2421/2790/2422
f 2425/2797/2423 2416/2783/2415 2419/2787/2418 2424/2795/2424
f 2427/2799/2425 2428/2800/2426 2429/2801/2427 2426/2798/2428
f 2429/2801/2427 2425/2797/2423 2424/2795/2424 2430/2803/2429
f 2433/2806/2430 2434/2807/2431 2431/2804/2432 2432/2805/2433
f 2428/2800/2426 2435/2808/2434 2425/2797/2423 2429/2801/2427
f 2438/2811/2435 2439/2812/2436 2436/2809/2437 2437/2810/2438
f 2435/2808/2434 2440/2813/2439 2416/2783/2415 2425/2797/2423
f 2431/2804/2432 2435/2808/2434 2428/2800/2426 2427/2799/2425
f 2442/2815/2440 2443/2816/2441 2444/2817/2442 2441/2814/2443
f 2446/2819/2444 2447/2820/2445 2448/2821/2446 2445/2818/2447
f 2451/2824/2448 2452/2825/2449 2449/2822/2450 2450/2823/2451
f 2456/2829/2452 2453/2826/2453 2454/2827/2454 2455/2828/2455
f 2447/2820/2445 2438/2811/2435 2452/2825/2449 2448/2821/2446
f 2448/2821/2446 2452/2825/2449 2451/2824/2448 2457/2830/2456
f 2460/2833/2457 2455/2828/2455 2458/2831/2458 2459/2832/2459
f 2445/2818/2447 2448/2821/2446 2457/2830/2456 2461/2834/2460
f 2462/2835/2461 2463/2836/2462 2464/2837/2463 2465/2838/2464
f 2467/2840/2465 2468/2841/2466 2469/2842/2467 2466/2839/2468
f 2470/2843/2469 2471/2844/2470 2472/2845/2471 2473/2846/2472
f 2476/2849/2473 2477/2851/2474 2474/2847/2475 2475/2848/2476
f 2478/2853/2477 2479/2854/2478 2480/2856/2479 2481/2857/2480
f 2481/2858/2480 2480/2855/2479 2482/2859/2481 2483/2860/2482
f 2452/2825/2449 2438/2811/2435 2437/2810/2438 2449/2822/2450
f 2485/2862/2483 2462/2835/2461 2465/2838/2464 2484/2861/2484
f 2488/2865/2485 2466/2839/2468 2486/2863/2486 2487/2864/2487
f 2461/2834/2460 2457/2830/2456 2479/2854/2478 2478/2853/2477
f 2480/2855/2479 2489/2866/2488 2485/2862/2483 2482/2859/2481
f 2482/2859/2481 2485/2862/2483 2484/2861/2484 2490/2868/2489
f 2433/2806/2430 2432/2805/2433 2442/2815/2440 2491/2869/2490
f 2483/2860/2482 2482/2859/2481 2490/2868/2489 2492/2870/2491
f 2484/2861/2484 2465/2838/2464 2493/2871/2492 2490/2868/2489
f 2453/2826/2453 2491/2869/2490 2495/2873/2493 2494/2872/2494
f 2489/2866/2488 2496/2875/2495 2462/2835/2461 2485/2862/2483
f 2495/2873/2493 2441/2814/2443 2497/2876/2496 2498/2877/2497
f 2500/2879/2498 2488/2865/2485 2487/2864/2487 2499/2878/2499
f 2471/2844/2470 2501/2880/2500 2502/2881/2501 2472/2845/2471
f 2472/2845/2471 2500/2879/2498 2499/2878/2499 2473/2846/2472
f 2474/2847/2475 2503/2882/2502 2504/2883/2503 2469/2842/2467
f 2450/2823/2451 2449/2822/2450 2496/2874/2495 2489/2867/2488
f 2505/2884/2504 2426/2798/2428 2506/2886/2505 2507/2888/2506
f 2502/2881/2501 2508/2889/2507 2500/2879/2498 2472/2845/2471
f 2443/2816/2441 2510/2891/2508 2505/2884/2504 2509/2890/2509
f 2508/2889/2507 2511/2892/2510 2488/2865/2485 2500/2879/2498
f 2501/2880/2500 2512/2893/2511 2508/2889/2507 2502/2881/2501
f 2432/2805/2433 2431/2804/2432 2427/2799/2425 2510/2891/2508
f 2513/2894/2512 2514/2896/2513 2515/2898/2514 2516/2899/2515
f 2520/2903/2516 2517/2900/2517 2518/2901/2518 2519/2902/2519
f 2522/2905/2520 2523/2906/2521 2492/2870/2491 2521/2904/2522
f 2514/2896/2513 2524/2908/2523 2525/2909/2524 2515/2898/2514
f 2515/2898/2514 2525/2909/2524 2526/2910/2525 2527/2911/2526
f 2516/2899/2515 2515/2898/2514 2527/2911/2526 2528/2912/2527
f 2529/2913/2528 2530/2914/2529 2531/2915/2530 2532/2916/2531
f 2507/2887/2506 2506/2885/2505 2471/2844/2470 2470/2843/2469
f 2506/2885/2505 2430/2802/2429 2501/2880/2500 2471/2844/2470
f 2434/2807/2431 2440/2813/2439 2435/2808/2434 2431/2804/2432
f 2510/2891/2508 2427/2799/2425 2426/2798/2428 2505/2884/2504
f 2534/2918/2532 2535/2919/2533 2536/2920/2534 2533/2917/2535
f 2486/2863/2486 2504/2883/2503 2538/2922/2536 2537/2921/2537
f 2540/2924/2538 2534/2918/2532 2533/2917/2535 2539/2923/2539
f 2543/2928/2540 2541/2925/2541 2542/2926/2542 2524/2907/2523
f 2463/2836/2462 2529/2913/2528 2532/2916/2531 2464/2837/2463
f 2535/2919/2533 2544/2929/2543 2545/2930/2544 2536/2920/2534
f 2544/2929/2543 2546/2931/2545 2543/2928/2540 2545/2930/2544
f 2548/2933/2546 2507/2887/2506 2470/2843/2469 2547/2932/2547
f 2536/2920/2534 2545/2930/2544 2514/2897/2513 2513/2895/2512
f 2545/2930/2544 2543/2928/2540 2524/2907/2523 2514/2897/2513
f 2475/2848/2476 2474/2847/2475 2469/2842/2467 2468/2841/2466
f 2457/2830/2456 2451/2824/2448 2450/2823/2451 2479/2854/2478
f 2492/2870/2491 2490/2868/2489 2493/2871/2492 2521/2904/2522
f 2479/2854/2478 2450/2823/2451 2489/2867/2488 2480/2856/2479
f 2439/2812/2436 2444/2817/2442 2549/2935/2548 2436/2809/2437
f 2551/2937/2549 2460/2833/2457 2459/2832/2459 2550/2936/2550
f 2552/2938/2551 2475/2848/2476 2468/2841/2466 2467/2840/2465
f 2553/2939/2552 2552/2938/2551 2467/2840/2465 2511/2892/2510
f 2512/2893/2511 2553/2939/2552 2511/2892/2510 2508/2889/2507
f 2419/2788/2418 2418/2785/2417 2552/2938/2551 2553/2939/2552
f 2418/2785/2417 2476/2849/2473 2475/2848/2476 2552/2938/2551
f 2509/2890/2509 2505/2884/2504 2507/2888/2506 2548/2934/2546
f 2546/2931/2545 2554/2940/2553 2541/2925/2541 2543/2928/2540
f 2528/2912/2527 2527/2911/2526 2522/2905/2520 2555/2941/2554
f 2554/2940/2553 2461/2834/2460 2478/2853/2477 2541/2925/2541
f 2556/2942/2555 2445/2818/2447 2461/2834/2460 2554/2940/2553
f 2541/2925/2541 2478/2853/2477 2481/2857/2480 2542/2926/2542
f 2423/2793/2420 2513/2894/2512 2516/2899/2515 2420/2789/2421
f 2466/2839/2468 2469/2842/2467 2504/2883/2503 2486/2863/2486
f 2557/2943/2556 2558/2944/2557 2518/2901/2518 2559/2945/2558
f 2503/2882/2502 2560/2946/2559 2538/2922/2536 2504/2883/2503
f 2527/2911/2526 2526/2910/2525 2523/2906/2521 2522/2905/2520
f 2464/2837/2463 2532/2916/2531 2517/2900/2517 2520/2903/2516
f 2561/2947/2560 2483/2860/2482 2492/2870/2491 2523/2906/2521
f 2525/2909/2524 2561/2947/2560 2523/2906/2521 2526/2910/2525
f 2563/2949/2561 2562/2948/2562 2460/2833/2457 2551/2937/2549
f 2477/2851/2474 2564/2951/2563 2503/2882/2502 2474/2847/2475
f 2560/2946/2559 2421/2790/2422 2565/2952/2564 2538/2922/2536
f 2417/2784/2416 2550/2936/2550 2476/2850/2473 2418/2786/2417
f 2440/2813/2439 2563/2949/2561 2417/2784/2416 2416/2783/2415
f 2563/2949/2561 2551/2937/2549 2550/2936/2550 2417/2784/2416
f 2566/2953/2565 2567/2954/2566 2559/2945/2558 2568/2955/2567
f 2563/2949/2561 2440/2813/2439 2434/2807/2431 2562/2948/2562
f 2442/2815/2440 2432/2805/2433 2510/2891/2508 2443/2816/2441
f 2562/2948/2562 2434/2807/2431 2433/2806/2430 2456/2829/2452
f 2562/2948/2562 2456/2829/2452 2455/2828/2455 2460/2833/2457
f 2538/2922/2536 2565/2952/2564 2557/2943/2556 2537/2921/2537
f 2567/2954/2566 2537/2921/2537 2557/2943/2556 2559/2945/2558
f 2487/2864/2487 2486/2863/2486 2537/2921/2537 2567/2954/2566
f 2499/2878/2499 2487/2864/2487 2567/2954/2566 2566/2953/2565
f 2437/2810/2438 2436/2809/2437 2569/2957/2568 2570/2958/2569
f 2459/2832/2459 2458/2831/2458 2564/2950/2563 2477/2852/2474
f 2444/2817/2442 2443/2816/2441 2509/2890/2509 2549/2935/2548
f 2571/2960/2570 2548/2933/2546 2547/2932/2547 2530/2914/2529
f 2572/2962/2571 2566/2953/2565 2568/2955/2567 2531/2915/2530
f 2549/2935/2548 2509/2890/2509 2548/2934/2546 2571/2961/2570
f 2544/2929/2543 2556/2942/2555 2554/2940/2553 2546/2931/2545
f 2547/2932/2547 2470/2843/2469 2473/2846/2472 2572/2962/2571
f 2530/2914/2529 2547/2932/2547 2572/2962/2571 2531/2915/2530
f 2473/2846/2472 2499/2878/2499 2566/2953/2565 2572/2962/2571
f 2555/2941/2554 2522/2905/2520 2521/2904/2522 2519/2902/2519
f 2449/2822/2450 2437/2810/2438 2570/2958/2569 2496/2874/2495
f 2465/2838/2464 2464/2837/2463 2520/2903/2516 2493/2871/2492
f 2430/2802/2429 2424/2796/2424 2512/2893/2511 2501/2880/2500
f 2458/2831/2458 2573/2963/2572 2574/2965/2573 2564/2950/2563
f 2520/2903/2516 2519/2902/2519 2521/2904/2522 2493/2871/2492
f 2496/2875/2495 2570/2959/2569 2463/2836/2462 2462/2835/2461
f 2540/2924/2538 2494/2872/2494 2575/2966/2574 2534/2918/2532
f 2494/2872/2494 2495/2873/2493 2498/2877/2497 2575/2966/2574
f 2575/2966/2574 2498/2877/2497 2446/2819/2444 2576/2967/2575
f 2498/2877/2497 2497/2876/2496 2447/2820/2445 2446/2819/2444
f 2565/2952/2564 2577/2968/2576 2558/2944/2557 2557/2943/2556
f 2539/2923/2539 2533/2917/2535 2423/2794/2420 2422/2792/2419
f 2420/2789/2421 2516/2899/2515 2528/2912/2527 2577/2968/2576
f 2421/2790/2422 2420/2789/2421 2577/2968/2576 2565/2952/2564
f 2577/2968/2576 2528/2912/2527 2555/2941/2554 2558/2944/2557
f 2441/2814/2443 2444/2817/2442 2439/2812/2436 2497/2876/2496
f 2497/2876/2496 2439/2812/2436 2438/2811/2435 2447/2820/2445
f 2550/2936/2550 2459/2832/2459 2477/2852/2474 2476/2850/2473
f 2491/2869/2490 2442/2815/2440 2441/2814/2443 2495/2873/2493
f 2564/2951/2563 2574/2964/2573 2560/2946/2559 2503/2882/2502
f 2574/2964/2573 2422/2791/2419 2421/2790/2422 2560/2946/2559
f 2573/2963/2572 2539/2923/2539 2422/2792/2419 2574/2965/2573
f 2455/2828/2455 2454/2827/2454 2573/2963/2572 2458/2831/2458
f 2454/2827/2454 2540/2924/2538 2539/2923/2539 2573/2963/2572
f 2453/2826/2453 2494/2872/2494 2540/2924/2538 2454/2827/2454
f 2532/2916/2531 2531/2915/2530 2568/2955/2567 2517/2900/2517
f 2568/2955/2567 2559/2945/2558 2518/2901/2518 2517/2900/2517
f 2570/2959/2569 2569/2956/2568 2529/2913/2528 2463/2836/2462
f 2569/2956/2568 2571/2960/2570 2530/2914/2529 2529/2913/2528
f 2436/2809/2437 2549/2935/2548 2571/2961/2570 2569/2957/2568
f 2456/2829/2452 2433/2806/2430 2491/2869/2490 2453/2826/2453
f 2535/2919/2533 2576/2967/2575 2556/2942/2555 2544/2929/2543
f 2511/2892/2510 2467/2840/2465 2466/2839/2468 2488/2865/2485
f 2576/2967/2575 2446/2819/2444 2445/2818/2447 2556/2942/2555
f 2542/2927/2542 2481/2858/2480 2483/2860/2482 2561/2947/2560
f 2426/2798/2428 2429/2801/2427 2430/2803/2429 2506/2886/2505
f 2424/2796/2424 2419/2788/2418 2553/2939/2552 2512/2893/2511
f 2524/2908/2523 2542/2927/2542 2561/2947/2560 2525/2909/2524
f 2533/2917/2535 2536/2920/2534 2513/2895/2512 2423/2794/2420
f 2558/2944/2557 2555/2941/2554 2519/2902/2519 2518/2901/2518
f 2534/2918/2532 2575/2966/2574 2576/2967/2575 2535/2919/2533
f 2579/2970/2577 2580/2973/2578 2581/2974/2579 2578/2969/2580
f 2583/2976/2581 2579/2970/2577 2578/2969/2580 2582/2975/2582
f 2584/2978/2583 2585/2979/2584 2586/2980/2585 2587/2981/2586
f 2588/2983/2587 2583/2976/2581 2582/2975/2582 2585/2979/2584
f 2585/2979/2584 2582/2975/2582 2589/2984/2588 2586/2980/2585
f 2582/2975/2582 2578/2969/2580 2590/2985/2589 2589/2984/2588
f 2587/2981/2586 2586/2980/2585 2589/2984/2588 2591/2986/2590
f 2592/2987/2591 2593/2988/2592 2594/2989/2593 2595/2990/2594
f 2599/2994/2595 2596/2991/2596 2597/2992/2597 2598/2993/2598
f 2597/2992/2597 2600/2995/2599 2594/2989/2593 2593/2988/2592
f 2601/2996/2600 2598/2993/2598 2597/2992/2597 2593/2988/2592
f 2605/3000/2601 2602/2997/2602 2603/2998/2603 2604/2999/2604
f 2609/3006/2605 2606/3001/2606 2607/3002/2607 2608/3005/2608
f 2610/3007/2609 2601/2996/2600 2593/2988/2592 2592/2987/2591
f 2611/3008/2610 2612/3009/2611 2613/3010/2612 2614/3011/2613
f 2616/3013/2614 2617/3014/2615 2618/3015/2616 2615/3012/2617
f 2622/3021/2618 2619/3016/2619 2620/3017/2620 2621/3019/2621
f 2624/3023/2622 2625/3026/2623 2626/3027/2624 2623/3022/2625
f 2627/3028/2626 2628/3029/2627 2625/3025/2623 2624/3024/2622
f 2596/2991/2596 2629/3030/2628 2600/2995/2599 2597/2992/2597
f 2632/3033/2629 2633/3034/2630 2630/3031/2631 2631/3032/2632
f 2635/3036/2633 2636/3037/2634 2611/3008/2610 2634/3035/2635
f 2623/3022/2625 2626/3027/2624 2601/2996/2600 2610/3007/2609
f 2628/3029/2627 2631/3032/2632 2637/3038/2636 2625/3025/2623
f 2638/3040/2637 2632/3033/2629 2631/3032/2632 2628/3029/2627
f 2633/3034/2630 2639/3041/2638 2640/3042/2639 2630/3031/2631
f 2641/3043/2640 2638/3040/2637 2628/3029/2627 2627/3028/2626
f 2638/3040/2637 2642/3044/2641 2633/3034/2630 2632/3033/2629
f 2631/3032/2632 2630/3031/2631 2643/3045/2642 2637/3038/2636
f 2645/3048/2643 2635/3036/2633 2634/3035/2635 2644/3047/2644
f 2617/3014/2615 2646/3049/2645 2647/3050/2646 2618/3015/2616
f 2616/3013/2614 2645/3048/2643 2644/3047/2644 2617/3014/2615
f 2612/3009/2611 2648/3051/2647 2649/3052/2648 2619/3016/2619
f 2637/3039/2636 2643/3046/2642 2596/2991/2596 2599/2994/2595
f 2651/3055/2649 2652/3057/2650 2584/2978/2583 2650/3053/2651
f 2617/3014/2615 2644/3047/2644 2653/3058/2652 2646/3049/2645
f 2644/3047/2644 2634/3035/2635 2654/3059/2653 2653/3058/2652
f 2646/3049/2645 2653/3058/2652 2655/3060/2654 2647/3050/2646
f 2659/3066/2655 2656/3061/2656 2657/3063/2657 2658/3064/2658
f 2660/3067/2659 2587/2981/2586 2591/2986/2590 2603/2998/2603
f 2606/3001/2606 2661/3068/2660 2662/3069/2661 2607/3002/2607
f 2639/3041/2638 2665/3073/2662 2663/3071/2663 2664/3072/2664
f 2666/3074/2665 2641/3043/2640 2667/3075/2666 2668/3076/2667
f 2661/3068/2660 2659/3066/2655 2658/3064/2658 2662/3069/2661
f 2670/3078/2668 2669/3077/2669 2659/3066/2655 2661/3068/2660
f 2671/3079/2670 2670/3078/2668 2661/3068/2660 2606/3001/2606
f 2672/3080/2671 2673/3081/2672 2674/3082/2673 2675/3083/2674
f 2615/3012/2617 2618/3015/2616 2652/3056/2650 2651/3054/2649
f 2676/3084/2675 2677/3085/2676 2648/3051/2647 2636/3037/2634
f 2618/3015/2616 2647/3050/2646 2588/2982/2587 2652/3056/2650
f 2591/2986/2590 2589/2984/2588 2590/2985/2589 2678/3086/2677
f 2658/3065/2658 2657/3062/2657 2679/3087/2678 2680/3088/2679
f 2650/3053/2651 2584/2978/2583 2587/2981/2586 2660/3067/2659
f 2682/3090/2680 2683/3091/2681 2684/3092/2682 2681/3089/2683
f 2683/3091/2681 2680/3088/2679 2685/3093/2684 2684/3092/2682
f 2607/3003/2607 2662/3070/2661 2683/3091/2681 2682/3090/2680
f 2662/3070/2661 2658/3065/2658 2680/3088/2679 2683/3091/2681
f 2613/3010/2612 2612/3009/2611 2619/3016/2619 2622/3021/2618
f 2626/3027/2624 2599/2994/2595 2598/2993/2598 2601/2996/2600
f 2666/3074/2665 2642/3044/2641 2638/3040/2637 2641/3043/2640
f 2625/3026/2623 2637/3039/2636 2599/2994/2595 2626/3027/2624
f 2614/3011/2613 2613/3010/2612 2622/3021/2618 2686/3094/2685
f 2654/3059/2653 2614/3011/2613 2686/3094/2685 2687/3095/2686
f 2687/3095/2686 2686/3094/2685 2580/2972/2578 2579/2971/2577
f 2686/3094/2685 2622/3021/2618 2621/3019/2621 2580/2972/2578
f 2680/3088/2679 2679/3087/2678 2688/3096/2687 2685/3093/2684
f 2689/3097/2688 2668/3076/2667 2670/3078/2668 2671/3079/2670
f 2679/3087/2678 2623/3022/2625 2610/3007/2609 2688/3096/2687
f 2688/3096/2687 2610/3007/2609 2592/2987/2591 2690/3098/2689
f 2657/3062/2657 2624/3023/2622 2623/3022/2625 2679/3087/2678
f 2636/3037/2634 2648/3051/2647 2612/3009/2611 2611/3008/2610
f 2685/3093/2684 2688/3096/2687 2690/3098/2689 2684/3092/2682
f 2668/3076/2667 2667/3075/2666 2669/3077/2669 2670/3078/2668
f 2667/3075/2666 2641/3043/2640 2627/3028/2626 2656/3061/2656
f 2669/3077/2669 2667/3075/2666 2656/3061/2656 2659/3066/2655
f 2693/3101/2690 2694/3102/2691 2691/3099/2692 2692/3100/2693
f 2580/2973/2578 2621/3020/2621 2695/3103/2694 2581/2974/2579
f 2578/2969/2580 2581/2974/2579 2692/3100/2693 2590/2985/2589
f 2581/2974/2579 2695/3103/2694 2693/3101/2690 2692/3100/2693
f 2692/3100/2693 2691/3099/2692 2678/3086/2677 2590/2985/2589
f 2699/3107/2695 2696/3104/2696 2697/3105/2697 2698/3106/2698
f 2700/3108/2699 2701/3109/2700 2602/2997/2602 2605/3000/2601
f 2705/3113/2701 2702/3110/2702 2703/3111/2703 2704/3112/2704
f 2698/3106/2698 2697/3105/2697 2605/3000/2601 2604/2999/2604
f 2706/3114/2705 2700/3108/2699 2605/3000/2601 2697/3105/2697
f 2672/3080/2671 2682/3090/2680 2681/3089/2683 2673/3081/2672
f 2696/3104/2696 2674/3082/2673 2706/3114/2705 2697/3105/2697
f 2706/3114/2705 2708/3116/2706 2707/3115/2707 2700/3108/2699
f 2665/3073/2662 2709/3117/2708 2710/3118/2709 2663/3071/2663
f 2712/3120/2710 2689/3097/2688 2671/3079/2670 2711/3119/2711
f 2663/3071/2663 2710/3118/2709 2713/3121/2712 2714/3122/2713
f 2709/3117/2708 2689/3097/2688 2712/3120/2710 2710/3118/2709
f 2691/3099/2692 2698/3106/2698 2604/2999/2604 2678/3086/2677
f 2710/3118/2709 2712/3120/2710 2715/3123/2714 2713/3121/2712
f 2715/3123/2714 2712/3120/2710 2711/3119/2711 2716/3124/2715
f 2713/3121/2712 2715/3123/2714 2676/3084/2675 2717/3125/2716
f 2675/3083/2674 2674/3082/2673 2696/3104/2696 2718/3126/2717
f 2720/3129/2718 2675/3083/2674 2718/3126/2717 2719/3127/2719
f 2722/3133/2720 2719/3127/2719 2718/3126/2717 2721/3131/2721
f 2716/3124/2715 2711/3119/2711 2609/3006/2605 2723/3134/2722
f 2629/3030/2628 2724/3135/2723 2725/3136/2724 2600/2995/2599
f 2727/3139/2725 2615/3012/2617 2651/3054/2649 2726/3137/2726
f 2724/3135/2723 2705/3113/2701 2704/3112/2704 2725/3136/2724
f 2728/3140/2727 2729/3143/2728 2705/3113/2701 2724/3135/2723
f 2730/3144/2729 2728/3140/2727 2724/3135/2723 2629/3030/2628
f 2621/3020/2621 2620/3018/2620 2731/3146/2730 2695/3103/2694
f 2733/3148/2731 2734/3149/2732 2727/3139/2725 2732/3147/2733
f 2649/3052/2648 2735/3150/2734 2719/3128/2719 2722/3132/2720
f 2736/3151/2735 2732/3147/2733 2729/3142/2728 2728/3141/2727
f 2734/3149/2732 2737/3152/2736 2645/3048/2643 2616/3013/2614
f 2664/3072/2664 2733/3148/2731 2732/3147/2733 2736/3151/2735
f 2639/3041/2638 2664/3072/2664 2736/3151/2735 2640/3042/2639
f 2664/3072/2664 2663/3071/2663 2714/3122/2713 2733/3148/2731
f 2709/3117/2708 2666/3074/2665 2668/3076/2667 2689/3097/2688
f 2737/3152/2736 2717/3125/2716 2635/3036/2633 2645/3048/2643
f 2735/3150/2734 2723/3134/2722 2720/3130/2718 2719/3128/2719
f 2677/3085/2676 2716/3124/2715 2723/3134/2722 2735/3150/2734
f 2648/3051/2647 2677/3085/2676 2735/3150/2734 2649/3052/2648
f 2732/3147/2733 2727/3139/2725 2726/3137/2726 2729/3142/2728
f 2715/3123/2714 2716/3124/2715 2677/3085/2676 2676/3084/2675
f 2714/3122/2713 2713/3121/2712 2717/3125/2716 2737/3152/2736
f 2702/3110/2702 2650/3053/2651 2660/3067/2659 2703/3111/2703
f 2653/3058/2652 2654/3059/2653 2687/3095/2686 2655/3060/2654
f 2703/3111/2703 2660/3067/2659 2603/2998/2603 2602/2997/2602
f 2704/3112/2704 2703/3111/2703 2602/2997/2602 2701/3109/2700
f 2595/2990/2594 2594/2989/2593 2738/3153/2737 2707/3115/2707
f 2604/2999/2604 2603/2998/2603 2591/2986/2590 2678/3086/2677
f 2619/3016/2619 2649/3052/2648 2722/3132/2720 2620/3017/2620
f 2620/3018/2620 2722/3133/2720 2721/3131/2721 2731/3146/2730
f 2695/3103/2694 2731/3146/2730 2694/3102/2691 2693/3101/2690
f 2731/3146/2730 2721/3131/2721 2699/3107/2695 2694/3102/2691
f 2694/3102/2691 2699/3107/2695 2698/3106/2698 2691/3099/2692
f 2717/3125/2716 2676/3084/2675 2636/3037/2634 2635/3036/2633
f 2726/3138/2726 2651/3055/2649 2650/3053/2651 2702/3110/2702
f 2705/3113/2701 2729/3143/2728 2726/3138/2726 2702/3110/2702
f 2734/3149/2732 2616/3013/2614 2615/3012/2617 2727/3139/2725
f 2633/3034/2630 2642/3044/2641 2665/3073/2662 2639/3041/2638
f 2647/3050/2646 2655/3060/2654 2583/2977/2581 2588/2982/2587
f 2642/3044/2641 2666/3074/2665 2709/3117/2708 2665/3073/2662
f 2630/3031/2631 2640/3042/2639 2730/3145/2729 2643/3045/2642
f 2643/3046/2642 2730/3144/2729 2629/3030/2628 2596/2991/2596
f 2652/3057/2650 2588/2983/2587 2585/2979/2584 2584/2978/2583
f 2674/3082/2673 2673/3081/2672 2708/3116/2706 2706/3114/2705
f 2739/3154/2738 2595/2990/2594 2707/3115/2707 2708/3116/2706
f 2673/3081/2672 2681/3089/2683 2739/3154/2738 2708/3116/2706
f 2608/3004/2608 2607/3003/2607 2682/3090/2680 2672/3080/2671
f 2720/3129/2718 2608/3004/2608 2672/3080/2671 2675/3083/2674
f 2733/3148/2731 2714/3122/2713 2737/3152/2736 2734/3149/2732
f 2711/3119/2711 2671/3079/2670 2606/3001/2606 2609/3006/2605
f 2718/3126/2717 2696/3104/2696 2699/3107/2695 2721/3131/2721
f 2690/3098/2689 2592/2987/2591 2595/2990/2594 2739/3154/2738
f 2725/3136/2724 2704/3112/2704 2701/3109/2700 2738/3153/2737
f 2681/3089/2683 2684/3092/2682 2690/3098/2689 2739/3154/2738
f 2634/3035/2635 2611/3008/2610 2614/3011/2613 2654/3059/2653
f 2655/3060/2654 2687/3095/2686 2579/2971/2577 2583/2977/2581
f 2656/3061/2656 2627/3028/2626 2624/3024/2622 2657/3063/2657
f 2707/3115/2707 2738/3153/2737 2701/3109/2700 2700/3108/2699
f 2640/3042/2639 2736/3151/2735 2728/3141/2727 2730/3145/2729
f 2594/2989/2593 2600/2995/2599 2725/3136/2724 2738/3153/2737
f 2723/3134/2722 2609/3006/2605 2608/3005/2608 2720/3130/2718
f 2740/3155/2739 2741/3156/2740 2742/3158/2741 2743/3159/2742
f 2745/3163/2743 2740/3155/2739 2743/3159/2742 2744/3161/2744
f 2747/3165/2745 2748/3166/2746 2749/3167/2747 2746/3164/2748
f 2749/3167/2747 2745/3163/2743 2744/3161/2744 2750/3169/2749
f 2748/3166/2746 2751/3170/2750 2745/3163/2743 2749/3167/2747
f 2751/3170/2750 2752/3171/2751 2740/3155/2739 2745/3163/2743
f 2753/3172/2752 2751/3170/2750 2748/3166/2746 2747/3165/2745
f 2755/3174/2753 2756/3175/2754 2757/3176/2755 2754/3173/2756
f 2760/3179/2757 2761/3180/2758 2758/3177/2759 2759/3178/2760
f 2757/3176/2755 2756/3175/2754 2762/3181/2761 2761/3180/2758
f 2757/3176/2755 2761/3180/2758 2760/3179/2757 2763/3182/2762
f 2766/3185/2763 2767/3186/2764 2764/3183/2765 2765/3184/2766
f 2770/3190/2767 2771/3191/2768 2768/3187/2769 2769/3188/2770
f 2754/3173/2756 2757/3176/2755 2763/3182/2762 2772/3193/2771
f 2774/3195/2772 2775/3196/2773 2776/3197/2774 2773/3194/2775
f 2777/3198/2776 2778/3199/2777 2779/3200/2778 2780/3201/2779
f 2783/3204/2780 2784/3206/2781 2781/3202/2782 2782/3203/2783
f 2785/3208/2784 2786/3209/2785 2787/3211/2786 2788/3212/2787
f 2788/3213/2787 2787/3210/2786 2789/3214/2788 2790/3215/2789
f 2761/3180/2758 2762/3181/2761 2791/3216/2790 2758/3177/2759
f 2795/3220/2791 2792/3217/2792 2793/3218/2793 2794/3219/2794
f 2798/3223/2795 2773/3194/2775 2796/3221/2796 2797/3222/2797
f 2772/3193/2771 2763/3182/2762 2786/3209/2785 2785/3208/2784
f 2787/3210/2786 2799/3224/2798 2795/3220/2791 2789/3214/2788
f 2789/3214/2788 2795/3220/2791 2794/3219/2794 2800/3226/2799
f 2792/3217/2792 2801/3227/2800 2802/3228/2801 2793/3218/2793
f 2790/3215/2789 2789/3214/2788 2800/3226/2799 2803/3229/2802
f 2794/3219/2794 2793/3218/2793 2804/3230/2803 2800/3226/2799
f 2799/3224/2798 2805/3231/2804 2792/3217/2792 2795/3220/2791
f 2807/3234/2805 2798/3223/2795 2797/3222/2797 2806/3233/2806
f 2778/3199/2777 2808/3235/2807 2809/3236/2808 2779/3200/2778
f 2779/3200/2778 2807/3234/2805 2806/3233/2806 2780/3201/2779
f 2781/3202/2782 2810/3237/2809 2811/3238/2810 2776/3197/2774
f 2759/3178/2760 2758/3177/2759 2805/3232/2804 2799/3225/2798
f 2812/3239/2811 2746/3164/2748 2813/3241/2812 2814/3243/2813
f 2809/3236/2808 2815/3244/2814 2807/3234/2805 2779/3200/2778
f 2815/3244/2814 2816/3245/2815 2798/3223/2795 2807/3234/2805
f 2808/3235/2807 2817/3246/2816 2815/3244/2814 2809/3236/2808
f 2820/3249/2817 2821/3252/2818 2818/3247/2819 2819/3248/2820
f 2767/3186/2764 2753/3172/2752 2747/3165/2745 2822/3253/2821
f 2771/3191/2768 2823/3254/2822 2824/3256/2823 2768/3187/2769
f 2827/3259/2824 2825/3257/2825 2826/3258/2826 2802/3228/2801
f 2829/3261/2827 2830/3262/2828 2803/3229/2802 2828/3260/2829
f 2823/3254/2822 2820/3249/2817 2819/3248/2820 2824/3256/2823
f 2824/3256/2823 2819/3248/2820 2831/3263/2830 2832/3264/2831
f 2768/3187/2769 2824/3256/2823 2832/3264/2831 2833/3265/2832
f 2835/3267/2833 2836/3268/2834 2837/3269/2835 2834/3266/2836
f 2814/3242/2813 2813/3240/2812 2778/3199/2777 2777/3198/2776
f 2796/3221/2796 2811/3238/2810 2839/3271/2837 2838/3270/2838
f 2813/3240/2812 2750/3168/2749 2808/3235/2807 2778/3199/2777
f 2840/3272/2839 2752/3171/2751 2751/3170/2750 2753/3172/2752
f 2842/3274/2840 2841/3273/2841 2821/3251/2818 2820/3250/2817
f 2822/3253/2821 2747/3165/2745 2746/3164/2748 2812/3239/2811
f 2843/3275/2842 2844/3276/2843 2845/3277/2844 2846/3278/2845
f 2844/3276/2843 2847/3279/2846 2842/3274/2840 2845/3277/2844
f 2846/3278/2845 2845/3277/2844 2823/3255/2822 2771/3192/2768
f 2845/3277/2844 2842/3274/2840 2820/3250/2817 2823/3255/2822
f 2782/3203/2783 2781/3202/2782 2776/3197/2774 2775/3196/2773
f 2763/3182/2762 2760/3179/2757 2759/3178/2760 2786/3209/2785
f 2803/3229/2802 2800/3226/2799 2804/3230/2803 2828/3260/2829
f 2786/3209/2785 2759/3178/2760 2799/3225/2798 2787/3211/2786
f 2848/3280/2847 2782/3203/2783 2775/3196/2773 2774/3195/2772
f 2849/3281/2848 2848/3280/2847 2774/3195/2772 2816/3245/2815
f 2743/3160/2742 2742/3157/2741 2848/3280/2847 2849/3281/2848
f 2742/3157/2741 2783/3204/2780 2782/3203/2783 2848/3280/2847
f 2847/3279/2846 2850/3282/2849 2841/3273/2841 2842/3274/2840
f 2833/3265/2832 2832/3264/2831 2829/3261/2827 2851/3283/2850
f 2850/3282/2849 2772/3193/2771 2785/3208/2784 2841/3273/2841
f 2852/3284/2851 2754/3173/2756 2772/3193/2771 2850/3282/2849
f 2841/3273/2841 2785/3208/2784 2788/3212/2787 2821/3251/2818
f 2773/3194/2775 2776/3197/2774 2811/3238/2810 2796/3221/2796
f 2844/3276/2843 2852/3284/2851 2850/3282/2849 2847/3279/2846
f 2832/3264/2831 2831/3263/2830 2830/3262/2828 2829/3261/2827
f 2818/3247/2819 2790/3215/2789 2803/3229/2802 2830/3262/2828
f 2819/3248/2820 2818/3247/2819 2830/3262/2828 2831/3263/2830
f 2856/3288/2852 2853/3285/2853 2854/3286/2854 2855/3287/2855
f 2741/3156/2740 2857/3289/2856 2783/3205/2780 2742/3158/2741
f 2752/3171/2751 2856/3288/2852 2741/3156/2740 2740/3155/2739
f 2856/3288/2852 2855/3287/2855 2857/3289/2856 2741/3156/2740
f 2752/3171/2751 2840/3272/2839 2853/3285/2853 2856/3288/2852
f 2860/3292/2857 2861/3293/2858 2858/3290/2859 2859/3291/2860
f 2765/3184/2766 2764/3183/2765 2862/3294/2861 2863/3295/2862
f 2866/3298/2863 2867/3299/2864 2864/3296/2865 2865/3297/2866
f 2766/3185/2763 2765/3184/2766 2861/3293/2858 2860/3292/2857
f 2861/3293/2858 2765/3184/2766 2863/3295/2862 2868/3300/2867
f 2837/3269/2835 2843/3275/2842 2846/3278/2845 2834/3266/2836
f 2861/3293/2858 2868/3300/2867 2836/3268/2834 2858/3290/2859
f 2863/3295/2862 2869/3301/2868 2870/3302/2869 2868/3300/2867
f 2825/3257/2825 2871/3303/2870 2872/3304/2871 2826/3258/2826
f 2873/3305/2872 2833/3265/2832 2851/3283/2850 2874/3306/2873
f 2875/3307/2874 2876/3308/2875 2871/3303/2870 2825/3257/2825
f 2871/3303/2870 2874/3306/2873 2851/3283/2850 2872/3304/2871
f 2840/3272/2839 2766/3185/2763 2860/3292/2857 2853/3285/2853
f 2876/3308/2875 2877/3309/2876 2874/3306/2873 2871/3303/2870
f 2878/3310/2877 2873/3305/2872 2874/3306/2873 2877/3309/2876
f 2879/3311/2878 2838/3270/2838 2877/3309/2876 2876/3308/2875
f 2880/3312/2879 2858/3290/2859 2836/3268/2834 2835/3267/2833
f 2882/3315/2880 2880/3312/2879 2835/3267/2833 2881/3313/2881
f 2884/3319/2882 2880/3312/2879 2882/3315/2880 2883/3318/2883
f 2885/3320/2884 2769/3188/2770 2873/3305/2872 2878/3310/2877
f 2762/3181/2761 2886/3321/2885 2887/3322/2886 2791/3216/2790
f 2889/3324/2887 2814/3242/2813 2777/3198/2776 2888/3323/2888
f 2886/3321/2885 2866/3298/2863 2865/3297/2866 2887/3322/2886
f 2887/3322/2886 2865/3297/2866 2890/3327/2889 2891/3328/2890
f 2791/3216/2790 2887/3322/2886 2891/3328/2890 2892/3330/2891
f 2857/3289/2856 2893/3332/2892 2784/3207/2781 2783/3205/2780
f 2896/3335/2893 2888/3323/2888 2894/3333/2894 2895/3334/2895
f 2883/3317/2883 2882/3316/2880 2897/3336/2896 2810/3237/2809
f 2891/3329/2890 2890/3326/2889 2896/3335/2893 2898/3337/2897
f 2780/3201/2779 2806/3233/2806 2899/3338/2898 2894/3333/2894
f 2898/3337/2897 2896/3335/2893 2895/3334/2895 2827/3259/2824
f 2801/3227/2800 2898/3337/2897 2827/3259/2824 2802/3228/2801
f 2895/3334/2895 2875/3307/2874 2825/3257/2825 2827/3259/2824
f 2851/3283/2850 2829/3261/2827 2828/3260/2829 2872/3304/2871
f 2806/3233/2806 2797/3222/2797 2879/3311/2878 2899/3338/2898
f 2882/3316/2880 2881/3314/2881 2885/3320/2884 2897/3336/2896
f 2897/3336/2896 2885/3320/2884 2878/3310/2877 2839/3271/2837
f 2810/3237/2809 2897/3336/2896 2839/3271/2837 2811/3238/2810
f 2890/3326/2889 2889/3324/2887 2888/3323/2888 2896/3335/2893
f 2838/3270/2838 2839/3271/2837 2878/3310/2877 2877/3309/2876
f 2899/3338/2898 2879/3311/2878 2876/3308/2875 2875/3307/2874
f 2867/3299/2864 2822/3253/2821 2812/3239/2811 2864/3296/2865
f 2817/3246/2816 2849/3281/2848 2816/3245/2815 2815/3244/2814
f 2764/3183/2765 2767/3186/2764 2822/3253/2821 2867/3299/2864
f 2862/3294/2861 2764/3183/2765 2867/3299/2864 2866/3298/2863
f 2869/3301/2868 2900/3339/2899 2756/3175/2754 2755/3174/2753
f 2840/3272/2839 2753/3172/2752 2767/3186/2764 2766/3185/2763
f 2784/3206/2781 2883/3317/2883 2810/3237/2809 2781/3202/2782
f 2893/3332/2892 2884/3319/2882 2883/3318/2883 2784/3207/2781
f 2855/3287/2855 2854/3286/2854 2893/3332/2892 2857/3289/2856
f 2854/3286/2854 2859/3291/2860 2884/3319/2882 2893/3332/2892
f 2853/3285/2853 2860/3292/2857 2859/3291/2860 2854/3286/2854
f 2797/3222/2797 2796/3221/2796 2838/3270/2838 2879/3311/2878
f 2864/3296/2865 2812/3239/2811 2814/3243/2813 2889/3325/2887
f 2864/3296/2865 2889/3325/2887 2890/3327/2889 2865/3297/2866
f 2888/3323/2888 2777/3198/2776 2780/3201/2779 2894/3333/2894
f 2802/3228/2801 2826/3258/2826 2804/3230/2803 2793/3218/2793
f 2750/3168/2749 2744/3162/2744 2817/3246/2816 2808/3235/2807
f 2826/3258/2826 2872/3304/2871 2828/3260/2829 2804/3230/2803
f 2805/3231/2804 2892/3331/2891 2801/3227/2800 2792/3217/2792
f 2758/3177/2759 2791/3216/2790 2892/3330/2891 2805/3232/2804
f 2746/3164/2748 2749/3167/2747 2750/3169/2749 2813/3241/2812
f 2868/3300/2867 2870/3302/2869 2837/3269/2835 2836/3268/2834
f 2870/3302/2869 2869/3301/2868 2755/3174/2753 2901/3340/2900
f 2870/3302/2869 2901/3340/2900 2843/3275/2842 2837/3269/2835
f 2834/3266/2836 2846/3278/2845 2771/3192/2768 2770/3189/2767
f 2835/3267/2833 2834/3266/2836 2770/3189/2767 2881/3313/2881
f 2894/3333/2894 2899/3338/2898 2875/3307/2874 2895/3334/2895
f 2769/3188/2770 2768/3187/2769 2833/3265/2832 2873/3305/2872
f 2884/3319/2882 2859/3291/2860 2858/3290/2859 2880/3312/2879
f 2901/3340/2900 2755/3174/2753 2754/3173/2756 2852/3284/2851
f 2900/3339/2899 2862/3294/2861 2866/3298/2863 2886/3321/2885
f 2901/3340/2900 2852/3284/2851 2844/3276/2843 2843/3275/2842
f 2816/3245/2815 2774/3195/2772 2773/3194/2775 2798/3223/2795
f 2744/3162/2744 2743/3160/2742 2849/3281/2848 2817/3246/2816
f 2821/3252/2818 2788/3213/2787 2790/3215/2789 2818/3247/2819
f 2863/3295/2862 2862/3294/2861 2900/3339/2899 2869/3301/2868
f 2892/3331/2891 2891/3329/2890 2898/3337/2897 2801/3227/2800
f 2900/3339/2899 2886/3321/2885 2762/3181/2761 2756/3175/2754
f 2881/3314/2881 2770/3190/2767 2769/3188/2770 2885/3320/2884
f 2903/3342/2901 2904/3345/2902 2905/3346/2903 2902/3341/2904
f 2907/3348/2905 2903/3342/2901 2902/3341/2904 2906/3347/2906
f 2908/3350/2907 2909/3351/2908 2910/3352/2909 2911/3353/2910
f 2912/3355/2911 2907/3348/2905 2906/3347/2906 2909/3351/2908
f 2909/3351/2908 2906/3347/2906 2913/3356/2912 2910/3352/2909
f 2906/3347/2906 2902/3341/2904 2914/3357/2913 2913/3356/2912
f 2910/3352/2909 2913/3356/2912 2915/3358/2914 2911/3353/2910
f 2916/3359/2915 2917/3360/2916 2918/3361/2917 2919/3362/2918
f 2923/3366/2919 2920/3363/2920 2921/3364/2921 2922/3365/2922
f 2917/3360/2916 2921/3364/2921 2924/3367/2923 2918/3361/2917
f 2925/3368/2924 2922/3365/2922 2921/3364/2921 2917/3360/2916
f 2928/3371/2925 2929/3372/2926 2926/3369/2927 2927/3370/2928
f 2933/3378/2929 2930/3373/2930 2931/3374/2931 2932/3377/2932
f 2934/3379/2933 2925/3368/2924 2917/3360/2916 2916/3359/2915
f 2936/3381/2934 2935/3380/2935 2925/3368/2924 2934/3379/2933
f 2938/3383/2936 2939/3384/2937 2940/3385/2938 2937/3382/2939
f 2944/3391/2940 2941/3386/2941 2942/3387/2942 2943/3389/2943
f 2945/3392/2944 2946/3395/2945 2935/3380/2935 2936/3381/2934
f 2947/3396/2946 2948/3397/2947 2946/3394/2945 2945/3393/2944
f 2920/3363/2920 2949/3398/2948 2924/3367/2923 2921/3364/2921
f 2953/3402/2949 2950/3399/2950 2951/3400/2951 2952/3401/2952
f 2956/3405/2953 2957/3406/2954 2954/3403/2955 2955/3404/2956
f 2958/3407/2957 2959/3408/2958 2960/3409/2959 2950/3399/2950
f 2948/3397/2947 2955/3404/2956 2961/3410/2960 2946/3394/2945
f 2962/3412/2961 2956/3405/2953 2955/3404/2956 2948/3397/2947
f 2957/3406/2954 2963/3413/2962 2964/3414/2963 2954/3403/2955
f 2965/3415/2964 2962/3412/2961 2948/3397/2947 2947/3396/2946
f 2956/3405/2953 2962/3412/2961 2966/3416/2965 2957/3406/2954
f 2955/3404/2956 2954/3403/2955 2967/3417/2966 2961/3410/2960
f 2969/3420/2967 2959/3408/2958 2958/3407/2957 2968/3419/2968
f 2939/3384/2937 2970/3421/2969 2971/3422/2970 2940/3385/2938
f 2938/3383/2936 2969/3420/2967 2968/3419/2968 2939/3384/2937
f 2951/3400/2951 2972/3423/2971 2973/3424/2972 2941/3386/2941
f 2961/3411/2960 2967/3418/2966 2920/3363/2920 2923/3366/2919
f 2975/3427/2973 2976/3429/2974 2908/3350/2907 2974/3425/2975
f 2939/3384/2937 2968/3419/2968 2977/3430/2976 2970/3421/2969
f 2968/3419/2968 2958/3407/2957 2978/3431/2977 2977/3430/2976
f 2970/3421/2969 2977/3430/2976 2979/3432/2978 2971/3422/2970
f 2983/3438/2979 2980/3433/2980 2981/3435/2981 2982/3436/2982
f 2984/3439/2983 2911/3353/2910 2915/3358/2914 2927/3370/2928
f 2930/3373/2930 2985/3440/2984 2986/3441/2985 2931/3374/2931
f 2987/3443/2986 2988/3444/2987 2963/3413/2962 2989/3445/2988
f 2990/3446/2989 2965/3415/2964 2991/3447/2990 2992/3448/2991
f 2985/3440/2984 2983/3438/2979 2982/3436/2982 2986/3441/2985
f 2994/3450/2992 2993/3449/2993 2983/3438/2979 2985/3440/2984
f 2995/3451/2994 2994/3450/2992 2985/3440/2984 2930/3373/2930
f 2999/3455/2995 2996/3452/2996 2997/3453/2997 2998/3454/2998
f 2937/3382/2939 2940/3385/2938 2976/3428/2974 2975/3426/2973
f 2960/3409/2959 3000/3456/2999 3001/3457/3000 2972/3423/2971
f 2940/3385/2938 2971/3422/2970 2912/3354/2911 2976/3428/2974
f 2914/3357/2913 3002/3458/3001 2915/3358/2914 2913/3356/2912
f 2982/3437/2982 2981/3434/2981 3003/3459/3002 3004/3460/3003
f 2974/3425/2975 2908/3350/2907 2911/3353/2910 2984/3439/2983
f 3006/3462/3004 3007/3463/3005 3008/3464/3006 3005/3461/3007
f 3007/3463/3005 3004/3460/3003 3009/3465/3008 3008/3464/3006
f 2931/3375/2931 2986/3442/2985 3007/3463/3005 3006/3462/3004
f 2986/3442/2985 2982/3437/2982 3004/3460/3003 3007/3463/3005
f 2952/3401/2952 2951/3400/2951 2941/3386/2941 2944/3391/2940
f 2935/3380/2935 2923/3366/2919 2922/3365/2922 2925/3368/2924
f 2966/3416/2965 2962/3412/2961 2965/3415/2964 2990/3446/2989
f 2946/3395/2945 2961/3411/2960 2923/3366/2919 2935/3380/2935
f 2953/3402/2949 2952/3401/2952 2944/3391/2940 3010/3466/3009
f 2978/3431/2977 2953/3402/2949 3010/3466/3009 3011/3467/3010
f 3011/3467/3010 3010/3466/3009 2904/3344/2902 2903/3343/2901
f 3010/3466/3009 2944/3391/2940 2943/3389/2943 2904/3344/2902
f 3004/3460/3003 3003/3459/3002 3012/3468/3011 3009/3465/3008
f 3013/3469/3012 2992/3448/2991 2994/3450/2992 2995/3451/2994
f 3003/3459/3002 2936/3381/2934 2934/3379/2933 3012/3468/3011
f 3014/3470/3013 3012/3468/3011 2934/3379/2933 2916/3359/2915
f 2981/3434/2981 2945/3392/2944 2936/3381/2934 3003/3459/3002
f 2950/3399/2950 2960/3409/2959 2972/3423/2971 2951/3400/2951
f 3008/3464/3006 3009/3465/3008 3012/3468/3011 3014/3470/3013
f 2992/3448/2991 2991/3447/2990 2993/3449/2993 2994/3450/2992
f 2991/3447/2990 2965/3415/2964 2947/3396/2946 2980/3433/2980
f 2993/3449/2993 2991/3447/2990 2980/3433/2980 2983/3438/2979
f 3017/3473/3014 3018/3474/3015 3015/3471/3016 3016/3472/3017
f 2904/3345/2902 2943/3390/2943 3019/3475/3018 2905/3346/2903
f 2902/3341/2904 2905/3346/2903 3016/3472/3017 2914/3357/2913
f 2905/3346/2903 3019/3475/3018 3017/3473/3014 3016/3472/3017
f 3016/3472/3017 3015/3471/3016 3002/3458/3001 2914/3357/2913
f 3023/3479/3019 3020/3476/3020 3021/3477/3021 3022/3478/3022
f 3024/3480/3023 3025/3481/3024 2926/3369/2927 2929/3372/2926
f 3029/3485/3025 3026/3482/3026 3027/3483/3027 3028/3484/3028
f 3022/3478/3022 3021/3477/3021 2929/3372/2926 2928/3371/2925
f 3021/3477/3021 3030/3486/3029 3024/3480/3023 2929/3372/2926
f 2996/3452/2996 3006/3462/3004 3005/3461/3007 2997/3453/2997
f 3020/3476/3020 2998/3454/2998 3030/3486/3029 3021/3477/3021
f 3030/3486/3029 3032/3488/3030 3031/3487/3031 3024/3480/3023
f 3034/3490/3032 2987/3443/2986 2989/3445/2988 3033/3489/3033
f 3036/3492/3034 3013/3469/3012 2995/3451/2994 3035/3491/3035
f 2987/3443/2986 3034/3490/3032 3037/3493/3036 3038/3494/3037
f 3033/3489/3033 2990/3446/2989 2992/3448/2991 3013/3469/3012
f 3034/3490/3032 3033/3489/3033 3013/3469/3012 3036/3492/3034
f 3015/3471/3016 3022/3478/3022 2928/3371/2925 3002/3458/3001
f 3037/3493/3036 3034/3490/3032 3036/3492/3034 3039/3495/3038
f 3039/3495/3038 3036/3492/3034 3035/3491/3035 3040/3496/3039
f 3037/3493/3036 3039/3495/3038 3000/3456/2999 3041/3497/3040
f 3042/3498/3041 2999/3455/2995 2998/3454/2998 3020/3476/3020
f 3043/3499/3042 3044/3501/3043 2999/3455/2995 3042/3498/3041
f 3046/3505/3044 3043/3499/3042 3042/3498/3041 3045/3503/3045
f 3040/3496/3039 3035/3491/3035 2933/3378/2929 3047/3506/3046
f 2949/3398/2948 3048/3507/3047 3049/3508/3048 2924/3367/2923
f 3051/3511/3049 2937/3382/2939 2975/3426/2973 3050/3509/3050
f 3048/3507/3047 3029/3485/3025 3028/3484/3028 3049/3508/3048
f 3052/3512/3051 3053/3515/3052 3029/3485/3025 3048/3507/3047
f 3054/3516/3053 3052/3512/3051 3048/3507/3047 2949/3398/2948
f 2943/3390/2943 2942/3388/2942 3055/3518/3054 3019/3475/3018
f 3057/3520/3055 3058/3521/3056 3051/3511/3049 3056/3519/3057
f 2973/3424/2972 3059/3522/3058 3043/3500/3042 3046/3504/3044
f 3060/3523/3059 3056/3519/3057 3053/3514/3052 3052/3513/3051
f 3058/3521/3056 3061/3524/3060 2969/3420/2967 2938/3383/2936
f 3060/3523/3059 2988/3444/2987 3057/3520/3055 3056/3519/3057
f 2963/3413/2962 2988/3444/2987 3060/3523/3059 2964/3414/2963
f 2988/3444/2987 2987/3443/2986 3038/3494/3037 3057/3520/3055
f 3059/3522/3058 3047/3506/3046 3044/3502/3043 3043/3500/3042
f 3001/3457/3000 3040/3496/3039 3047/3506/3046 3059/3522/3058
f 2972/3423/2971 3001/3457/3000 3059/3522/3058 2973/3424/2972
f 3056/3519/3057 3051/3511/3049 3050/3509/3050 3053/3514/3052
f 3000/3456/2999 3039/3495/3038 3040/3496/3039 3001/3457/3000
f 3038/3494/3037 3037/3493/3036 3041/3497/3040 3061/3524/3060
f 3026/3482/3026 2974/3425/2975 2984/3439/2983 3027/3483/3027
f 2977/3430/2976 2978/3431/2977 3011/3467/3010 2979/3432/2978
f 3027/3483/3027 2984/3439/2983 2927/3370/2928 2926/3369/2927
f 3025/3481/3024 3028/3484/3028 3027/3483/3027 2926/3369/2927
f 2919/3362/2918 2918/3361/2917 3062/3525/3061 3031/3487/3031
f 3002/3458/3001 2928/3371/2925 2927/3370/2928 2915/3358/2914
f 3061/3524/3060 3041/3497/3040 2959/3408/2958 2969/3420/2967
f 2941/3386/2941 2973/3424/2972 3046/3504/3044 2942/3387/2942
f 2942/3388/2942 3046/3505/3044 3045/3503/3045 3055/3518/3054
f 3019/3475/3018 3055/3518/3054 3018/3474/3015 3017/3473/3014
f 3055/3518/3054 3045/3503/3045 3023/3479/3019 3018/3474/3015
f 3018/3474/3015 3023/3479/3019 3022/3478/3022 3015/3471/3016
f 2959/3408/2958 3041/3497/3040 3000/3456/2999 2960/3409/2959
f 3050/3510/3050 2975/3427/2973 2974/3425/2975 3026/3482/3026
f 3053/3515/3052 3050/3510/3050 3026/3482/3026 3029/3485/3025
f 3058/3521/3056 2938/3383/2936 2937/3382/2939 3051/3511/3049
f 2963/3413/2962 2957/3406/2954 2966/3416/2965 2989/3445/2988
f 2971/3422/2970 2979/3432/2978 2907/3349/2905 2912/3354/2911
f 2989/3445/2988 2966/3416/2965 2990/3446/2989 3033/3489/3033
f 2954/3403/2955 2964/3414/2963 3054/3517/3053 2967/3417/2966
f 2967/3418/2966 3054/3516/3053 2949/3398/2948 2920/3363/2920
f 2998/3454/2998 2997/3453/2997 3032/3488/3030 3030/3486/3029
f 2976/3429/2974 2912/3355/2911 2909/3351/2908 2908/3350/2907
f 3032/3488/3030 3063/3526/3062 2919/3362/2918 3031/3487/3031
f 2997/3453/2997 3005/3461/3007 3063/3526/3062 3032/3488/3030
f 2932/3376/2932 2931/3375/2931 3006/3462/3004 2996/3452/2996
f 3044/3501/3043 2932/3376/2932 2996/3452/2996 2999/3455/2995
f 3031/3487/3031 3062/3525/3061 3025/3481/3024 3024/3480/3023
f 3057/3520/3055 3038/3494/3037 3061/3524/3060 3058/3521/3056
f 3035/3491/3035 2995/3451/2994 2930/3373/2930 2933/3378/2929
f 3045/3503/3045 3042/3498/3041 3020/3476/3020 3023/3479/3019
f 3063/3526/3062 3014/3470/3013 2916/3359/2915 2919/3362/2918
f 3047/3506/3046 2933/3378/2929 2932/3377/2932 3044/3502/3043
f 2958/3407/2957 2950/3399/2950 2953/3402/2949 2978/3431/2977
f 3049/3508/3048 3028/3484/3028 3025/3481/3024 3062/3525/3061
f 3005/3461/3007 3008/3464/3006 3014/3470/3013 3063/3526/3062
f 2979/3432/2978 3011/3467/3010 2903/3343/2901 2907/3349/2905
f 2980/3433/2980 2947/3396/2946 2945/3393/2944 2981/3435/2981
f 2918/3361/2917 2924/3367/2923 3049/3508/3048 3062/3525/3061
f 2964/3414/2963 3060/3523/3059 3052/3513/3051 3054/3517/3053
f 3064/3527/3063 3065/3528/3064 3066/3530/3065 3067/3531/3066
f 3069/3535/3067 3064/3527/3063 3067/3531/3066 3068/3533/3068
f 3071/3537/3069 3072/3538/3070 3073/3539/3071 3070/3536/3072
f 3073/3539/3071 3069/3535/3067 3068/3533/3068 3074/3541/3073
f 3072/3538/3070 3075/3542/3074 3069/3535/3067 3073/3539/3071
f 3075/3542/3074 3076/3543/3075 3064/3527/3063 3069/3535/3067
f 3071/3537/3069 3077/3544/3076 3075/3542/3074 3072/3538/3070
f 3079/3546/3077 3080/3547/3078 3081/3548/3079 3078/3545/3080
f 3084/3551/3081 3085/3552/3082 3082/3549/3083 3083/3550/3084
f 3080/3547/3078 3086/3553/3085 3085/3552/3082 3081/3548/3079
f 3081/3548/3079 3085/3552/3082 3084/3551/3081 3087/3554/3086
f 3091/3558/3087 3088/3555/3088 3089/3556/3089 3090/3557/3090
f 3094/3562/3091 3095/3563/3092 3092/3559/3093 3093/3560/3094
f 3078/3545/3080 3081/3548/3079 3087/3554/3086 3096/3565/3095
f 3096/3565/3095 3087/3554/3086 3097/3566/3096 3098/3567/3097
f 3099/3568/3098 3100/3569/3099 3101/3570/3100 3102/3571/3101
f 3105/3574/3102 3106/3576/3103 3103/3572/3104 3104/3573/3105
f 3098/3567/3097 3097/3566/3096 3107/3579/3106 3108/3580/3107
f 3108/3581/3107 3107/3578/3106 3109/3582/3108 3110/3583/3109
f 3085/3552/3082 3086/3553/3085 3111/3584/3110 3082/3549/3083
f 3114/3587/3111 3115/3588/3112 3112/3585/3113 3113/3586/3114
f 3119/3592/3115 3116/3589/3116 3117/3590/3117 3118/3591/3118
f 3112/3585/3113 3120/3593/3119 3121/3594/3120 3122/3595/3121
f 3107/3578/3106 3123/3596/3122 3119/3592/3115 3109/3582/3108
f 3109/3582/3108 3119/3592/3115 3118/3591/3118 3124/3598/3123
f 3116/3589/3116 3125/3599/3124 3126/3600/3125 3117/3590/3117
f 3110/3583/3109 3109/3582/3108 3124/3598/3123 3127/3601/3126
f 3117/3590/3117 3128/3602/3127 3124/3598/3123 3118/3591/3118
f 3123/3596/3122 3129/3603/3128 3116/3589/3116 3119/3592/3115
f 3131/3606/3129 3122/3595/3121 3121/3594/3120 3130/3605/3130
f 3100/3569/3099 3132/3607/3131 3133/3608/3132 3101/3570/3100
f 3101/3570/3100 3131/3606/3129 3130/3605/3130 3102/3571/3101
f 3103/3572/3104 3134/3609/3133 3135/3610/3134 3115/3588/3112
f 3083/3550/3084 3082/3549/3083 3129/3604/3128 3123/3597/3122
f 3136/3611/3135 3070/3536/3072 3137/3613/3136 3138/3615/3137
f 3133/3608/3132 3139/3616/3138 3131/3606/3129 3101/3570/3100
f 3139/3616/3138 3140/3617/3139 3122/3595/3121 3131/3606/3129
f 3132/3607/3131 3141/3618/3140 3139/3616/3138 3133/3608/3132
f 3144/3621/3141 3145/3624/3142 3142/3619/3143 3143/3620/3144
f 3091/3558/3087 3077/3544/3076 3071/3537/3069 3146/3625/3145
f 3095/3563/3092 3147/3626/3146 3148/3628/3147 3092/3559/3093
f 3150/3630/3148 3126/3600/3125 3151/3631/3149 3149/3629/3150
f 3153/3633/3151 3154/3634/3152 3127/3601/3126 3152/3632/3153
f 3147/3626/3146 3144/3621/3141 3143/3620/3144 3148/3628/3147
f 3148/3628/3147 3143/3620/3144 3155/3635/3154 3156/3636/3155
f 3092/3559/3093 3148/3628/3147 3156/3636/3155 3157/3637/3156
f 3160/3640/3157 3161/3641/3158 3158/3638/3159 3159/3639/3160
f 3138/3614/3137 3137/3612/3136 3100/3569/3099 3099/3568/3098
f 3135/3610/3134 3163/3643/3161 3162/3642/3162 3120/3593/3119
f 3137/3612/3136 3074/3540/3073 3132/3607/3131 3100/3569/3099
f 3075/3542/3074 3077/3544/3076 3164/3644/3163 3076/3543/3075
f 3166/3646/3164 3165/3645/3165 3145/3623/3142 3144/3622/3141
f 3146/3625/3145 3071/3537/3069 3070/3536/3072 3136/3611/3135
f 3167/3647/3166 3168/3648/3167 3169/3649/3168 3170/3650/3169
f 3168/3648/3167 3171/3651/3170 3166/3646/3164 3169/3649/3168
f 3170/3650/3169 3169/3649/3168 3147/3627/3146 3095/3564/3092
f 3169/3649/3168 3166/3646/3164 3144/3622/3141 3147/3627/3146
f 3104/3573/3105 3103/3572/3104 3115/3588/3112 3114/3587/3111
f 3087/3554/3086 3084/3551/3081 3083/3550/3084 3097/3566/3096
f 3152/3632/3153 3127/3601/3126 3124/3598/3123 3128/3602/3127
f 3097/3566/3096 3083/3550/3084 3123/3597/3122 3107/3579/3106
f 3172/3652/3171 3104/3573/3105 3114/3587/3111 3113/3586/3114
f 3173/3653/3172 3172/3652/3171 3113/3586/3114 3140/3617/3139
f 3067/3532/3066 3066/3529/3065 3172/3652/3171 3173/3653/3172
f 3066/3529/3065 3105/3574/3102 3104/3573/3105 3172/3652/3171
f 3171/3651/3170 3174/3654/3173 3165/3645/3165 3166/3646/3164
f 3157/3637/3156 3156/3636/3155 3153/3633/3151 3175/3655/3174
f 3174/3654/3173 3096/3565/3095 3098/3567/3097 3165/3645/3165
f 3078/3545/3080 3096/3565/3095 3174/3654/3173 3176/3656/3175
f 3165/3645/3165 3098/3567/3097 3108/3580/3107 3145/3623/3142
f 3115/3588/3112 3135/3610/3134 3120/3593/3119 3112/3585/3113
f 3176/3656/3175 3174/3654/3173 3171/3651/3170 3168/3648/3167
f 3156/3636/3155 3155/3635/3154 3154/3634/3152 3153/3633/3151
f 3142/3619/3143 3110/3583/3109 3127/3601/3126 3154/3634/3152
f 3143/3620/3144 3142/3619/3143 3154/3634/3152 3155/3635/3154
f 3180/3660/3176 3177/3657/3177 3178/3658/3178 3179/3659/3179
f 3065/3528/3064 3181/3661/3180 3105/3575/3102 3066/3530/3065
f 3076/3543/3075 3180/3660/3176 3065/3528/3064 3064/3527/3063
f 3180/3660/3176 3179/3659/3179 3181/3661/3180 3065/3528/3064
f 3076/3543/3075 3164/3644/3163 3177/3657/3177 3180/3660/3176
f 3184/3664/3181 3185/3665/3182 3182/3662/3183 3183/3663/3184
f 3089/3556/3089 3088/3555/3088 3186/3666/3185 3187/3667/3186
f 3190/3670/3187 3191/3671/3188 3188/3668/3189 3189/3669/3190
f 3090/3557/3090 3089/3556/3089 3185/3665/3182 3184/3664/3181
f 3089/3556/3089 3187/3667/3186 3192/3672/3191 3185/3665/3182
f 3161/3641/3158 3167/3647/3166 3170/3650/3169 3158/3638/3159
f 3185/3665/3182 3192/3672/3191 3160/3640/3157 3182/3662/3183
f 3187/3667/3186 3193/3673/3192 3194/3674/3193 3192/3672/3191
f 3196/3676/3194 3150/3630/3148 3149/3629/3150 3195/3675/3195
f 3197/3677/3196 3157/3637/3156 3175/3655/3174 3198/3678/3197
f 3199/3679/3198 3200/3680/3199 3195/3675/3195 3149/3629/3150
f 3175/3655/3174 3153/3633/3151 3152/3632/3153 3196/3676/3194
f 3198/3678/3197 3175/3655/3174 3196/3676/3194 3195/3675/3195
f 3164/3644/3163 3090/3557/3090 3184/3664/3181 3177/3657/3177
f 3201/3681/3200 3198/3678/3197 3195/3675/3195 3200/3680/3199
f 3202/3682/3201 3197/3677/3196 3198/3678/3197 3201/3681/3200
f 3203/3683/3202 3162/3642/3162 3201/3681/3200 3200/3680/3199
f 3182/3662/3183 3160/3640/3157 3159/3639/3160 3204/3684/3203
f 3204/3684/3203 3159/3639/3160 3205/3685/3204 3206/3687/3205
f 3208/3691/3206 3204/3684/3203 3206/3687/3205 3207/3690/3207
f 3209/3692/3208 3093/3560/3094 3197/3677/3196 3202/3682/3201
f 3086/3553/3085 3210/3693/3209 3211/3694/3210 3111/3584/3110
f 3213/3696/3211 3138/3614/3137 3099/3568/3098 3212/3695/3212
f 3210/3693/3209 3190/3670/3187 3189/3669/3190 3211/3694/3210
f 3211/3694/3210 3189/3669/3190 3214/3699/3213 3215/3700/3214
f 3111/3584/3110 3211/3694/3210 3215/3700/3214 3216/3702/3215
f 3181/3661/3180 3217/3704/3216 3106/3577/3103 3105/3575/3102
f 3220/3707/3217 3212/3695/3212 3218/3705/3218 3219/3706/3219
f 3207/3689/3207 3206/3688/3205 3221/3708/3220 3134/3609/3133
f 3215/3701/3214 3214/3698/3213 3220/3707/3217 3222/3709/3221
f 3102/3571/3101 3130/3605/3130 3223/3710/3222 3218/3705/3218
f 3220/3707/3217 3219/3706/3219 3151/3631/3149 3222/3709/3221
f 3125/3599/3124 3222/3709/3221 3151/3631/3149 3126/3600/3125
f 3219/3706/3219 3199/3679/3198 3149/3629/3150 3151/3631/3149
f 3206/3688/3205 3205/3686/3204 3209/3692/3208 3221/3708/3220
f 3221/3708/3220 3209/3692/3208 3202/3682/3201 3163/3643/3161
f 3134/3609/3133 3221/3708/3220 3163/3643/3161 3135/3610/3134
f 3214/3698/3213 3213/3696/3211 3212/3695/3212 3220/3707/3217
f 3163/3643/3161 3202/3682/3201 3201/3681/3200 3162/3642/3162
f 3223/3710/3222 3203/3683/3202 3200/3680/3199 3199/3679/3198
f 3191/3671/3188 3146/3625/3145 3136/3611/3135 3188/3668/3189
f 3141/3618/3140 3173/3653/3172 3140/3617/3139 3139/3616/3138
f 3088/3555/3088 3091/3558/3087 3146/3625/3145 3191/3671/3188
f 3088/3555/3088 3191/3671/3188 3190/3670/3187 3186/3666/3185
f 3193/3673/3192 3224/3711/3223 3080/3547/3078 3079/3546/3077
f 3077/3544/3076 3091/3558/3087 3090/3557/3090 3164/3644/3163
f 3130/3605/3130 3121/3594/3120 3203/3683/3202 3223/3710/3222
f 3106/3576/3103 3207/3689/3207 3134/3609/3133 3103/3572/3104
f 3217/3704/3216 3208/3691/3206 3207/3690/3207 3106/3577/3103
f 3179/3659/3179 3178/3658/3178 3217/3704/3216 3181/3661/3180
f 3178/3658/3178 3183/3663/3184 3208/3691/3206 3217/3704/3216
f 3177/3657/3177 3184/3664/3181 3183/3663/3184 3178/3658/3178
f 3120/3593/3119 3162/3642/3162 3203/3683/3202 3121/3594/3120
f 3188/3668/3189 3136/3611/3135 3138/3615/3137 3213/3697/3211
f 3189/3669/3190 3188/3668/3189 3213/3697/3211 3214/3699/3213
f 3212/3695/3212 3099/3568/3098 3102/3571/3101 3218/3705/3218
f 3150/3630/3148 3128/3602/3127 3117/3590/3117 3126/3600/3125
f 3074/3540/3073 3068/3534/3068 3141/3618/3140 3132/3607/3131
f 3196/3676/3194 3152/3632/3153 3128/3602/3127 3150/3630/3148
f 3129/3603/3128 3216/3703/3215 3125/3599/3124 3116/3589/3116
f 3082/3549/3083 3111/3584/3110 3216/3702/3215 3129/3604/3128
f 3192/3672/3191 3194/3674/3193 3161/3641/3158 3160/3640/3157
f 3070/3536/3072 3073/3539/3071 3074/3541/3073 3137/3613/3136
f 3193/3673/3192 3079/3546/3077 3225/3712/3224 3194/3674/3193
f 3194/3674/3193 3225/3712/3224 3167/3647/3166 3161/3641/3158
f 3158/3638/3159 3170/3650/3169 3095/3564/3092 3094/3561/3091
f 3159/3639/3160 3158/3638/3159 3094/3561/3091 3205/3685/3204
f 3187/3667/3186 3186/3666/3185 3224/3711/3223 3193/3673/3192
f 3218/3705/3218 3223/3710/3222 3199/3679/3198 3219/3706/3219
f 3093/3560/3094 3092/3559/3093 3157/3637/3156 3197/3677/3196
f 3183/3663/3184 3182/3662/3183 3204/3684/3203 3208/3691/3206
f 3079/3546/3077 3078/3545/3080 3176/3656/3175 3225/3712/3224
f 3205/3686/3204 3094/3562/3091 3093/3560/3094 3209/3692/3208
f 3140/3617/3139 3113/3586/3114 3112/3585/3113 3122/3595/3121
f 3224/3711/3223 3186/3666/3185 3190/3670/3187 3210/3693/3209
f 3225/3712/3224 3176/3656/3175 3168/3648/3167 3167/3647/3166
f 3068/3534/3068 3067/3532/3066 3173/3653/3172 3141/3618/3140
f 3145/3624/3142 3108/3581/3107 3110/3583/3109 3142/3619/3143
f 3224/3711/3223 3210/3693/3209 3086/3553/3085 3080/3547/3078
f 3216/3703/3215 3215/3701/3214 3222/3709/3221 3125/3599/3124
f 3229/3717/3225 3226/3713/3226 3227/3715/3227 3228/3716/3228
f 3230/3719/3229 3231/3720/3230 3232/3721/3231 3233/3722/3232
f 3234/3724/3233 3229/3717/3225 3228/3716/3228 3231/3720/3230
f 3231/3720/3230 3228/3716/3228 3235/3725/3234 3232/3721/3231
f 3228/3716/3228 3227/3715/3227 3236/3726/3235 3235/3725/3234
f 3232/3721/3231 3235/3725/3234 3237/3727/3236 3233/3722/3232
f 3226/3713/3226 3238/3729/3237 3239/3730/3238 3227/3715/3227
f 3240/3731/3239 3241/3732/3240 3242/3733/3241 3243/3734/3242
f 3247/3738/3243 3244/3735/3244 3245/3736/3245 3246/3737/3246
f 3241/3732/3240 3245/3736/3245 3248/3739/3247 3242/3733/3241
f 3249/3740/3248 3246/3737/3246 3245/3736/3245 3241/3732/3240
f 3252/3743/3249 3253/3744/3250 3250/3741/3251 3251/3742/3252
f 3257/3750/3253 3254/3745/3254 3255/3746/3255 3256/3749/3256
f 3258/3751/3257 3249/3740/3248 3241/3732/3240 3240/3731/3239
f 3260/3753/3258 3261/3754/3259 3262/3755/3260 3259/3752/3261
f 3264/3757/3262 3265/3760/3263 3266/3761/3264 3263/3756/3265
f 3267/3762/3266 3268/3763/3267 3265/3759/3263 3264/3758/3262
f 3244/3735/3244 3269/3764/3268 3248/3739/3247 3245/3736/3245
f 3273/3768/3269 3270/3765/3270 3271/3766/3271 3272/3767/3272
f 3263/3756/3265 3266/3761/3264 3249/3740/3248 3258/3751/3257
f 3276/3771/3273 3277/3772/3274 3274/3769/3275 3275/3770/3276
f 3278/3773/3277 3279/3774/3278 3280/3775/3279 3270/3765/3270
f 3268/3763/3267 3275/3770/3276 3281/3776/3280 3265/3759/3263
f 3282/3778/3281 3276/3771/3273 3275/3770/3276 3268/3763/3267
f 3277/3772/3274 3283/3779/3282 3284/3780/3283 3274/3769/3275
f 3285/3781/3284 3282/3778/3281 3268/3763/3267 3267/3762/3266
f 3286/3782/3285 3277/3772/3274 3276/3771/3273 3282/3778/3281
f 3290/3788/3286 3287/3783/3287 3288/3784/3288 3289/3786/3289
f 3292/3790/3290 3279/3774/3278 3278/3773/3277 3291/3789/3291
f 3261/3754/3259 3293/3791/3292 3294/3792/3293 3262/3755/3260
f 3292/3790/3290 3291/3789/3291 3261/3754/3259 3260/3753/3258
f 3271/3766/3271 3295/3793/3294 3296/3794/3295 3287/3783/3287
f 3281/3777/3280 3297/3796/3296 3244/3735/3244 3247/3738/3243
f 3299/3799/3297 3300/3801/3298 3230/3719/3229 3298/3797/3299
f 3261/3754/3259 3291/3789/3291 3301/3802/3300 3293/3791/3292
f 3291/3789/3291 3278/3773/3277 3302/3803/3301 3301/3802/3300
f 3293/3791/3292 3301/3802/3300 3303/3804/3302 3294/3792/3293
f 3275/3770/3276 3274/3769/3275 3297/3795/3296 3281/3776/3280
f 3304/3805/3303 3233/3722/3232 3237/3727/3236 3251/3742/3252
f 3254/3745/3254 3305/3806/3304 3306/3807/3305 3255/3746/3255
f 3309/3811/3306 3307/3809/3307 3308/3810/3308 3283/3779/3282
f 3310/3812/3309 3285/3781/3284 3311/3813/3310 3312/3814/3311
f 3305/3806/3304 3314/3817/3312 3313/3815/3313 3306/3807/3305
f 3316/3819/3314 3315/3818/3315 3314/3817/3312 3305/3806/3304
f 3317/3820/3316 3316/3819/3314 3305/3806/3304 3254/3745/3254
f 3321/3824/3317 3318/3821/3318 3319/3822/3319 3320/3823/3320
f 3314/3817/3312 3322/3825/3321 3323/3827/3322 3313/3815/3313
f 3259/3752/3261 3262/3755/3260 3300/3800/3298 3299/3798/3297
f 3280/3775/3279 3324/3828/3323 3325/3829/3324 3295/3793/3294
f 3262/3755/3260 3294/3792/3293 3234/3723/3233 3300/3800/3298
f 3235/3725/3234 3236/3726/3235 3326/3830/3325 3237/3727/3236
f 3313/3816/3313 3323/3826/3322 3327/3831/3326 3328/3832/3327
f 3298/3797/3299 3230/3719/3229 3233/3722/3232 3304/3805/3303
f 3330/3834/3328 3331/3835/3329 3332/3836/3330 3329/3833/3331
f 3331/3835/3329 3328/3832/3327 3333/3837/3332 3332/3836/3330
f 3255/3747/3255 3306/3808/3305 3331/3835/3329 3330/3834/3328
f 3306/3808/3305 3313/3816/3313 3328/3832/3327 3331/3835/3329
f 3272/3767/3272 3271/3766/3271 3287/3783/3287 3290/3788/3286
f 3266/3761/3264 3247/3738/3243 3246/3737/3246 3249/3740/3248
f 3310/3812/3309 3286/3782/3285 3282/3778/3281 3285/3781/3284
f 3265/3760/3263 3281/3777/3280 3247/3738/3243 3266/3761/3264
f 3273/3768/3269 3272/3767/3272 3290/3788/3286 3334/3838/3333
f 3302/3803/3301 3273/3768/3269 3334/3838/3333 3335/3839/3334
f 3335/3839/3334 3334/3838/3333 3238/3728/3237 3226/3714/3226
f 3334/3838/3333 3290/3788/3286 3289/3786/3289 3238/3728/3237
f 3328/3832/3327 3327/3831/3326 3336/3840/3335 3333/3837/3332
f 3337/3841/3336 3312/3814/3311 3316/3819/3314 3317/3820/3316
f 3327/3831/3326 3263/3756/3265 3258/3751/3257 3336/3840/3335
f 3338/3842/3337 3336/3840/3335 3258/3751/3257 3240/3731/3239
f 3323/3826/3322 3264/3757/3262 3263/3756/3265 3327/3831/3326
f 3270/3765/3270 3280/3775/3279 3295/3793/3294 3271/3766/3271
f 3332/3836/3330 3333/3837/3332 3336/3840/3335 3338/3842/3337
f 3312/3814/3311 3311/3813/3310 3315/3818/3315 3316/3819/3314
f 3311/3813/3310 3285/3781/3284 3267/3762/3266 3322/3825/3321
f 3315/3818/3315 3311/3813/3310 3322/3825/3321 3314/3817/3312
f 3341/3845/3338 3342/3846/3339 3339/3843/3340 3340/3844/3341
f 3238/3729/3237 3289/3787/3289 3343/3847/3342 3239/3730/3238
f 3227/3715/3227 3239/3730/3238 3340/3844/3341 3236/3726/3235
f 3239/3730/3238 3343/3847/3342 3341/3845/3338 3340/3844/3341
f 3340/3844/3341 3339/3843/3340 3326/3830/3325 3236/3726/3235
f 3347/3851/3343 3344/3848/3344 3345/3849/3345 3346/3850/3346
f 3348/3852/3347 3349/3853/3348 3250/3741/3251 3253/3744/3250
f 3353/3857/3349 3350/3854/3350 3351/3855/3351 3352/3856/3352
f 3346/3850/3346 3345/3849/3345 3253/3744/3250 3252/3743/3249
f 3345/3849/3345 3354/3858/3353 3348/3852/3347 3253/3744/3250
f 3318/3821/3318 3330/3834/3328 3329/3833/3331 3319/3822/3319
f 3344/3848/3344 3320/3823/3320 3354/3858/3353 3345/3849/3345
f 3354/3858/3353 3356/3860/3354 3355/3859/3355 3348/3852/3347
f 3307/3809/3307 3309/3811/3306 3357/3861/3356 3358/3862/3357
f 3360/3864/3358 3337/3841/3336 3317/3820/3316 3359/3863/3359
f 3307/3809/3307 3358/3862/3357 3361/3865/3360 3362/3866/3361
f 3357/3861/3356 3310/3812/3309 3312/3814/3311 3337/3841/3336
f 3358/3862/3357 3357/3861/3356 3337/3841/3336 3360/3864/3358
f 3339/3843/3340 3346/3850/3346 3252/3743/3249 3326/3830/3325
f 3361/3865/3360 3358/3862/3357 3360/3864/3358 3363/3867/3362
f 3363/3867/3362 3360/3864/3358 3359/3863/3359 3364/3868/3363
f 3361/3865/3360 3363/3867/3362 3324/3828/3323 3365/3869/3364
f 3366/3870/3365 3321/3824/3317 3320/3823/3320 3344/3848/3344
f 3367/3871/3366 3368/3873/3367 3321/3824/3317 3366/3870/3365
f 3370/3877/3368 3367/3871/3366 3366/3870/3365 3369/3875/3369
f 3364/3868/3363 3359/3863/3359 3257/3750/3253 3371/3878/3370
f 3269/3764/3268 3372/3879/3371 3373/3880/3372 3248/3739/3247
f 3375/3883/3373 3259/3752/3261 3299/3798/3297 3374/3881/3374
f 3372/3879/3371 3353/3857/3349 3352/3856/3352 3373/3880/3372
f 3376/3884/3375 3377/3887/3376 3353/3857/3349 3372/3879/3371
f 3378/3888/3377 3376/3884/3375 3372/3879/3371 3269/3764/3268
f 3289/3787/3289 3288/3785/3288 3379/3890/3378 3343/3847/3342
f 3380/3891/3379 3381/3892/3380 3382/3893/3381 3375/3883/3373
f 3296/3794/3295 3383/3894/3382 3367/3872/3366 3370/3876/3368
f 3384/3895/3383 3380/3891/3379 3377/3886/3376 3376/3885/3375
f 3382/3893/3381 3385/3896/3384 3292/3790/3290 3260/3753/3258
f 3384/3895/3383 3308/3810/3308 3381/3892/3380 3380/3891/3379
f 3283/3779/3282 3308/3810/3308 3384/3895/3383 3284/3780/3283
f 3308/3810/3308 3307/3809/3307 3362/3866/3361 3381/3892/3380
f 3383/3894/3382 3371/3878/3370 3368/3874/3367 3367/3872/3366
f 3325/3829/3324 3364/3868/3363 3371/3878/3370 3383/3894/3382
f 3295/3793/3294 3325/3829/3324 3383/3894/3382 3296/3794/3295
f 3380/3891/3379 3375/3883/3373 3374/3881/3374 3377/3886/3376
f 3324/3828/3323 3363/3867/3362 3364/3868/3363 3325/3829/3324
f 3362/3866/3361 3361/3865/3360 3365/3869/3364 3385/3896/3384
f 3350/3854/3350 3298/3797/3299 3304/3805/3303 3351/3855/3351
f 3301/3802/3300 3302/3803/3301 3335/3839/3334 3303/3804/3302
f 3351/3855/3351 3304/3805/3303 3251/3742/3252 3250/3741/3251
f 3349/3853/3348 3352/3856/3352 3351/3855/3351 3250/3741/3251
f 3243/3734/3242 3242/3733/3241 3386/3897/3385 3355/3859/3355
f 3237/3727/3236 3326/3830/3325 3252/3743/3249 3251/3742/3252
f 3385/3896/3384 3365/3869/3364 3279/3774/3278 3292/3790/3290
f 3287/3783/3287 3296/3794/3295 3370/3876/3368 3288/3784/3288
f 3288/3785/3288 3370/3877/3368 3369/3875/3369 3379/3890/3378
f 3343/3847/3342 3379/3890/3378 3342/3846/3339 3341/3845/3338
f 3379/3890/3378 3369/3875/3369 3347/3851/3343 3342/3846/3339
f 3342/3846/3339 3347/3851/3343 3346/3850/3346 3339/3843/3340
f 3279/3774/3278 3365/3869/3364 3324/3828/3323 3280/3775/3279
f 3374/3882/3374 3299/3799/3297 3298/3797/3299 3350/3854/3350
f 3377/3887/3376 3374/3882/3374 3350/3854/3350 3353/3857/3349
f 3375/3883/3373 3382/3893/3381 3260/3753/3258 3259/3752/3261
f 3309/3811/3306 3283/3779/3282 3277/3772/3274 3286/3782/3285
f 3294/3792/3293 3303/3804/3302 3229/3718/3225 3234/3723/3233
f 3357/3861/3356 3309/3811/3306 3286/3782/3285 3310/3812/3309
f 3274/3769/3275 3284/3780/3283 3378/3889/3377 3297/3795/3296
f 3297/3796/3296 3378/3888/3377 3269/3764/3268 3244/3735/3244
f 3320/3823/3320 3319/3822/3319 3356/3860/3354 3354/3858/3353
f 3300/3801/3298 3234/3724/3233 3231/3720/3230 3230/3719/3229
f 3356/3860/3354 3387/3898/3386 3243/3734/3242 3355/3859/3355
f 3319/3822/3319 3329/3833/3331 3387/3898/3386 3356/3860/3354
f 3256/3748/3256 3255/3747/3255 3330/3834/3328 3318/3821/3318
f 3368/3873/3367 3256/3748/3256 3318/3821/3318 3321/3824/3317
f 3387/3898/3386 3338/3842/3337 3240/3731/3239 3243/3734/3242
f 3278/3773/3277 3270/3765/3270 3273/3768/3269 3302/3803/3301
f 3371/3878/3370 3257/3750/3253 3256/3749/3256 3368/3874/3367
f 3373/3880/3372 3352/3856/3352 3349/3853/3348 3386/3897/3385
f 3359/3863/3359 3317/3820/3316 3254/3745/3254 3257/3750/3253
f 3355/3859/3355 3386/3897/3385 3349/3853/3348 3348/3852/3347
f 3381/3892/3380 3362/3866/3361 3385/3896/3384 3382/3893/3381
f 3369/3875/3369 3366/3870/3365 3344/3848/3344 3347/3851/3343
f 3329/3833/3331 3332/3836/3330 3338/3842/3337 3387/3898/3386
f 3303/3804/3302 3335/3839/3334 3226/3714/3226 3229/3718/3225
f 3322/3825/3321 3267/3762/3266 3264/3758/3262 3323/3827/3322
f 3242/3733/3241 3248/3739/3247 3373/3880/3372 3386/3897/3385
f 3284/3780/3283 3384/3895/3383 3376/3885/3375 3378/3889/3377
f 3390/3903/3387 3391/3904/3388 3388/3899/3389 3389/3901/3390
f 3393/3906/3391 3394/3907/3392 3395/3908/3393 3392/3905/3394
f 3395/3908/3393 3390/3903/3387 3389/3901/3390 3396/3910/3395
f 3394/3907/3392 3397/3911/3396 3390/3903/3387 3395/3908/3393
f 3397/3911/3396 3398/3912/3397 3391/3904/3388 3390/3903/3387
f 3393/3906/3391 3399/3913/3398 3397/3911/3396 3394/3907/3392
f 3391/3904/3388 3400/3914/3399 3401/3916/3400 3388/3899/3389
f 3403/3918/3401 3404/3919/3402 3405/3920/3403 3402/3917/3404
f 3408/3923/3405 3409/3924/3406 3406/3921/3407 3407/3922/3408
f 3404/3919/3402 3410/3925/3409 3409/3924/3406 3405/3920/3403
f 3405/3920/3403 3409/3924/3406 3408/3923/3405 3411/3926/3410
f 3415/3930/3411 3412/3927/3412 3413/3928/3413 3414/3929/3414
f 3418/3934/3415 3419/3935/3416 3416/3931/3417 3417/3932/3418
f 3402/3917/3404 3405/3920/3403 3411/3926/3410 3420/3937/3419
f 3421/3938/3420 3422/3939/3421 3423/3940/3422 3424/3941/3423
f 3425/3942/3424 3426/3943/3425 3427/3945/3426 3428/3946/3427
f 3428/3947/3427 3427/3944/3426 3429/3948/3428 3430/3949/3429
f 3409/3924/3406 3410/3925/3409 3431/3950/3430 3406/3921/3407
f 3434/3953/3431 3435/3954/3432 3432/3951/3433 3433/3952/3434
f 3420/3937/3419 3411/3926/3410 3426/3943/3425 3425/3942/3424
f 3439/3958/3435 3436/3955/3436 3437/3956/3437 3438/3957/3438
f 3432/3951/3433 3440/3959/3439 3441/3960/3440 3442/3961/3441
f 3427/3944/3426 3443/3962/3442 3439/3958/3435 3429/3948/3428
f 3429/3948/3428 3439/3958/3435 3438/3957/3438 3444/3964/3443
f 3436/3955/3436 3445/3965/3444 3446/3966/3445 3437/3956/3437
f 3430/3949/3429 3429/3948/3428 3444/3964/3443 3447/3967/3446
f 3444/3964/3443 3438/3957/3438 3437/3956/3437 3448/3968/3447
f 3451/3971/3448 3452/3973/3449 3449/3969/3450 3450/3970/3451
f 3454/3976/3452 3442/3961/3441 3441/3960/3440 3453/3975/3453
f 3422/3939/3421 3455/3977/3454 3456/3978/3455 3423/3940/3422
f 3424/3941/3423 3423/3940/3422 3454/3976/3452 3453/3975/3453
f 3449/3969/3450 3457/3979/3456 3458/3980/3457 3435/3954/3432
f 3407/3922/3408 3406/3921/3407 3459/3982/3458 3443/3963/3442
f 3460/3983/3459 3392/3905/3394 3461/3985/3460 3462/3987/3461
f 3456/3978/3455 3463/3988/3462 3454/3976/3452 3423/3940/3422
f 3463/3988/3462 3464/3989/3463 3442/3961/3441 3454/3976/3452
f 3455/3977/3454 3465/3990/3464 3463/3988/3462 3456/3978/3455
f 3443/3962/3442 3459/3981/3458 3436/3955/3436 3439/3958/3435
f 3415/3930/3411 3399/3913/3398 3393/3906/3391 3466/3991/3465
f 3419/3935/3416 3467/3992/3466 3468/3994/3467 3416/3931/3417
f 3446/3966/3445 3471/3997/3468 3469/3995/3469 3470/3996/3470
f 3473/3999/3471 3474/4000/3472 3447/3967/3446 3472/3998/3473
f 3467/3992/3466 3475/4001/3474 3476/4003/3475 3468/3994/3467
f 3468/3994/3467 3476/4003/3475 3477/4004/3476 3478/4005/3477
f 3416/3931/3417 3468/3994/3467 3478/4005/3477 3479/4006/3478
f 3482/4009/3479 3483/4010/3480 3480/4007/3481 3481/4008/3482
f 3475/4001/3474 3485/4013/3483 3484/4011/3484 3476/4003/3475
f 3462/3986/3461 3461/3984/3460 3422/3939/3421 3421/3938/3420
f 3458/3980/3457 3487/4015/3485 3486/4014/3486 3440/3959/3439
f 3461/3984/3460 3396/3909/3395 3455/3977/3454 3422/3939/3421
f 3399/3913/3398 3488/4016/3487 3398/3912/3397 3397/3911/3396
f 3490/4018/3488 3489/4017/3489 3485/4012/3483 3475/4002/3474
f 3466/3991/3465 3393/3906/3391 3392/3905/3394 3460/3983/3459
f 3491/4019/3490 3492/4020/3491 3493/4021/3492 3494/4022/3493
f 3492/4020/3491 3495/4023/3494 3490/4018/3488 3493/4021/3492
f 3494/4022/3493 3493/4021/3492 3467/3993/3466 3419/3936/3416
f 3493/4021/3492 3490/4018/3488 3475/4002/3474 3467/3993/3466
f 3450/3970/3451 3449/3969/3450 3435/3954/3432 3434/3953/3431
f 3411/3926/3410 3408/3923/3405 3407/3922/3408 3426/3943/3425
f 3447/3967/3446 3444/3964/3443 3448/3968/3447 3472/3998/3473
f 3426/3943/3425 3407/3922/3408 3443/3963/3442 3427/3945/3426
f 3496/4024/3495 3450/3970/3451 3434/3953/3431 3433/3952/3434
f 3497/4025/3496 3496/4024/3495 3433/3952/3434 3464/3989/3463
f 3388/3900/3389 3401/3915/3400 3496/4024/3495 3497/4025/3496
f 3401/3915/3400 3451/3971/3448 3450/3970/3451 3496/4024/3495
f 3495/4023/3494 3498/4026/3497 3489/4017/3489 3490/4018/3488
f 3479/4006/3478 3478/4005/3477 3473/3999/3471 3499/4027/3498
f 3498/4026/3497 3420/3937/3419 3425/3942/3424 3489/4017/3489
f 3402/3917/3404 3420/3937/3419 3498/4026/3497 3500/4028/3499
f 3489/4017/3489 3425/3942/3424 3428/3946/3427 3485/4012/3483
f 3435/3954/3432 3458/3980/3457 3440/3959/3439 3432/3951/3433
f 3500/4028/3499 3498/4026/3497 3495/4023/3494 3492/4020/3491
f 3478/4005/3477 3477/4004/3476 3474/4000/3472 3473/3999/3471
f 3484/4011/3484 3430/3949/3429 3447/3967/3446 3474/4000/3472
f 3476/4003/3475 3484/4011/3484 3474/4000/3472 3477/4004/3476
f 3504/4032/3500 3501/4029/3501 3502/4030/3502 3503/4031/3503
f 3400/3914/3399 3505/4033/3504 3451/3972/3448 3401/3916/3400
f 3398/3912/3397 3504/4032/3500 3400/3914/3399 3391/3904/3388
f 3504/4032/3500 3503/4031/3503 3505/4033/3504 3400/3914/3399
f 3398/3912/3397 3488/4016/3487 3501/4029/3501 3504/4032/3500
f 3508/4036/3505 3509/4037/3506 3506/4034/3507 3507/4035/3508
f 3413/3928/3413 3412/3927/3412 3510/4038/3509 3511/4039/3510
f 3514/4042/3511 3515/4043/3512 3512/4040/3513 3513/4041/3514
f 3414/3929/3414 3413/3928/3413 3509/4037/3506 3508/4036/3505
f 3413/3928/3413 3511/4039/3510 3516/4044/3515 3509/4037/3506
f 3483/4010/3480 3491/4019/3490 3494/4022/3493 3480/4007/3481
f 3509/4037/3506 3516/4044/3515 3482/4009/3479 3506/4034/3507
f 3511/4039/3510 3517/4045/3516 3518/4046/3517 3516/4044/3515
f 3519/4047/3518 3520/4048/3519 3470/3996/3470 3469/3995/3469
f 3521/4049/3520 3479/4006/3478 3499/4027/3498 3522/4050/3521
f 3523/4051/3522 3524/4052/3523 3519/4047/3518 3469/3995/3469
f 3499/4027/3498 3473/3999/3471 3472/3998/3473 3520/4048/3519
f 3522/4050/3521 3499/4027/3498 3520/4048/3519 3519/4047/3518
f 3488/4016/3487 3414/3929/3414 3508/4036/3505 3501/4029/3501
f 3525/4053/3524 3522/4050/3521 3519/4047/3518 3524/4052/3523
f 3526/4054/3525 3521/4049/3520 3522/4050/3521 3525/4053/3524
f 3527/4055/3526 3486/4014/3486 3525/4053/3524 3524/4052/3523
f 3506/4034/3507 3482/4009/3479 3481/4008/3482 3528/4056/3527
f 3528/4056/3527 3481/4008/3482 3529/4057/3528 3530/4059/3529
f 3532/4063/3530 3528/4056/3527 3530/4059/3529 3531/4062/3531
f 3533/4064/3532 3417/3932/3418 3521/4049/3520 3526/4054/3525
f 3410/3925/3409 3534/4065/3533 3535/4066/3534 3431/3950/3430
f 3537/4068/3535 3462/3986/3461 3421/3938/3420 3536/4067/3536
f 3534/4065/3533 3514/4042/3511 3513/4041/3514 3535/4066/3534
f 3535/4066/3534 3513/4041/3514 3538/4071/3537 3539/4072/3538
f 3431/3950/3430 3535/4066/3534 3539/4072/3538 3540/4074/3539
f 3505/4033/3504 3541/4076/3540 3452/3974/3449 3451/3972/3448
f 3536/4067/3536 3542/4077/3541 3543/4078/3542 3544/4079/3543
f 3531/4061/3531 3530/4060/3529 3545/4080/3544 3457/3979/3456
f 3539/4073/3538 3538/4070/3537 3544/4079/3543 3546/4081/3545
f 3424/3941/3423 3453/3975/3453 3547/4082/3546 3542/4077/3541
f 3544/4079/3543 3543/4078/3542 3471/3997/3468 3546/4081/3545
f 3445/3965/3444 3546/4081/3545 3471/3997/3468 3446/3966/3445
f 3543/4078/3542 3523/4051/3522 3469/3995/3469 3471/3997/3468
f 3530/4060/3529 3529/4058/3528 3533/4064/3532 3545/4080/3544
f 3545/4080/3544 3533/4064/3532 3526/4054/3525 3487/4015/3485
f 3457/3979/3456 3545/4080/3544 3487/4015/3485 3458/3980/3457
f 3538/4070/3537 3537/4068/3535 3536/4067/3536 3544/4079/3543
f 3487/4015/3485 3526/4054/3525 3525/4053/3524 3486/4014/3486
f 3547/4082/3546 3527/4055/3526 3524/4052/3523 3523/4051/3522
f 3515/4043/3512 3466/3991/3465 3460/3983/3459 3512/4040/3513
f 3465/3990/3464 3497/4025/3496 3464/3989/3463 3463/3988/3462
f 3412/3927/3412 3415/3930/3411 3466/3991/3465 3515/4043/3512
f 3412/3927/3412 3515/4043/3512 3514/4042/3511 3510/4038/3509
f 3517/4045/3516 3548/4083/3547 3404/3919/3402 3403/3918/3401
f 3415/3930/3411 3414/3929/3414 3488/4016/3487 3399/3913/3398
f 3453/3975/3453 3441/3960/3440 3527/4055/3526 3547/4082/3546
f 3452/3973/3449 3531/4061/3531 3457/3979/3456 3449/3969/3450
f 3541/4076/3540 3532/4063/3530 3531/4062/3531 3452/3974/3449
f 3503/4031/3503 3502/4030/3502 3541/4076/3540 3505/4033/3504
f 3502/4030/3502 3507/4035/3508 3532/4063/3530 3541/4076/3540
f 3501/4029/3501 3508/4036/3505 3507/4035/3508 3502/4030/3502
f 3440/3959/3439 3486/4014/3486 3527/4055/3526 3441/3960/3440
f 3512/4040/3513 3460/3983/3459 3462/3987/3461 3537/4069/3535
f 3513/4041/3514 3512/4040/3513 3537/4069/3535 3538/4071/3537
f 3421/3938/3420 3424/3941/3423 3542/4077/3541 3536/4067/3536
f 3448/3968/3447 3437/3956/3437 3446/3966/3445 3470/3996/3470
f 3396/3909/3395 3389/3902/3390 3465/3990/3464 3455/3977/3454
f 3472/3998/3473 3448/3968/3447 3470/3996/3470 3520/4048/3519
f 3459/3981/3458 3540/4075/3539 3445/3965/3444 3436/3955/3436
f 3406/3921/3407 3431/3950/3430 3540/4074/3539 3459/3982/3458
f 3516/4044/3515 3518/4046/3517 3483/4010/3480 3482/4009/3479
f 3392/3905/3394 3395/3908/3393 3396/3910/3395 3461/3985/3460
f 3517/4045/3516 3403/3918/3401 3549/4084/3548 3518/4046/3517
f 3518/4046/3517 3549/4084/3548 3491/4019/3490 3483/4010/3480
f 3480/4007/3481 3494/4022/3493 3419/3936/3416 3418/3933/3415
f 3481/4008/3482 3480/4007/3481 3418/3933/3415 3529/4057/3528
f 3403/3918/3401 3402/3917/3404 3500/4028/3499 3549/4084/3548
f 3464/3989/3463 3433/3952/3434 3432/3951/3433 3442/3961/3441
f 3529/4058/3528 3418/3934/3415 3417/3932/3418 3533/4064/3532
f 3548/4083/3547 3510/4038/3509 3514/4042/3511 3534/4065/3533
f 3417/3932/3418 3416/3931/3417 3479/4006/3478 3521/4049/3520
f 3511/4039/3510 3510/4038/3509 3548/4083/3547 3517/4045/3516
f 3542/4077/3541 3547/4082/3546 3523/4051/3522 3543/4078/3542
f 3507/4035/3508 3506/4034/3507 3528/4056/3527 3532/4063/3530
f 3549/4084/3548 3500/4028/3499 3492/4020/3491 3491/4019/3490
f 3389/3902/3390 3388/3900/3389 3497/4025/3496 3465/3990/3464
f 3485/4013/3483 3428/3947/3427 3430/3949/3429 3484/4011/3484
f 3548/4083/3547 3534/4065/3533 3410/3925/3409 3404/3919/3402
f 3540/4075/3539 3539/4073/3538 3546/4081/3545 3445/3965/3444
f 3551/4086/3549 3552/4089/3550 3553/4090/3551 3550/4085/3552
f 3555/4092/3553 3551/4086/3549 3550/4085/3552 3554/4091/3554
f 3556/4094/3555 3557/4095/3556 3558/4096/3557 3559/4097/3558
f 3560/4099/3559 3555/4092/3553 3554/4091/3554 3557/4095/3556
f 3557/4095/3556 3554/4091/3554 3561/4100/3560 3558/4096/3557
f 3554/4091/3554 3550/4085/3552 3562/4101/3561 3561/4100/3560
f 3558/4096/3557 3561/4100/3560 3563/4102/3562 3559/4097/3558
f 3564/4103/3563 3565/4104/3564 3566/4105/3565 3567/4106/3566
f 3571/4110/3567 3568/4107/3568 3569/4108/3569 3570/4109/3570
f 3565/4104/3564 3569/4108/3569 3572/4111/3571 3566/4105/3565
f 3573/4112/3572 3570/4109/3570 3569/4108/3569 3565/4104/3564
f 3576/4115/3573 3577/4116/3574 3574/4113/3575 3575/4114/3576
f 3581/4122/3577 3578/4117/3578 3579/4118/3579 3580/4121/3580
f 3582/4123/3581 3573/4112/3572 3565/4104/3564 3564/4103/3563
f 3584/4125/3582 3583/4124/3583 3573/4112/3572 3582/4123/3581
f 3586/4127/3584 3587/4128/3585 3588/4129/3586 3585/4126/3587
f 3592/4135/3588 3589/4130/3589 3590/4131/3590 3591/4133/3591
f 3593/4136/3592 3594/4139/3593 3583/4124/3583 3584/4125/3582
f 3595/4140/3594 3596/4141/3595 3594/4138/3593 3593/4137/3592
f 3568/4107/3568 3597/4142/3596 3572/4111/3571 3569/4108/3569
f 3601/4146/3597 3598/4143/3598 3599/4144/3599 3600/4145/3600
f 3604/4149/3601 3605/4150/3602 3602/4147/3603 3603/4148/3604
f 3606/4151/3605 3607/4152/3606 3608/4153/3607 3598/4143/3598
f 3596/4141/3595 3603/4148/3604 3609/4154/3608 3594/4138/3593
f 3610/4156/3609 3604/4149/3601 3603/4148/3604 3596/4141/3595
f 3605/4150/3602 3611/4157/3610 3612/4158/3611 3602/4147/3603
f 3613/4159/3612 3610/4156/3609 3596/4141/3595 3595/4140/3594
f 3614/4160/3613 3605/4150/3602 3604/4149/3601 3610/4156/3609
f 3603/4148/3604 3602/4147/3603 3615/4161/3614 3609/4154/3608
f 3617/4164/3615 3607/4152/3606 3606/4151/3605 3616/4163/3616
f 3587/4128/3585 3618/4165/3617 3619/4166/3618 3588/4129/3586
f 3617/4164/3615 3616/4163/3616 3587/4128/3585 3586/4127/3584
f 3599/4144/3599 3620/4167/3619 3621/4168/3620 3589/4130/3589
f 3609/4155/3608 3615/4162/3614 3568/4107/3568 3571/4110/3567
f 3623/4171/3621 3624/4173/3622 3556/4094/3555 3622/4169/3623
f 3587/4128/3585 3616/4163/3616 3625/4174/3624 3618/4165/3617
f 3616/4163/3616 3606/4151/3605 3626/4175/3625 3625/4174/3624
f 3618/4165/3617 3625/4174/3624 3627/4176/3626 3619/4166/3618
f 3631/4182/3627 3628/4177/3628 3629/4179/3629 3630/4180/3630
f 3632/4183/3631 3559/4097/3558 3563/4102/3562 3575/4114/3576
f 3578/4117/3578 3633/4184/3632 3634/4185/3633 3579/4118/3579
f 3637/4189/3634 3635/4187/3635 3636/4188/3636 3611/4157/3610
f 3640/4192/3637 3638/4190/3638 3613/4159/3612 3639/4191/3639
f 3633/4184/3632 3631/4182/3627 3630/4180/3630 3634/4185/3633
f 3642/4194/3640 3641/4193/3641 3631/4182/3627 3633/4184/3632
f 3643/4195/3642 3642/4194/3640 3633/4184/3632 3578/4117/3578
f 3647/4199/3643 3644/4196/3644 3645/4197/3645 3646/4198/3646
f 3585/4126/3587 3588/4129/3586 3624/4172/3622 3623/4170/3621
f 3608/4153/3607 3648/4200/3647 3649/4201/3648 3620/4167/3619
f 3588/4129/3586 3619/4166/3618 3560/4098/3559 3624/4172/3622
f 3561/4100/3560 3562/4101/3561 3650/4202/3649 3563/4102/3562
f 3630/4181/3630 3629/4178/3629 3651/4203/3650 3652/4204/3651
f 3622/4169/3623 3556/4094/3555 3559/4097/3558 3632/4183/3631
f 3654/4206/3652 3655/4207/3653 3656/4208/3654 3653/4205/3655
f 3655/4207/3653 3652/4204/3651 3657/4209/3656 3656/4208/3654
f 3579/4119/3579 3634/4186/3633 3655/4207/3653 3654/4206/3652
f 3634/4186/3633 3630/4181/3630 3652/4204/3651 3655/4207/3653
f 3600/4145/3600 3599/4144/3599 3589/4130/3589 3592/4135/3588
f 3583/4124/3583 3571/4110/3567 3570/4109/3570 3573/4112/3572
f 3638/4190/3638 3614/4160/3613 3610/4156/3609 3613/4159/3612
f 3594/4139/3593 3609/4155/3608 3571/4110/3567 3583/4124/3583
f 3601/4146/3597 3600/4145/3600 3592/4135/3588 3658/4210/3657
f 3626/4175/3625 3601/4146/3597 3658/4210/3657 3659/4211/3658
f 3659/4211/3658 3658/4210/3657 3552/4088/3550 3551/4087/3549
f 3658/4210/3657 3592/4135/3588 3591/4133/3591 3552/4088/3550
f 3652/4204/3651 3651/4203/3650 3660/4212/3659 3657/4209/3656
f 3661/4213/3660 3640/4192/3637 3642/4194/3640 3643/4195/3642
f 3651/4203/3650 3584/4125/3582 3582/4123/3581 3660/4212/3659
f 3662/4214/3661 3660/4212/3659 3582/4123/3581 3564/4103/3563
f 3629/4178/3629 3593/4136/3592 3584/4125/3582 3651/4203/3650
f 3598/4143/3598 3608/4153/3607 3620/4167/3619 3599/4144/3599
f 3656/4208/3654 3657/4209/3656 3660/4212/3659 3662/4214/3661
f 3640/4192/3637 3639/4191/3639 3641/4193/3641 3642/4194/3640
f 3639/4191/3639 3613/4159/3612 3595/4140/3594 3628/4177/3628
f 3641/4193/3641 3639/4191/3639 3628/4177/3628 3631/4182/3627
f 3665/4217/3662 3666/4218/3663 3663/4215/3664 3664/4216/3665
f 3552/4089/3550 3591/4134/3591 3667/4219/3666 3553/4090/3551
f 3550/4085/3552 3553/4090/3551 3664/4216/3665 3562/4101/3561
f 3553/4090/3551 3667/4219/3666 3665/4217/3662 3664/4216/3665
f 3664/4216/3665 3663/4215/3664 3650/4202/3649 3562/4101/3561
f 3671/4223/3667 3668/4220/3668 3669/4221/3669 3670/4222/3670
f 3672/4224/3671 3673/4225/3672 3574/4113/3575 3577/4116/3574
f 3677/4229/3673 3674/4226/3674 3675/4227/3675 3676/4228/3676
f 3670/4222/3670 3669/4221/3669 3577/4116/3574 3576/4115/3573
f 3669/4221/3669 3678/4230/3677 3672/4224/3671 3577/4116/3574
f 3644/4196/3644 3654/4206/3652 3653/4205/3655 3645/4197/3645
f 3668/4220/3668 3646/4198/3646 3678/4230/3677 3669/4221/3669
f 3678/4230/3677 3680/4232/3678 3679/4231/3679 3672/4224/3671
f 3682/4234/3680 3635/4187/3635 3637/4189/3634 3681/4233/3681
f 3684/4236/3682 3661/4213/3660 3643/4195/3642 3683/4235/3683
f 3635/4187/3635 3682/4234/3680 3685/4237/3684 3686/4238/3685
f 3681/4233/3681 3638/4190/3638 3640/4192/3637 3661/4213/3660
f 3682/4234/3680 3681/4233/3681 3661/4213/3660 3684/4236/3682
f 3663/4215/3664 3670/4222/3670 3576/4115/3573 3650/4202/3649
f 3685/4237/3684 3682/4234/3680 3684/4236/3682 3687/4239/3686
f 3687/4239/3686 3684/4236/3682 3683/4235/3683 3688/4240/3687
f 3689/4241/3688 3685/4237/3684 3687/4239/3686 3648/4200/3647
f 3690/4242/3689 3647/4199/3643 3646/4198/3646 3668/4220/3668
f 3691/4243/3690 3692/4245/3691 3647/4199/3643 3690/4242/3689
f 3694/4249/3692 3691/4243/3690 3690/4242/3689 3693/4247/3693
f 3688/4240/3687 3683/4235/3683 3581/4122/3577 3695/4250/3694
f 3597/4142/3596 3696/4251/3695 3697/4252/3696 3572/4111/3571
f 3699/4255/3697 3585/4126/3587 3623/4170/3621 3698/4253/3698
f 3696/4251/3695 3677/4229/3673 3676/4228/3676 3697/4252/3696
f 3700/4256/3699 3701/4259/3700 3677/4229/3673 3696/4251/3695
f 3702/4260/3701 3700/4256/3699 3696/4251/3695 3597/4142/3596
f 3591/4134/3591 3590/4132/3590 3703/4262/3702 3667/4219/3666
f 3705/4264/3703 3706/4265/3704 3699/4255/3697 3704/4263/3705
f 3621/4168/3620 3707/4266/3706 3691/4244/3690 3694/4248/3692
f 3708/4267/3707 3704/4263/3705 3701/4258/3700 3700/4257/3699
f 3709/4268/3708 3617/4164/3615 3586/4127/3584 3706/4265/3704
f 3636/4188/3636 3705/4264/3703 3704/4263/3705 3708/4267/3707
f 3611/4157/3610 3636/4188/3636 3708/4267/3707 3612/4158/3611
f 3636/4188/3636 3635/4187/3635 3686/4238/3685 3705/4264/3703
f 3707/4266/3706 3695/4250/3694 3692/4246/3691 3691/4244/3690
f 3649/4201/3648 3688/4240/3687 3695/4250/3694 3707/4266/3706
f 3620/4167/3619 3649/4201/3648 3707/4266/3706 3621/4168/3620
f 3704/4263/3705 3699/4255/3697 3698/4253/3698 3701/4258/3700
f 3648/4200/3647 3687/4239/3686 3688/4240/3687 3649/4201/3648
f 3686/4238/3685 3685/4237/3684 3689/4241/3688 3709/4268/3708
f 3674/4226/3674 3622/4169/3623 3632/4183/3631 3675/4227/3675
f 3625/4174/3624 3626/4175/3625 3659/4211/3658 3627/4176/3626
f 3675/4227/3675 3632/4183/3631 3575/4114/3576 3574/4113/3575
f 3676/4228/3676 3675/4227/3675 3574/4113/3575 3673/4225/3672
f 3567/4106/3566 3566/4105/3565 3710/4269/3709 3679/4231/3679
f 3563/4102/3562 3650/4202/3649 3576/4115/3573 3575/4114/3576
f 3689/4241/3688 3607/4152/3606 3617/4164/3615 3709/4268/3708
f 3589/4130/3589 3621/4168/3620 3694/4248/3692 3590/4131/3590
f 3590/4132/3590 3694/4249/3692 3693/4247/3693 3703/4262/3702
f 3667/4219/3666 3703/4262/3702 3666/4218/3663 3665/4217/3662
f 3703/4262/3702 3693/4247/3693 3671/4223/3667 3666/4218/3663
f 3666/4218/3663 3671/4223/3667 3670/4222/3670 3663/4215/3664
f 3607/4152/3606 3689/4241/3688 3648/4200/3647 3608/4153/3607
f 3698/4254/3698 3623/4171/3621 3622/4169/3623 3674/4226/3674
f 3701/4259/3700 3698/4254/3698 3674/4226/3674 3677/4229/3673
f 3706/4265/3704 3586/4127/3584 3585/4126/3587 3699/4255/3697
f 3637/4189/3634 3611/4157/3610 3605/4150/3602 3614/4160/3613
f 3619/4166/3618 3627/4176/3626 3555/4093/3553 3560/4098/3559
f 3681/4233/3681 3637/4189/3634 3614/4160/3613 3638/4190/3638
f 3602/4147/3603 3612/4158/3611 3702/4261/3701 3615/4161/3614
f 3615/4162/3614 3702/4260/3701 3597/4142/3596 3568/4107/3568
f 3646/4198/3646 3645/4197/3645 3680/4232/3678 3678/4230/3677
f 3624/4173/3622 3560/4099/3559 3557/4095/3556 3556/4094/3555
f 3680/4232/3678 3711/4270/3710 3567/4106/3566 3679/4231/3679
f 3645/4197/3645 3653/4205/3655 3711/4270/3710 3680/4232/3678
f 3580/4120/3580 3579/4119/3579 3654/4206/3652 3644/4196/3644
f 3692/4245/3691 3580/4120/3580 3644/4196/3644 3647/4199/3643
f 3679/4231/3679 3710/4269/3709 3673/4225/3672 3672/4224/3671
f 3705/4264/3703 3686/4238/3685 3709/4268/3708 3706/4265/3704
f 3683/4235/3683 3643/4195/3642 3578/4117/3578 3581/4122/3577
f 3693/4247/3693 3690/4242/3689 3668/4220/3668 3671/4223/3667
f 3711/4270/3710 3662/4214/3661 3564/4103/3563 3567/4106/3566
f 3695/4250/3694 3581/4122/3577 3580/4121/3580 3692/4246/3691
f 3606/4151/3605 3598/4143/3598 3601/4146/3597 3626/4175/3625
f 3697/4252/3696 3676/4228/3676 3673/4225/3672 3710/4269/3709
f 3653/4205/3655 3656/4208/3654 3662/4214/3661 3711/4270/3710
f 3627/4176/3626 3659/4211/3658 3551/4087/3549 3555/4093/3553
f 3628/4177/3628 3595/4140/3594 3593/4137/3592 3629/4179/3629
f 3566/4105/3565 3572/4111/3571 3697/4252/3696 3710/4269/3709
f 3612/4158/3611 3708/4267/3707 3700/4257/3699 3702/4261/3701
f 3712/4271/3711 3713/4272/3712 3714/4274/3713 3715/4275/3714
f 3717/4279/3715 3712/4271/3711 3715/4275/3714 3716/4277/3716
f 3719/4281/3717 3720/4282/3718 3721/4283/3719 3718/4280/3720
f 3721/4283/3719 3717/4279/3715 3716/4277/3716 3722/4285/3721
f 3720/4282/3718 3723/4286/3722 3717/4279/3715 3721/4283/3719
f 3723/4286/3722 3724/4287/3723 3712/4271/3711 3717/4279/3715
f 3719/4281/3717 3725/4288/3724 3723/4286/3722 3720/4282/3718
f 3727/4290/3725 3728/4291/3726 3729/4292/3727 3726/4289/3728
f 3732/4295/3729 3733/4296/3730 3730/4293/3731 3731/4294/3732
f 3728/4291/3726 3734/4297/3733 3733/4296/3730 3729/4292/3727
f 3729/4292/3727 3733/4296/3730 3732/4295/3729 3735/4298/3734
f 3739/4302/3735 3736/4299/3736 3737/4300/3737 3738/4301/3738
f 3742/4306/3739 3743/4307/3740 3740/4303/3741 3741/4304/3742
f 3726/4289/3728 3729/4292/3727 3735/4298/3734 3744/4309/3743
f 3744/4309/3743 3735/4298/3734 3745/4310/3744 3746/4311/3745
f 3747/4312/3746 3748/4313/3747 3749/4314/3748 3750/4315/3749
f 3753/4318/3750 3754/4320/3751 3751/4316/3752 3752/4317/3753
f 3746/4311/3745 3745/4310/3744 3755/4323/3754 3756/4324/3755
f 3756/4325/3755 3755/4322/3754 3757/4326/3756 3758/4327/3757
f 3733/4296/3730 3734/4297/3733 3759/4328/3758 3730/4293/3731
f 3762/4331/3759 3763/4332/3760 3760/4329/3761 3761/4330/3762
f 3767/4336/3763 3764/4333/3764 3765/4334/3765 3766/4335/3766
f 3760/4329/3761 3768/4337/3767 3769/4338/3768 3770/4339/3769
f 3755/4322/3754 3771/4340/3770 3767/4336/3763 3757/4326/3756
f 3757/4326/3756 3767/4336/3763 3766/4335/3766 3772/4342/3771
f 3764/4333/3764 3773/4343/3772 3774/4344/3773 3765/4334/3765
f 3758/4327/3757 3757/4326/3756 3772/4342/3771 3775/4345/3774
f 3772/4342/3771 3766/4335/3766 3765/4334/3765 3776/4346/3775
f 3771/4340/3770 3777/4347/3776 3764/4333/3764 3767/4336/3763
f 3779/4350/3777 3770/4339/3769 3769/4338/3768 3778/4349/3778
f 3748/4313/3747 3780/4351/3779 3781/4352/3780 3749/4314/3748
f 3750/4315/3749 3749/4314/3748 3779/4350/3777 3778/4349/3778
f 3751/4316/3752 3782/4353/3781 3783/4354/3782 3763/4332/3760
f 3731/4294/3732 3730/4293/3731 3777/4348/3776 3771/4341/3770
f 3784/4355/3783 3718/4280/3720 3785/4357/3784 3786/4359/3785
f 3781/4352/3780 3787/4360/3786 3779/4350/3777 3749/4314/3748
f 3787/4360/3786 3788/4361/3787 3770/4339/3769 3779/4350/3777
f 3780/4351/3779 3789/4362/3788 3787/4360/3786 3781/4352/3780
f 3792/4365/3789 3793/4368/3790 3790/4363/3791 3791/4364/3792
f 3739/4302/3735 3725/4288/3724 3719/4281/3717 3794/4369/3793
f 3743/4307/3740 3795/4370/3794 3796/4372/3795 3740/4303/3741
f 3774/4344/3773 3799/4375/3796 3797/4373/3797 3798/4374/3798
f 3802/4378/3799 3775/4345/3774 3800/4376/3800 3801/4377/3801
f 3795/4370/3794 3792/4365/3789 3791/4364/3792 3796/4372/3795
f 3796/4372/3795 3791/4364/3792 3803/4379/3802 3804/4380/3803
f 3740/4303/3741 3796/4372/3795 3804/4380/3803 3805/4381/3804
f 3808/4384/3805 3809/4385/3806 3806/4382/3807 3807/4383/3808
f 3786/4358/3785 3785/4356/3784 3748/4313/3747 3747/4312/3746
f 3783/4354/3782 3811/4387/3809 3810/4386/3810 3768/4337/3767
f 3785/4356/3784 3722/4284/3721 3780/4351/3779 3748/4313/3747
f 3725/4288/3724 3812/4388/3811 3724/4287/3723 3723/4286/3722
f 3814/4390/3812 3813/4389/3813 3793/4367/3790 3792/4366/3789
f 3794/4369/3793 3719/4281/3717 3718/4280/3720 3784/4355/3783
f 3815/4391/3814 3816/4392/3815 3817/4393/3816 3818/4394/3817
f 3816/4392/3815 3819/4395/3818 3814/4390/3812 3817/4393/3816
f 3818/4394/3817 3817/4393/3816 3795/4371/3794 3743/4308/3740
f 3817/4393/3816 3814/4390/3812 3792/4366/3789 3795/4371/3794
f 3752/4317/3753 3751/4316/3752 3763/4332/3760 3762/4331/3759
f 3735/4298/3734 3732/4295/3729 3731/4294/3732 3745/4310/3744
f 3775/4345/3774 3772/4342/3771 3776/4346/3775 3800/4376/3800
f 3745/4310/3744 3731/4294/3732 3771/4341/3770 3755/4323/3754
f 3820/4396/3819 3752/4317/3753 3762/4331/3759 3761/4330/3762
f 3821/4397/3820 3820/4396/3819 3761/4330/3762 3788/4361/3787
f 3715/4276/3714 3714/4273/3713 3820/4396/3819 3821/4397/3820
f 3714/4273/3713 3753/4318/3750 3752/4317/3753 3820/4396/3819
f 3819/4395/3818 3822/4398/3821 3813/4389/3813 3814/4390/3812
f 3805/4381/3804 3804/4380/3803 3801/4377/3801 3823/4399/3822
f 3822/4398/3821 3744/4309/3743 3746/4311/3745 3813/4389/3813
f 3726/4289/3728 3744/4309/3743 3822/4398/3821 3824/4400/3823
f 3813/4389/3813 3746/4311/3745 3756/4324/3755 3793/4367/3790
f 3763/4332/3760 3783/4354/3782 3768/4337/3767 3760/4329/3761
f 3824/4400/3823 3822/4398/3821 3819/4395/3818 3816/4392/3815
f 3804/4380/3803 3803/4379/3802 3802/4378/3799 3801/4377/3801
f 3790/4363/3791 3758/4327/3757 3775/4345/3774 3802/4378/3799
f 3791/4364/3792 3790/4363/3791 3802/4378/3799 3803/4379/3802
f 3828/4404/3824 3825/4401/3825 3826/4402/3826 3827/4403/3827
f 3713/4272/3712 3829/4405/3828 3753/4319/3750 3714/4274/3713
f 3724/4287/3723 3828/4404/3824 3713/4272/3712 3712/4271/3711
f 3828/4404/3824 3827/4403/3827 3829/4405/3828 3713/4272/3712
f 3724/4287/3723 3812/4388/3811 3825/4401/3825 3828/4404/3824
f 3832/4408/3829 3833/4409/3830 3830/4406/3831 3831/4407/3832
f 3737/4300/3737 3736/4299/3736 3834/4410/3833 3835/4411/3834
f 3838/4414/3835 3839/4415/3836 3836/4412/3837 3837/4413/3838
f 3738/4301/3738 3737/4300/3737 3833/4409/3830 3832/4408/3829
f 3737/4300/3737 3835/4411/3834 3840/4416/3839 3833/4409/3830
f 3809/4385/3806 3815/4391/3814 3818/4394/3817 3806/4382/3807
f 3833/4409/3830 3840/4416/3839 3808/4384/3805 3830/4406/3831
f 3835/4411/3834 3841/4417/3840 3842/4418/3841 3840/4416/3839
f 3844/4420/3842 3798/4374/3798 3797/4373/3797 3843/4419/3843
f 3845/4421/3844 3805/4381/3804 3823/4399/3822 3846/4422/3845
f 3847/4423/3846 3848/4424/3847 3843/4419/3843 3797/4373/3797
f 3823/4399/3822 3801/4377/3801 3800/4376/3800 3844/4420/3842
f 3846/4422/3845 3823/4399/3822 3844/4420/3842 3843/4419/3843
f 3812/4388/3811 3738/4301/3738 3832/4408/3829 3825/4401/3825
f 3849/4425/3848 3846/4422/3845 3843/4419/3843 3848/4424/3847
f 3850/4426/3849 3845/4421/3844 3846/4422/3845 3849/4425/3848
f 3810/4386/3810 3849/4425/3848 3848/4424/3847 3851/4427/3850
f 3830/4406/3831 3808/4384/3805 3807/4383/3808 3852/4428/3851
f 3852/4428/3851 3807/4383/3808 3853/4429/3852 3854/4431/3853
f 3856/4435/3854 3852/4428/3851 3854/4431/3853 3855/4434/3855
f 3857/4436/3856 3741/4304/3742 3845/4421/3844 3850/4426/3849
f 3734/4297/3733 3858/4437/3857 3859/4438/3858 3759/4328/3758
f 3861/4440/3859 3786/4358/3785 3747/4312/3746 3860/4439/3860
f 3858/4437/3857 3838/4414/3835 3837/4413/3838 3859/4438/3858
f 3859/4438/3858 3837/4413/3838 3862/4443/3861 3863/4444/3862
f 3759/4328/3758 3859/4438/3858 3863/4444/3862 3864/4446/3863
f 3829/4405/3828 3865/4448/3864 3754/4321/3751 3753/4319/3750
f 3868/4451/3865 3860/4439/3860 3866/4449/3866 3867/4450/3867
f 3855/4433/3855 3854/4432/3853 3869/4452/3868 3782/4353/3781
f 3863/4445/3862 3862/4442/3861 3868/4451/3865 3870/4453/3869
f 3866/4449/3866 3750/4315/3749 3778/4349/3778 3871/4454/3870
f 3870/4453/3869 3868/4451/3865 3867/4450/3867 3799/4375/3796
f 3773/4343/3772 3870/4453/3869 3799/4375/3796 3774/4344/3773
f 3867/4450/3867 3847/4423/3846 3797/4373/3797 3799/4375/3796
f 3854/4432/3853 3853/4430/3852 3857/4436/3856 3869/4452/3868
f 3869/4452/3868 3857/4436/3856 3850/4426/3849 3811/4387/3809
f 3782/4353/3781 3869/4452/3868 3811/4387/3809 3783/4354/3782
f 3862/4442/3861 3861/4440/3859 3860/4439/3860 3868/4451/3865
f 3811/4387/3809 3850/4426/3849 3849/4425/3848 3810/4386/3810
f 3871/4454/3870 3851/4427/3850 3848/4424/3847 3847/4423/3846
f 3839/4415/3836 3794/4369/3793 3784/4355/3783 3836/4412/3837
f 3789/4362/3788 3821/4397/3820 3788/4361/3787 3787/4360/3786
f 3736/4299/3736 3739/4302/3735 3794/4369/3793 3839/4415/3836
f 3834/4410/3833 3736/4299/3736 3839/4415/3836 3838/4414/3835
f 3841/4417/3840 3872/4455/3871 3728/4291/3726 3727/4290/3725
f 3739/4302/3735 3738/4301/3738 3812/4388/3811 3725/4288/3724
f 3871/4454/3870 3778/4349/3778 3769/4338/3768 3851/4427/3850
f 3754/4320/3751 3855/4433/3855 3782/4353/3781 3751/4316/3752
f 3865/4448/3864 3856/4435/3854 3855/4434/3855 3754/4321/3751
f 3827/4403/3827 3826/4402/3826 3865/4448/3864 3829/4405/3828
f 3826/4402/3826 3831/4407/3832 3856/4435/3854 3865/4448/3864
f 3825/4401/3825 3832/4408/3829 3831/4407/3832 3826/4402/3826
f 3768/4337/3767 3810/4386/3810 3851/4427/3850 3769/4338/3768
f 3836/4412/3837 3784/4355/3783 3786/4359/3785 3861/4441/3859
f 3837/4413/3838 3836/4412/3837 3861/4441/3859 3862/4443/3861
f 3860/4439/3860 3747/4312/3746 3750/4315/3749 3866/4449/3866
f 3776/4346/3775 3765/4334/3765 3774/4344/3773 3798/4374/3798
f 3722/4284/3721 3716/4278/3716 3789/4362/3788 3780/4351/3779
f 3800/4376/3800 3776/4346/3775 3798/4374/3798 3844/4420/3842
f 3777/4347/3776 3864/4447/3863 3773/4343/3772 3764/4333/3764
f 3730/4293/3731 3759/4328/3758 3864/4446/3863 3777/4348/3776
f 3840/4416/3839 3842/4418/3841 3809/4385/3806 3808/4384/3805
f 3718/4280/3720 3721/4283/3719 3722/4285/3721 3785/4357/3784
f 3841/4417/3840 3727/4290/3725 3873/4456/3872 3842/4418/3841
f 3842/4418/3841 3873/4456/3872 3815/4391/3814 3809/4385/3806
f 3806/4382/3807 3818/4394/3817 3743/4308/3740 3742/4305/3739
f 3807/4383/3808 3806/4382/3807 3742/4305/3739 3853/4429/3852
f 3835/4411/3834 3834/4410/3833 3872/4455/3871 3841/4417/3840
f 3866/4449/3866 3871/4454/3870 3847/4423/3846 3867/4450/3867
f 3741/4304/3742 3740/4303/3741 3805/4381/3804 3845/4421/3844
f 3831/4407/3832 3830/4406/3831 3852/4428/3851 3856/4435/3854
f 3727/4290/3725 3726/4289/3728 3824/4400/3823 3873/4456/3872
f 3853/4430/3852 3742/4306/3739 3741/4304/3742 3857/4436/3856
f 3788/4361/3787 3761/4330/3762 3760/4329/3761 3770/4339/3769
f 3872/4455/3871 3834/4410/3833 3838/4414/3835 3858/4437/3857
f 3873/4456/3872 3824/4400/3823 3816/4392/3815 3815/4391/3814
f 3716/4278/3716 3715/4276/3714 3821/4397/3820 3789/4362/3788
f 3793/4368/3790 3756/4325/3755 3758/4327/3757 3790/4363/3791
f 3872/4455/3871 3858/4437/3857 3734/4297/3733 3728/4291/3726
f 3864/4447/3863 3863/4445/3862 3870/4453/3869 3773/4343/3772
f 4328/5012/4310 4329/5013/4311 4326/5009/4312 4327/5010/4313
f 4330/5015/4314 4331/5016/4315 4332/5017/4316 4333/5019/4317
f 4329/5013/4311 4334/5021/4318 4335/5023/4319 4326/5009/4312
f 4339/5027/4320 4336/5024/4321 4337/5025/4322 4338/5026/4323
f 4334/5021/4318 4340/5029/4324 4339/5027/4320 4335/5023/4319
f 4341/5030/4325 4342/5031/4326 4343/5032/4327 4344/5033/4328
f 4335/5023/4319 4339/5027/4320 4338/5026/4323 4345/5034/4329
f 4346/5035/4330 4347/5036/4331 4348/5037/4332 4349/5038/4333
f 4326/5009/4312 4335/5023/4319 4345/5034/4329 4350/5039/4334
f 4338/5026/4323 4337/5025/4322 4341/5030/4325 4345/5034/4329
f 4353/5042/4335 4354/5043/4336 4351/5040/4337 4352/5041/4338
f 4358/5047/4339 4355/5044/4340 4356/5045/4341 4357/5046/4342
f 4359/5048/4343 4360/5049/4344 4361/5050/4345 4362/5051/4346
f 4364/5053/4347 4365/5054/4348 4366/5055/4349 4363/5052/4350
f 4362/5051/4346 4358/5047/4339 4357/5046/4342 4348/5037/4332
f 4361/5050/4345 4367/5056/4351 4358/5047/4339 4362/5051/4346
f 4368/5057/4352 4369/5058/4353 4370/5059/4354 4365/5054/4348
f 4367/5056/4351 4371/5060/4355 4355/5044/4340 4358/5047/4339
f 4374/5063/4356 4375/5064/4357 4372/5061/4358 4373/5062/4359
f 4379/5068/4360 4376/5065/4361 4377/5066/4362 4378/5067/4363
f 4382/5071/4364 4383/5072/4365 4380/5069/4366 4381/5070/4367
f 4384/5073/4368 4385/5074/4369 4386/5075/4370 4387/5077/4371
f 4390/5082/4372 4391/5083/4373 4388/5079/4374 4389/5080/4375
f 4392/5085/4376 4393/5086/4377 4391/5084/4373 4390/5081/4372
f 4347/5036/4331 4359/5048/4343 4362/5051/4346 4348/5037/4332
f 4375/5064/4357 4394/5087/4378 4395/5088/4379 4372/5061/4358
f 4396/5089/4380 4397/5090/4381 4398/5091/4382 4376/5065/4361
f 4389/5080/4375 4388/5079/4374 4371/5060/4355 4367/5056/4351
f 4395/5088/4379 4392/5085/4376 4390/5081/4372 4399/5092/4383
f 4394/5087/4378 4400/5094/4384 4392/5085/4376 4395/5088/4379
f 4342/5031/4326 4352/5041/4338 4401/5095/4385 4343/5032/4327
f 4400/5094/4384 4402/5096/4386 4393/5086/4377 4392/5085/4376
f 4403/5097/4387 4400/5094/4384 4394/5087/4378 4375/5064/4357
f 4405/5099/4388 4404/5098/4389 4363/5052/4350 4401/5095/4385
f 4372/5061/4358 4395/5088/4379 4399/5092/4383 4406/5101/4390
f 4407/5102/4391 4408/5103/4392 4405/5099/4388 4351/5040/4337
f 4397/5090/4381 4409/5104/4393 4410/5105/4394 4398/5091/4382
f 4412/5107/4395 4382/5071/4364 4381/5070/4367 4411/5106/4396
f 4409/5104/4393 4383/5072/4365 4382/5071/4364 4410/5105/4394
f 4414/5109/4397 4379/5068/4360 4384/5073/4368 4413/5108/4398
f 4406/5100/4390 4399/5093/4383 4360/5049/4344 4359/5048/4343
f 4416/5112/4399 4417/5114/4400 4415/5110/4401 4336/5024/4321
f 4410/5105/4394 4382/5071/4364 4412/5107/4395 4418/5115/4402
f 4415/5110/4401 4419/5116/4403 4353/5042/4335 4420/5117/4404
f 4398/5091/4382 4410/5105/4394 4418/5115/4402 4421/5118/4405
f 4418/5115/4402 4412/5107/4395 4411/5106/4396 4422/5119/4406
f 4337/5025/4322 4420/5117/4404 4342/5031/4326 4341/5030/4325
f 4425/5124/4407 4426/5125/4408 4423/5120/4409 4424/5122/4410
f 4429/5128/4411 4430/5129/4412 4427/5126/4413 4428/5127/4414
f 4402/5096/4386 4431/5130/4415 4432/5131/4416 4433/5132/4417
f 4435/5135/4418 4425/5124/4407 4424/5122/4410 4434/5134/4419
f 4436/5136/4420 4437/5137/4421 4425/5124/4407 4435/5135/4418
f 4437/5137/4421 4438/5138/4422 4426/5125/4408 4425/5124/4407
f 4441/5141/4423 4442/5142/4424 4439/5139/4425 4440/5140/4426
f 4381/5070/4367 4380/5069/4366 4417/5113/4400 4416/5111/4399
f 4411/5106/4396 4381/5070/4367 4416/5111/4399 4340/5028/4324
f 4345/5034/4329 4341/5030/4325 4344/5033/4328 4350/5039/4334
f 4336/5024/4321 4415/5110/4401 4420/5117/4404 4337/5025/4322
f 4446/5146/4427 4443/5143/4428 4444/5144/4429 4445/5145/4430
f 4447/5147/4431 4396/5089/4380 4414/5109/4397 4448/5148/4432
f 4443/5143/4428 4449/5149/4433 4450/5150/4434 4444/5144/4429
f 4452/5152/4435 4434/5133/4419 4453/5154/4436 4451/5151/4437
f 4442/5142/4424 4374/5063/4356 4373/5062/4359 4439/5139/4425
f 4455/5156/4438 4446/5146/4427 4445/5145/4430 4454/5155/4439
f 4453/5154/4436 4455/5156/4438 4454/5155/4439 4456/5157/4440
f 4380/5069/4366 4457/5158/4441 4458/5159/4442 4417/5113/4400
f 4424/5123/4410 4423/5121/4409 4446/5146/4427 4455/5156/4438
f 4434/5133/4419 4424/5123/4410 4455/5156/4438 4453/5154/4436
f 4379/5068/4360 4378/5067/4363 4385/5074/4369 4384/5073/4368
f 4360/5049/4344 4389/5080/4375 4367/5056/4351 4361/5050/4345
f 4403/5097/4387 4431/5130/4415 4402/5096/4386 4400/5094/4384
f 4399/5093/4383 4390/5082/4372 4389/5080/4375 4360/5049/4344
f 4459/5161/4443 4346/5035/4330 4349/5038/4333 4354/5043/4336
f 4369/5058/4353 4460/5162/4444 4461/5163/4445 4370/5059/4354
f 4378/5067/4363 4377/5066/4362 4462/5164/4446 4385/5074/4369
f 4377/5066/4362 4421/5118/4405 4463/5165/4447 4462/5164/4446
f 4421/5118/4405 4418/5115/4402 4422/5119/4406 4463/5165/4447
f 4462/5164/4446 4463/5165/4447 4329/5014/4311 4328/5011/4310
f 4385/5074/4369 4462/5164/4446 4328/5011/4310 4386/5075/4370
f 4417/5114/4400 4458/5160/4442 4419/5116/4403 4415/5110/4401
f 4451/5151/4437 4453/5154/4436 4456/5157/4440 4464/5166/4448
f 4432/5131/4416 4465/5167/4449 4438/5138/4422 4437/5137/4421
f 4388/5079/4374 4451/5151/4437 4464/5166/4448 4371/5060/4355
f 4371/5060/4355 4464/5166/4448 4466/5168/4450 4355/5044/4340
f 4391/5083/4373 4452/5152/4435 4451/5151/4437 4388/5079/4374
f 4426/5125/4408 4330/5015/4314 4333/5019/4317 4423/5120/4409
f 4414/5109/4397 4396/5089/4380 4376/5065/4361 4379/5068/4360
f 4428/5127/4414 4469/5171/4451 4467/5169/4452 4468/5170/4453
f 4448/5148/4432 4414/5109/4397 4413/5108/4398 4470/5172/4454
f 4433/5132/4417 4432/5131/4416 4437/5137/4421 4436/5136/4420
f 4427/5126/4413 4430/5129/4412 4374/5063/4356 4442/5142/4424
f 4402/5096/4386 4433/5132/4417 4471/5173/4455 4393/5086/4377
f 4433/5132/4417 4436/5136/4420 4435/5135/4418 4471/5173/4455
f 4370/5059/4354 4461/5163/4445 4473/5175/4456 4472/5174/4457
f 4413/5108/4398 4384/5073/4368 4387/5077/4371 4474/5177/4458
f 4475/5178/4459 4448/5148/4432 4470/5172/4454 4331/5016/4315
f 4386/5076/4370 4328/5012/4310 4327/5010/4313 4460/5162/4444
f 4327/5010/4313 4326/5009/4312 4350/5039/4334 4473/5175/4456
f 4460/5162/4444 4327/5010/4313 4473/5175/4456 4461/5163/4445
f 4469/5171/4451 4478/5181/4460 4476/5179/4461 4477/5180/4462
f 4473/5175/4456 4350/5039/4334 4344/5033/4328 4472/5174/4457
f 4420/5117/4404 4353/5042/4335 4352/5041/4338 4342/5031/4326
f 4343/5032/4327 4366/5055/4349 4472/5174/4457 4344/5033/4328
f 4365/5054/4348 4370/5059/4354 4472/5174/4457 4366/5055/4349
f 4467/5169/4452 4447/5147/4431 4448/5148/4432 4475/5178/4459
f 4467/5169/4452 4469/5171/4451 4477/5180/4462 4447/5147/4431
f 4447/5147/4431 4477/5180/4462 4397/5090/4381 4396/5089/4380
f 4477/5180/4462 4476/5179/4461 4409/5104/4393 4397/5090/4381
f 4479/5183/4463 4480/5184/4464 4347/5036/4331 4346/5035/4330
f 4474/5176/4458 4387/5078/4371 4369/5058/4353 4368/5057/4352
f 4419/5116/4403 4459/5161/4443 4354/5043/4336 4353/5042/4335
f 4457/5158/4441 4440/5140/4426 4481/5186/4465 4458/5159/4442
f 4478/5181/4460 4441/5141/4423 4482/5188/4466 4476/5179/4461
f 4458/5160/4442 4481/5187/4465 4459/5161/4443 4419/5116/4403
f 4464/5166/4448 4456/5157/4440 4454/5155/4439 4466/5168/4450
f 4383/5072/4365 4482/5188/4466 4457/5158/4441 4380/5069/4366
f 4482/5188/4466 4441/5141/4423 4440/5140/4426 4457/5158/4441
f 4476/5179/4461 4482/5188/4466 4383/5072/4365 4409/5104/4393
f 4431/5130/4415 4429/5128/4411 4465/5167/4449 4432/5131/4416
f 4480/5184/4464 4406/5100/4390 4359/5048/4343 4347/5036/4331
f 4430/5129/4412 4403/5097/4387 4375/5064/4357 4374/5063/4356
f 4422/5119/4406 4411/5106/4396 4340/5028/4324 4334/5022/4318
f 4484/5191/4467 4474/5176/4458 4368/5057/4352 4483/5189/4468
f 4403/5097/4387 4430/5129/4412 4429/5128/4411 4431/5130/4415
f 4373/5062/4359 4372/5061/4358 4406/5101/4390 4480/5185/4464
f 4444/5144/4429 4450/5150/4434 4404/5098/4389 4485/5192/4469
f 4408/5103/4392 4485/5192/4469 4404/5098/4389 4405/5099/4388
f 4356/5045/4341 4486/5193/4470 4485/5192/4469 4408/5103/4392
f 4357/5046/4342 4356/5045/4341 4408/5103/4392 4407/5102/4391
f 4468/5170/4453 4467/5169/4452 4475/5178/4459 4487/5194/4471
f 4333/5020/4317 4332/5018/4316 4449/5149/4433 4443/5143/4428
f 4438/5138/4422 4487/5194/4471 4330/5015/4314 4426/5125/4408
f 4487/5194/4471 4475/5178/4459 4331/5016/4315 4330/5015/4314
f 4465/5167/4449 4468/5170/4453 4487/5194/4471 4438/5138/4422
f 4349/5038/4333 4407/5102/4391 4351/5040/4337 4354/5043/4336
f 4348/5037/4332 4357/5046/4342 4407/5102/4391 4349/5038/4333
f 4387/5078/4371 4386/5076/4370 4460/5162/4444 4369/5058/4353
f 4351/5040/4337 4405/5099/4388 4401/5095/4385 4352/5041/4338
f 4470/5172/4454 4413/5108/4398 4474/5177/4458 4484/5190/4467
f 4331/5016/4315 4470/5172/4454 4484/5190/4467 4332/5017/4316
f 4332/5018/4316 4484/5191/4467 4483/5189/4468 4449/5149/4433
f 4483/5189/4468 4368/5057/4352 4365/5054/4348 4364/5053/4347
f 4449/5149/4433 4483/5189/4468 4364/5053/4347 4450/5150/4434
f 4450/5150/4434 4364/5053/4347 4363/5052/4350 4404/5098/4389
f 4478/5181/4460 4427/5126/4413 4442/5142/4424 4441/5141/4423
f 4428/5127/4414 4427/5126/4413 4478/5181/4460 4469/5171/4451
f 4439/5139/4425 4373/5062/4359 4480/5185/4464 4479/5182/4463
f 4440/5140/4426 4439/5139/4425 4479/5182/4463 4481/5186/4465
f 4481/5187/4465 4479/5183/4463 4346/5035/4330 4459/5161/4443
f 4401/5095/4385 4363/5052/4350 4366/5055/4349 4343/5032/4327
f 4466/5168/4450 4454/5155/4439 4445/5145/4430 4486/5193/4470
f 4376/5065/4361 4398/5091/4382 4421/5118/4405 4377/5066/4362
f 4355/5044/4340 4466/5168/4450 4486/5193/4470 4356/5045/4341
f 4393/5086/4377 4471/5173/4455 4452/5153/4435 4391/5084/4373
f 4340/5029/4324 4416/5112/4399 4336/5024/4321 4339/5027/4320
f 4463/5165/4447 4422/5119/4406 4334/5022/4318 4329/5014/4311
f 4471/5173/4455 4435/5135/4418 4434/5134/4419 4452/5153/4435
f 4423/5121/4409 4333/5020/4317 4443/5143/4428 4446/5146/4427
f 4429/5128/4411 4428/5127/4414 4468/5170/4453 4465/5167/4449
f 4486/5193/4470 4445/5145/4430 4444/5144/4429 4485/5192/4469
f 4491/5200/4472 4488/5195/4473 4489/5196/4474 4490/5199/4475
f 4493/5202/4476 4494/5204/4477 4495/5206/4478 4492/5201/4479
f 4488/5195/4473 4496/5207/4480 4497/5208/4481 4489/5196/4474
f 4500/5212/4482 4501/5213/4483 4498/5210/4484 4499/5211/4485
f 4496/5207/4480 4499/5211/4485 4502/5215/4486 4497/5208/4481
f 4504/5217/4487 4505/5218/4488 4506/5219/4489 4503/5216/4490
f 4507/5220/4491 4500/5212/4482 4499/5211/4485 4496/5207/4480
f 4509/5222/4492 4510/5223/4493 4511/5224/4494 4508/5221/4495
f 4512/5225/4496 4507/5220/4491 4496/5207/4480 4488/5195/4473
f 4507/5220/4491 4503/5216/4490 4501/5213/4483 4500/5212/4482
f 4516/5229/4497 4513/5226/4498 4514/5227/4499 4515/5228/4500
f 4519/5232/4501 4520/5233/4502 4517/5230/4503 4518/5231/4504
f 4522/5235/4505 4523/5236/4506 4524/5237/4507 4521/5234/4508
f 4525/5238/4509 4526/5239/4510 4527/5240/4511 4528/5241/4512
f 4510/5223/4493 4519/5232/4501 4518/5231/4504 4522/5235/4505
f 4522/5235/4505 4518/5231/4504 4529/5242/4513 4523/5236/4506
f 4527/5240/4511 4531/5244/4514 4532/5245/4515 4530/5243/4516
f 4518/5231/4504 4517/5230/4503 4533/5246/4517 4529/5242/4513
f 4537/5250/4518 4534/5247/4519 4535/5248/4520 4536/5249/4521
f 4540/5253/4522 4541/5254/4523 4538/5251/4524 4539/5252/4525
f 4545/5258/4526 4542/5255/4527 4543/5256/4528 4544/5257/4529
f 4547/5260/4530 4548/5262/4531 4549/5264/4532 4546/5259/4533
f 4553/5270/4534 4550/5265/4535 4551/5266/4536 4552/5269/4537
f 4552/5268/4537 4551/5267/4536 4554/5271/4538 4555/5272/4539
f 4510/5223/4493 4522/5235/4505 4521/5234/4508 4511/5224/4494
f 4534/5247/4519 4556/5273/4540 4557/5274/4541 4535/5248/4520
f 4538/5251/4524 4558/5275/4542 4559/5276/4543 4560/5277/4544
f 4529/5242/4513 4533/5246/4517 4550/5265/4535 4553/5270/4534
f 4561/5278/4545 4552/5268/4537 4555/5272/4539 4556/5273/4540
f 4556/5273/4540 4555/5272/4539 4562/5280/4546 4557/5274/4541
f 4505/5218/4488 4563/5281/4547 4516/5229/4497 4506/5219/4489
f 4555/5272/4539 4554/5271/4538 4564/5282/4548 4562/5280/4546
f 4535/5248/4520 4557/5274/4541 4562/5280/4546 4565/5283/4549
f 4563/5281/4547 4525/5238/4509 4566/5284/4550 4567/5285/4551
f 4568/5287/4552 4561/5278/4545 4556/5273/4540 4534/5247/4519
f 4513/5226/4498 4567/5285/4551 4570/5289/4553 4569/5288/4554
f 4558/5275/4542 4571/5290/4555 4572/5291/4556 4559/5276/4543
f 4574/5293/4557 4545/5258/4526 4544/5257/4529 4573/5292/4558
f 4571/5290/4555 4544/5257/4529 4543/5256/4528 4572/5291/4556
f 4576/5295/4559 4546/5259/4533 4539/5252/4525 4575/5294/4560
f 4521/5234/4508 4524/5237/4507 4561/5279/4545 4568/5286/4552
f 4498/5210/4484 4577/5296/4561 4578/5298/4562 4579/5300/4563
f 4580/5301/4564 4573/5292/4558 4544/5257/4529 4571/5290/4555
f 4582/5303/4565 4515/5228/4500 4581/5302/4566 4577/5296/4561
f 4583/5304/4567 4580/5301/4564 4571/5290/4555 4558/5275/4542
f 4584/5305/4568 4574/5293/4557 4573/5292/4558 4580/5301/4564
f 4503/5216/4490 4506/5219/4489 4582/5303/4565 4501/5213/4483
f 4588/5310/4569 4585/5306/4570 4586/5308/4571 4587/5309/4572
f 4592/5315/4573 4589/5312/4574 4590/5313/4575 4591/5314/4576
f 4594/5317/4577 4595/5318/4578 4593/5316/4579 4564/5282/4548
f 4596/5320/4580 4588/5310/4569 4587/5309/4572 4597/5321/4581
f 4597/5321/4581 4587/5309/4572 4599/5323/4582 4598/5322/4583
f 4587/5309/4572 4586/5308/4571 4600/5324/4584 4599/5323/4582
f 4604/5328/4585 4601/5325/4586 4602/5326/4587 4603/5327/4588
f 4579/5299/4563 4578/5297/4562 4542/5255/4527 4545/5258/4526
f 4502/5214/4486 4579/5299/4563 4545/5258/4526 4574/5293/4557
f 4512/5225/4496 4504/5217/4487 4503/5216/4490 4507/5220/4491
f 4501/5213/4483 4582/5303/4565 4577/5296/4561 4498/5210/4484
f 4607/5331/4589 4608/5332/4590 4605/5329/4591 4606/5330/4592
f 4610/5334/4593 4575/5294/4560 4560/5277/4544 4609/5333/4594
f 4608/5332/4590 4611/5335/4595 4612/5336/4596 4605/5329/4591
f 4613/5337/4597 4614/5338/4598 4596/5319/4580 4615/5339/4599
f 4601/5325/4586 4537/5250/4518 4536/5249/4521 4602/5326/4587
f 4617/5342/4600 4607/5331/4589 4606/5330/4592 4616/5341/4601
f 4618/5343/4602 4617/5342/4600 4616/5341/4601 4614/5338/4598
f 4578/5297/4562 4620/5345/4603 4619/5344/4604 4542/5255/4527
f 4616/5341/4601 4606/5330/4592 4585/5307/4570 4588/5311/4569
f 4614/5338/4598 4616/5341/4601 4588/5311/4569 4596/5319/4580
f 4546/5259/4533 4549/5264/4532 4540/5253/4522 4539/5252/4525
f 4523/5236/4506 4529/5242/4513 4553/5270/4534 4524/5237/4507
f 4562/5280/4546 4564/5282/4548 4593/5316/4579 4565/5283/4549
f 4524/5237/4507 4553/5270/4534 4552/5269/4537 4561/5279/4545
f 4514/5227/4499 4509/5222/4492 4508/5221/4495 4621/5347/4605
f 4531/5244/4514 4622/5348/4606 4623/5349/4607 4532/5245/4515
f 4549/5264/4532 4624/5350/4608 4541/5254/4523 4540/5253/4522
f 4624/5350/4608 4625/5351/4609 4583/5304/4567 4541/5254/4523
f 4625/5351/4609 4584/5305/4568 4580/5301/4564 4583/5304/4567
f 4490/5198/4475 4489/5197/4474 4625/5351/4609 4624/5350/4608
f 4548/5262/4531 4490/5198/4475 4624/5350/4608 4549/5264/4532
f 4577/5296/4561 4581/5302/4566 4620/5346/4603 4578/5298/4562
f 4626/5352/4610 4618/5343/4602 4614/5338/4598 4613/5337/4597
f 4599/5323/4582 4600/5324/4584 4627/5353/4611 4595/5318/4578
f 4533/5246/4517 4626/5352/4610 4613/5337/4597 4550/5265/4535
f 4517/5230/4503 4628/5354/4612 4626/5352/4610 4533/5246/4517
f 4550/5265/4535 4613/5337/4597 4615/5339/4599 4551/5266/4536
f 4585/5306/4570 4493/5202/4476 4492/5201/4479 4586/5308/4571
f 4539/5252/4525 4538/5251/4524 4560/5277/4544 4575/5294/4560
f 4631/5357/4613 4629/5355/4614 4630/5356/4615 4592/5315/4573
f 4632/5358/4616 4576/5295/4559 4575/5294/4560 4610/5334/4593
f 4598/5322/4583 4599/5323/4582 4595/5318/4578 4594/5317/4577
f 4602/5326/4587 4536/5249/4521 4590/5313/4575 4589/5312/4574
f 4554/5271/4538 4633/5359/4617 4594/5317/4577 4564/5282/4548
f 4633/5359/4617 4597/5321/4581 4598/5322/4583 4594/5317/4577
f 4634/5360/4618 4635/5361/4619 4622/5348/4606 4531/5244/4514
f 4636/5363/4620 4547/5260/4530 4546/5259/4533 4576/5295/4559
f 4495/5206/4478 4632/5358/4616 4610/5334/4593 4637/5364/4621
f 4623/5349/4607 4491/5200/4472 4490/5199/4475 4548/5263/4531
f 4635/5361/4619 4512/5225/4496 4488/5195/4473 4491/5200/4472
f 4622/5348/4606 4635/5361/4619 4491/5200/4472 4623/5349/4607
f 4640/5367/4622 4638/5365/4623 4639/5366/4624 4630/5356/4615
f 4634/5360/4618 4504/5217/4487 4512/5225/4496 4635/5361/4619
f 4506/5219/4489 4516/5229/4497 4515/5228/4500 4582/5303/4565
f 4504/5217/4487 4634/5360/4618 4526/5239/4510 4505/5218/4488
f 4526/5239/4510 4634/5360/4618 4531/5244/4514 4527/5240/4511
f 4637/5364/4621 4610/5334/4593 4609/5333/4594 4629/5355/4614
f 4609/5333/4594 4640/5367/4622 4630/5356/4615 4629/5355/4614
f 4560/5277/4544 4559/5276/4543 4640/5367/4622 4609/5333/4594
f 4559/5276/4543 4572/5291/4556 4638/5365/4623 4640/5367/4622
f 4508/5221/4495 4511/5224/4494 4641/5368/4625 4642/5371/4626
f 4530/5243/4516 4532/5245/4515 4547/5261/4530 4636/5362/4620
f 4515/5228/4500 4514/5227/4499 4621/5347/4605 4581/5302/4566
f 4620/5345/4603 4643/5372/4627 4604/5328/4585 4619/5344/4604
f 4638/5365/4623 4644/5374/4628 4603/5327/4588 4639/5366/4624
f 4581/5302/4566 4621/5347/4605 4643/5373/4627 4620/5346/4603
f 4628/5354/4612 4617/5342/4600 4618/5343/4602 4626/5352/4610
f 4542/5255/4527 4619/5344/4604 4644/5374/4628 4543/5256/4528
f 4619/5344/4604 4604/5328/4585 4603/5327/4588 4644/5374/4628
f 4572/5291/4556 4543/5256/4528 4644/5374/4628 4638/5365/4623
f 4595/5318/4578 4627/5353/4611 4591/5314/4576 4593/5316/4579
f 4511/5224/4494 4521/5234/4508 4568/5286/4552 4641/5368/4625
f 4536/5249/4521 4535/5248/4520 4565/5283/4549 4590/5313/4575
f 4497/5209/4481 4502/5214/4486 4574/5293/4557 4584/5305/4568
f 4646/5377/4629 4530/5243/4516 4636/5362/4620 4645/5376/4630
f 4593/5316/4579 4591/5314/4576 4590/5313/4575 4565/5283/4549
f 4641/5369/4625 4568/5287/4552 4534/5247/4519 4537/5250/4518
f 4647/5378/4631 4566/5284/4550 4611/5335/4595 4608/5332/4590
f 4567/5285/4551 4566/5284/4550 4647/5378/4631 4570/5289/4553
f 4570/5289/4553 4647/5378/4631 4648/5379/4632 4520/5233/4502
f 4569/5288/4554 4570/5289/4553 4520/5233/4502 4519/5232/4501
f 4649/5380/4633 4637/5364/4621 4629/5355/4614 4631/5357/4613
f 4605/5329/4591 4612/5336/4596 4494/5205/4477 4493/5203/4476
f 4586/5308/4571 4492/5201/4479 4649/5380/4633 4600/5324/4584
f 4492/5201/4479 4495/5206/4478 4637/5364/4621 4649/5380/4633
f 4600/5324/4584 4649/5380/4633 4631/5357/4613 4627/5353/4611
f 4514/5227/4499 4513/5226/4498 4569/5288/4554 4509/5222/4492
f 4509/5222/4492 4569/5288/4554 4519/5232/4501 4510/5223/4493
f 4532/5245/4515 4623/5349/4607 4548/5263/4531 4547/5261/4530
f 4516/5229/4497 4563/5281/4547 4567/5285/4551 4513/5226/4498
f 4645/5375/4630 4636/5363/4620 4576/5295/4559 4632/5358/4616
f 4494/5204/4477 4645/5375/4630 4632/5358/4616 4495/5206/4478
f 4612/5336/4596 4646/5377/4629 4645/5376/4630 4494/5205/4477
f 4528/5241/4512 4527/5240/4511 4530/5243/4516 4646/5377/4629
f 4611/5335/4595 4528/5241/4512 4646/5377/4629 4612/5336/4596
f 4566/5284/4550 4525/5238/4509 4528/5241/4512 4611/5335/4595
f 4603/5327/4588 4602/5326/4587 4589/5312/4574 4639/5366/4624
f 4630/5356/4615 4639/5366/4624 4589/5312/4574 4592/5315/4573
f 4642/5370/4626 4641/5369/4625 4537/5250/4518 4601/5325/4586
f 4643/5372/4627 4642/5370/4626 4601/5325/4586 4604/5328/4585
f 4621/5347/4605 4508/5221/4495 4642/5371/4626 4643/5373/4627
f 4505/5218/4488 4526/5239/4510 4525/5238/4509 4563/5281/4547
f 4648/5379/4632 4607/5331/4589 4617/5342/4600 4628/5354/4612
f 4541/5254/4523 4583/5304/4567 4558/5275/4542 4538/5251/4524
f 4520/5233/4502 4648/5379/4632 4628/5354/4612 4517/5230/4503
f 4551/5267/4536 4615/5340/4599 4633/5359/4617 4554/5271/4538
f 4499/5211/4485 4498/5210/4484 4579/5300/4563 4502/5215/4486
f 4489/5197/4474 4497/5209/4481 4584/5305/4568 4625/5351/4609
f 4615/5340/4599 4596/5320/4580 4597/5321/4581 4633/5359/4617
f 4606/5330/4592 4605/5329/4591 4493/5203/4476 4585/5307/4570
f 4627/5353/4611 4631/5357/4613 4592/5315/4573 4591/5314/4576
f 4647/5378/4631 4608/5332/4590 4607/5331/4589 4648/5379/4632
f 4653/5384/4634 4650/5381/4635 4651/5382/4636 4652/5383/4637
f 4656/5387/4638 4657/5388/4639 4654/5385/4640 4655/5386/4641
f 4660/5393/4642 4661/5394/4643 4658/5389/4644 4659/5390/4645
f 4663/5396/4646 4664/5397/4647 4665/5398/4648 4662/5395/4649
f 4668/5401/4650 4669/5402/4651 4666/5399/4652 4667/5400/4653
f 4665/5398/4648 4660/5392/4642 4659/5391/4645 4670/5403/4654
f 4664/5397/4647 4671/5404/4655 4660/5392/4642 4665/5398/4648
f 4671/5405/4655 4672/5406/4656 4661/5394/4643 4660/5393/4642
f 4674/5408/4657 4663/5396/4646 4662/5395/4649 4673/5407/4658
f 4677/5412/4659 4678/5413/4660 4675/5409/4661 4676/5411/4662
f 4680/5416/4663 4681/5417/4664 4682/5418/4665 4679/5415/4666
f 4663/5396/4646 4683/5419/4667 4671/5404/4655 4664/5397/4647
f 4674/5408/4657 4678/5414/4660 4683/5419/4667 4663/5396/4646
f 4685/5422/4668 4686/5423/4669 4687/5424/4670 4684/5421/4671
f 4652/5383/4637 4651/5382/4636 4688/5425/4672 4689/5426/4673
f 4678/5413/4660 4677/5412/4659 4690/5427/4674 4683/5420/4667
f 4691/5428/4675 4692/5430/4676 4693/5431/4677 4694/5432/4678
f 4697/5436/4679 4698/5437/4680 4695/5434/4681 4696/5435/4682
f 4699/5438/4683 4700/5440/4684 4701/5442/4685 4702/5443/4686
f 4655/5386/4641 4654/5385/4640 4703/5444/4687 4704/5445/4688
f 4700/5439/4684 4656/5387/4638 4655/5386/4641 4701/5441/4685
f 4701/5441/4685 4655/5386/4641 4704/5445/4688 4705/5446/4689
f 4702/5443/4686 4701/5442/4685 4705/5447/4689 4706/5448/4690
f 4654/5385/4640 4707/5449/4691 4708/5450/4692 4703/5444/4687
f 4710/5452/4693 4711/5453/4694 4712/5454/4695 4709/5451/4696
f 4713/5455/4697 4689/5426/4673 4697/5436/4679 4714/5456/4698
f 4703/5444/4687 4715/5457/4699 4705/5446/4689 4704/5445/4688
f 4676/5411/4662 4675/5409/4661 4716/5459/4700 4717/5461/4701
f 4708/5450/4692 4718/5462/4702 4715/5457/4699 4703/5444/4687
f 4719/5464/4703 4720/5466/4704 4656/5387/4638 4700/5439/4684
f 4718/5463/4702 4721/5467/4705 4722/5468/4706 4715/5458/4699
f 4661/5394/4643 4667/5400/4653 4685/5422/4668 4658/5389/4644
f 4707/5449/4691 4723/5469/4707 4718/5462/4702 4708/5450/4692
f 4711/5453/4694 4714/5456/4698 4724/5471/4708 4712/5454/4695
f 4684/5421/4671 4687/5424/4670 4711/5453/4694 4710/5452/4693
f 4714/5456/4698 4697/5436/4679 4696/5435/4682 4724/5471/4708
f 4698/5437/4680 4699/5438/4683 4702/5443/4686 4695/5434/4681
f 4725/5472/4709 4694/5433/4678 4723/5469/4707 4707/5449/4691
f 4724/5471/4708 4696/5435/4682 4726/5473/4710 4727/5474/4711
f 4712/5454/4695 4724/5471/4708 4727/5474/4711 4728/5475/4712
f 4657/5388/4639 4725/5472/4709 4707/5449/4691 4654/5385/4640
f 4729/5476/4713 4730/5477/4714 4731/5478/4715 4720/5466/4704
f 4730/5477/4714 4670/5403/4654 4732/5479/4716 4731/5478/4715
f 4683/5420/4667 4690/5427/4674 4672/5406/4656 4671/5405/4655
f 4720/5466/4704 4731/5478/4715 4657/5388/4639 4656/5387/4638
f 4715/5458/4699 4722/5468/4706 4706/5448/4690 4705/5447/4689
f 4686/5423/4669 4733/5480/4717 4713/5455/4697 4687/5424/4670
f 4733/5480/4717 4652/5383/4637 4689/5426/4673 4713/5455/4697
f 4723/5470/4707 4734/5481/4718 4721/5467/4705 4718/5463/4702
f 4687/5424/4670 4713/5455/4697 4714/5456/4698 4711/5453/4694
f 4717/5461/4701 4716/5459/4700 4719/5465/4703 4735/5482/4719
f 4694/5432/4678 4693/5431/4677 4734/5481/4718 4723/5470/4707
f 4731/5478/4715 4732/5479/4716 4725/5472/4709 4657/5388/4639
f 4678/5414/4660 4674/5408/4657 4673/5407/4658 4675/5410/4661
f 4675/5410/4661 4673/5407/4658 4729/5476/4713 4716/5460/4700
f 4682/5418/4665 4736/5483/4720 4666/5399/4652 4669/5402/4651
f 4732/5479/4716 4691/5429/4675 4694/5433/4678 4725/5472/4709
f 4682/5418/4665 4681/5417/4664 4653/5384/4634 4736/5483/4720
f 4651/5382/4636 4717/5461/4701 4735/5482/4719 4688/5425/4672
f 4716/5460/4700 4729/5476/4713 4720/5466/4704 4719/5464/4703
f 4673/5407/4658 4662/5395/4649 4730/5477/4714 4729/5476/4713
f 4736/5483/4720 4653/5384/4634 4652/5383/4637 4733/5480/4717
f 4666/5399/4652 4736/5483/4720 4733/5480/4717 4686/5423/4669
f 4721/5467/4705 4738/5485/4721 4737/5484/4722 4722/5468/4706
f 4696/5435/4682 4695/5434/4681 4739/5486/4723 4726/5473/4710
f 4692/5430/4676 4684/5421/4671 4710/5452/4693 4693/5431/4677
f 4693/5431/4677 4710/5452/4693 4709/5451/4696 4734/5481/4718
f 4658/5389/4644 4685/5422/4668 4684/5421/4671 4692/5430/4676
f 4681/5417/4664 4680/5416/4663 4650/5381/4635 4653/5384/4634
f 4680/5416/4663 4677/5412/4659 4676/5411/4662 4650/5381/4635
f 4677/5412/4659 4680/5416/4663 4679/5415/4666 4690/5427/4674
f 4709/5451/4696 4712/5454/4695 4728/5475/4712 4738/5485/4721
f 4650/5381/4635 4676/5411/4662 4717/5461/4701 4651/5382/4636
f 4734/5481/4718 4709/5451/4696 4738/5485/4721 4721/5467/4705
f 4688/5425/4672 4735/5482/4719 4699/5438/4683 4698/5437/4680
f 4689/5426/4673 4688/5425/4672 4698/5437/4680 4697/5436/4679
f 4737/5484/4722 4727/5474/4711 4726/5473/4710 4739/5486/4723
f 4722/5468/4706 4737/5484/4722 4739/5486/4723 4706/5448/4690
f 4695/5434/4681 4702/5443/4686 4706/5448/4690 4739/5486/4723
f 4679/5415/4666 4682/5418/4665 4669/5402/4651 4668/5401/4650
f 4667/5400/4653 4666/5399/4652 4686/5423/4669 4685/5422/4668
f 4690/5427/4674 4679/5415/4666 4668/5401/4650 4672/5406/4656
f 4672/5406/4656 4668/5401/4650 4667/5400/4653 4661/5394/4643
f 4659/5390/4645 4658/5389/4644 4692/5430/4676 4691/5428/4675
f 4662/5395/4649 4665/5398/4648 4670/5403/4654 4730/5477/4714
f 4735/5482/4719 4719/5465/4703 4700/5440/4684 4699/5438/4683
f 4670/5403/4654 4659/5391/4645 4691/5429/4675 4732/5479/4716
f 4738/5485/4721 4728/5475/4712 4727/5474/4711 4737/5484/4722
f 4742/5489/4724 4743/5490/4725 4740/5487/4726 4741/5488/4727
f 4747/5494/4728 4744/5491/4729 4745/5492/4730 4746/5493/4731
f 4751/5499/4732 4748/5495/4733 4749/5496/4734 4750/5498/4735
f 4752/5501/4736 4753/5502/4737 4754/5503/4738 4755/5504/4739
f 4759/5508/4740 4756/5505/4741 4757/5506/4742 4758/5507/4743
f 4760/5509/4744 4751/5500/4732 4750/5497/4735 4753/5502/4737
f 4753/5502/4737 4750/5497/4735 4761/5510/4745 4754/5503/4738
f 4750/5498/4735 4749/5496/4734 4762/5512/4746 4761/5511/4745
f 4764/5514/4747 4752/5501/4736 4755/5504/4739 4763/5513/4748
f 4768/5520/4749 4765/5515/4750 4766/5517/4751 4767/5519/4752
f 4769/5521/4753 4770/5522/4754 4771/5523/4755 4772/5524/4756
f 4754/5503/4738 4761/5510/4745 4773/5525/4757 4755/5504/4739
f 4755/5504/4739 4773/5525/4757 4766/5518/4751 4763/5513/4748
f 4774/5527/4758 4775/5528/4759 4776/5529/4760 4777/5530/4761
f 4779/5532/4762 4778/5531/4763 4743/5490/4725 4742/5489/4724
f 4773/5526/4757 4780/5533/4764 4767/5519/4752 4766/5517/4751
f 4782/5536/4765 4783/5538/4766 4784/5539/4767 4781/5534/4768
f 4788/5543/4769 4785/5540/4770 4786/5541/4771 4787/5542/4772
f 4790/5545/4773 4791/5547/4774 4792/5549/4775 4789/5544/4776
f 4793/5550/4777 4794/5551/4778 4744/5491/4729 4747/5494/4728
f 4791/5546/4774 4747/5494/4728 4746/5493/4731 4792/5548/4775
f 4795/5552/4779 4793/5550/4777 4747/5494/4728 4791/5546/4774
f 4796/5554/4780 4795/5553/4779 4791/5547/4774 4790/5545/4773
f 4794/5551/4778 4797/5555/4781 4798/5556/4782 4744/5491/4729
f 4799/5557/4783 4800/5558/4784 4801/5559/4785 4802/5560/4786
f 4804/5562/4787 4787/5542/4772 4779/5532/4762 4803/5561/4788
f 4793/5550/4777 4795/5552/4779 4805/5563/4789 4794/5551/4778
f 4806/5565/4790 4807/5566/4791 4765/5515/4750 4768/5520/4749
f 4794/5551/4778 4805/5563/4789 4808/5568/4792 4797/5555/4781
f 4792/5548/4775 4746/5493/4731 4809/5570/4793 4810/5571/4794
f 4805/5564/4789 4811/5573/4795 4812/5574/4796 4808/5569/4792
f 4748/5495/4733 4777/5530/4761 4759/5508/4740 4749/5496/4734
f 4797/5555/4781 4808/5568/4792 4813/5575/4797 4798/5556/4782
f 4800/5558/4784 4814/5577/4798 4804/5562/4787 4801/5559/4785
f 4802/5560/4786 4801/5559/4785 4775/5528/4759 4774/5527/4758
f 4814/5577/4798 4788/5543/4769 4787/5542/4772 4804/5562/4787
f 4785/5540/4770 4790/5545/4773 4789/5544/4776 4786/5541/4771
f 4798/5556/4782 4813/5575/4797 4782/5537/4765 4815/5578/4799
f 4817/5580/4800 4816/5579/4801 4788/5543/4769 4814/5577/4798
f 4818/5581/4802 4817/5580/4800 4814/5577/4798 4800/5558/4784
f 4744/5491/4729 4798/5556/4782 4815/5578/4799 4745/5492/4730
f 4809/5570/4793 4819/5582/4803 4820/5583/4804 4821/5584/4805
f 4819/5582/4803 4822/5585/4806 4760/5509/4744 4820/5583/4804
f 4761/5511/4745 4762/5512/4746 4780/5533/4764 4773/5526/4757
f 4746/5493/4731 4745/5492/4730 4819/5582/4803 4809/5570/4793
f 4795/5553/4779 4796/5554/4780 4811/5573/4795 4805/5564/4789
f 4775/5528/4759 4803/5561/4788 4823/5586/4807 4776/5529/4760
f 4803/5561/4788 4779/5532/4762 4742/5489/4724 4823/5586/4807
f 4808/5569/4792 4812/5574/4796 4824/5587/4808 4813/5576/4797
f 4801/5559/4785 4804/5562/4787 4803/5561/4788 4775/5528/4759
f 4825/5588/4809 4810/5572/4794 4807/5566/4791 4806/5565/4790
f 4813/5576/4797 4824/5587/4808 4783/5538/4766 4782/5536/4765
f 4745/5492/4730 4815/5578/4799 4822/5585/4806 4819/5582/4803
f 4765/5516/4750 4764/5514/4747 4763/5513/4748 4766/5518/4751
f 4807/5567/4791 4821/5584/4805 4764/5514/4747 4765/5516/4750
f 4757/5506/4742 4756/5505/4741 4826/5589/4810 4770/5522/4754
f 4815/5578/4799 4782/5537/4765 4781/5535/4768 4822/5585/4806
f 4826/5589/4810 4741/5488/4727 4771/5523/4755 4770/5522/4754
f 4778/5531/4763 4825/5588/4809 4806/5565/4790 4743/5490/4725
f 4810/5571/4794 4809/5570/4793 4821/5584/4805 4807/5567/4791
f 4821/5584/4805 4820/5583/4804 4752/5501/4736 4764/5514/4747
f 4823/5586/4807 4742/5489/4724 4741/5488/4727 4826/5589/4810
f 4776/5529/4760 4823/5586/4807 4826/5589/4810 4756/5505/4741
f 4811/5573/4795 4827/5590/4811 4828/5591/4812 4812/5574/4796
f 4816/5579/4801 4829/5592/4813 4785/5540/4770 4788/5543/4769
f 4783/5538/4766 4802/5560/4786 4774/5527/4758 4784/5539/4767
f 4824/5587/4808 4799/5557/4783 4802/5560/4786 4783/5538/4766
f 4784/5539/4767 4774/5527/4758 4777/5530/4761 4748/5495/4733
f 4741/5488/4727 4740/5487/4726 4772/5524/4756 4771/5523/4755
f 4740/5487/4726 4768/5520/4749 4767/5519/4752 4772/5524/4756
f 4780/5533/4764 4769/5521/4753 4772/5524/4756 4767/5519/4752
f 4828/5591/4812 4818/5581/4802 4800/5558/4784 4799/5557/4783
f 4743/5490/4725 4806/5565/4790 4768/5520/4749 4740/5487/4726
f 4812/5574/4796 4828/5591/4812 4799/5557/4783 4824/5587/4808
f 4786/5541/4771 4789/5544/4776 4825/5588/4809 4778/5531/4763
f 4787/5542/4772 4786/5541/4771 4778/5531/4763 4779/5532/4762
f 4829/5592/4813 4816/5579/4801 4817/5580/4800 4827/5590/4811
f 4796/5554/4780 4829/5592/4813 4827/5590/4811 4811/5573/4795
f 4829/5592/4813 4796/5554/4780 4790/5545/4773 4785/5540/4770
f 4758/5507/4743 4757/5506/4742 4770/5522/4754 4769/5521/4753
f 4777/5530/4761 4776/5529/4760 4756/5505/4741 4759/5508/4740
f 4762/5512/4746 4758/5507/4743 4769/5521/4753 4780/5533/4764
f 4749/5496/4734 4759/5508/4740 4758/5507/4743 4762/5512/4746
f 4781/5534/4768 4784/5539/4767 4748/5495/4733 4751/5499/4732
f 4820/5583/4804 4760/5509/4744 4753/5502/4737 4752/5501/4736
f 4789/5544/4776 4792/5549/4775 4810/5572/4794 4825/5588/4809
f 4822/5585/4806 4781/5535/4768 4751/5500/4732 4760/5509/4744
f 4827/5590/4811 4817/5580/4800 4818/5581/4802 4828/5591/4812
f 4832/5595/4814 4833/5596/4815 4830/5593/4816 4831/5594/4817
f 4837/5600/4818 4834/5597/4819 4835/5598/4820 4836/5599/4821
f 4841/5606/4822 4838/5601/4823 4839/5602/4824 4840/5604/4825
f 4843/5608/4826 4844/5609/4827 4845/5610/4828 4842/5607/4829
f 4848/5614/4830 4840/5603/4825 4846/5612/4831 4847/5613/4832
f 4845/5610/4828 4841/5605/4822 4840/5603/4825 4848/5614/4830
f 4844/5609/4827 4849/5616/4833 4841/5605/4822 4845/5610/4828
f 4850/5618/4834 4851/5619/4835 4852/5620/4836 4849/5615/4833
f 4855/5623/4837 4856/5624/4838 4853/5621/4839 4854/5622/4840
f 4858/5627/4841 4859/5629/4842 4860/5630/4843 4857/5625/4844
f 4849/5615/4833 4852/5620/4836 4838/5601/4823 4841/5606/4822
f 4861/5631/4845 4862/5632/4846 4843/5608/4826 4842/5607/4829
f 4865/5636/4847 4866/5637/4848 4863/5634/4849 4864/5635/4850
f 4869/5641/4851 4870/5642/4852 4867/5639/4853 4868/5640/4854
f 4843/5608/4826 4850/5617/4834 4849/5616/4833 4844/5609/4827
f 4862/5632/4846 4866/5638/4848 4850/5617/4834 4843/5608/4826
f 4846/5611/4831 4871/5643/4855 4859/5629/4842 4858/5627/4841
f 4866/5637/4848 4865/5636/4847 4851/5619/4835 4850/5618/4834
f 4863/5633/4849 4866/5638/4848 4862/5632/4846 4861/5631/4845
f 4867/5639/4853 4854/5622/4840 4872/5644/4856 4873/5645/4857
f 4857/5625/4844 4860/5630/4843 4874/5646/4858 4875/5647/4859
f 4836/5599/4821 4835/5598/4820 4876/5649/4860 4877/5650/4861
f 4861/5631/4845 4842/5607/4829 4878/5651/4862 4879/5652/4863
f 4881/5654/4864 4882/5655/4865 4883/5658/4866 4880/5653/4867
f 4831/5594/4817 4830/5593/4816 4884/5659/4868 4885/5660/4869
f 4882/5656/4865 4832/5595/4814 4831/5594/4817 4883/5657/4866
f 4883/5657/4866 4831/5594/4817 4885/5660/4869 4886/5661/4870
f 4880/5653/4867 4883/5658/4866 4886/5662/4870 4887/5663/4871
f 4830/5593/4816 4888/5664/4872 4889/5665/4873 4884/5659/4868
f 4872/5644/4856 4891/5667/4874 4837/5600/4818 4890/5666/4875
f 4893/5669/4876 4894/5670/4877 4895/5671/4878 4892/5668/4879
f 4890/5666/4875 4837/5600/4818 4836/5599/4821 4896/5672/4880
f 4885/5660/4869 4884/5659/4868 4897/5673/4881 4886/5661/4870
f 4889/5665/4873 4875/5648/4859 4897/5673/4881 4884/5659/4868
f 4875/5647/4859 4874/5646/4858 4898/5675/4882 4897/5674/4881
f 4888/5664/4872 4857/5626/4844 4875/5648/4859 4889/5665/4873
f 4894/5670/4877 4896/5672/4880 4899/5676/4883 4895/5671/4878
f 4896/5672/4880 4836/5599/4821 4877/5650/4861 4899/5676/4883
f 4900/5677/4884 4858/5628/4841 4857/5626/4844 4888/5664/4872
f 4899/5676/4883 4877/5650/4861 4901/5678/4885 4902/5679/4886
f 4895/5671/4878 4899/5676/4883 4902/5679/4886 4903/5680/4887
f 4833/5596/4815 4900/5677/4884 4888/5664/4872 4830/5593/4816
f 4840/5604/4825 4839/5602/4824 4871/5643/4855 4846/5611/4831
f 4902/5679/4886 4901/5678/4885 4904/5681/4888 4905/5682/4889
f 4886/5662/4870 4897/5674/4881 4898/5675/4882 4887/5663/4871
f 4860/5630/4843 4892/5668/4879 4906/5683/4890 4874/5646/4858
f 4905/5682/4889 4904/5681/4888 4887/5663/4871 4898/5675/4882
f 4876/5649/4860 4880/5653/4867 4887/5663/4871 4904/5681/4888
f 4874/5646/4858 4906/5683/4890 4905/5682/4889 4898/5675/4882
f 4865/5636/4847 4864/5635/4850 4907/5684/4891 4908/5685/4892
f 4892/5668/4879 4895/5671/4878 4903/5680/4887 4906/5683/4890
f 4909/5686/4893 4855/5623/4837 4870/5642/4852 4869/5641/4851
f 4851/5619/4835 4909/5686/4893 4869/5641/4851 4852/5620/4836
f 4852/5620/4836 4869/5641/4851 4868/5640/4854 4838/5601/4823
f 4865/5636/4847 4908/5685/4892 4909/5686/4893 4851/5619/4835
f 4908/5685/4892 4856/5624/4838 4855/5623/4837 4909/5686/4893
f 4910/5687/4894 4847/5613/4832 4900/5677/4884 4833/5596/4815
f 4868/5640/4854 4867/5639/4853 4873/5645/4857 4911/5688/4895
f 4847/5613/4832 4846/5612/4831 4858/5628/4841 4900/5677/4884
f 4859/5629/4842 4893/5669/4876 4892/5668/4879 4860/5630/4843
f 4891/5667/4874 4912/5689/4896 4834/5597/4819 4837/5600/4818
f 4912/5689/4896 4913/5690/4897 4914/5691/4898 4834/5597/4819
f 4834/5597/4819 4914/5691/4898 4881/5654/4864 4835/5598/4820
f 4911/5688/4895 4873/5645/4857 4916/5693/4899 4915/5692/4900
f 4914/5691/4898 4917/5694/4901 4882/5655/4865 4881/5654/4864
f 4879/5652/4863 4878/5651/4862 4910/5687/4894 4918/5696/4902
f 4917/5695/4901 4918/5696/4902 4832/5595/4814 4882/5656/4865
f 4878/5651/4862 4848/5614/4830 4847/5613/4832 4910/5687/4894
f 4853/5621/4839 4907/5684/4891 4912/5689/4896 4891/5667/4874
f 4870/5642/4852 4855/5623/4837 4854/5622/4840 4867/5639/4853
f 4918/5696/4902 4910/5687/4894 4833/5596/4815 4832/5595/4814
f 4873/5645/4857 4872/5644/4856 4890/5666/4875 4916/5693/4899
f 4915/5692/4900 4916/5693/4899 4894/5670/4877 4893/5669/4876
f 4916/5693/4899 4890/5666/4875 4896/5672/4880 4894/5670/4877
f 4907/5684/4891 4864/5635/4850 4913/5690/4897 4912/5689/4896
f 4863/5633/4849 4861/5631/4845 4879/5652/4863 4919/5698/4903
f 4864/5635/4850 4863/5634/4849 4919/5697/4903 4913/5690/4897
f 4877/5650/4861 4876/5649/4860 4904/5681/4888 4901/5678/4885
f 4854/5622/4840 4853/5621/4839 4891/5667/4874 4872/5644/4856
f 4839/5602/4824 4911/5688/4895 4915/5692/4900 4871/5643/4855
f 4871/5643/4855 4915/5692/4900 4893/5669/4876 4859/5629/4842
f 4835/5598/4820 4881/5654/4864 4880/5653/4867 4876/5649/4860
f 4913/5690/4897 4919/5697/4903 4917/5694/4901 4914/5691/4898
f 4919/5698/4903 4879/5652/4863 4918/5696/4902 4917/5695/4901
f 4842/5607/4829 4845/5610/4828 4848/5614/4830 4878/5651/4862
f 4908/5685/4892 4907/5684/4891 4853/5621/4839 4856/5624/4838
f 4906/5683/4890 4903/5680/4887 4902/5679/4886 4905/5682/4889
f 4838/5601/4823 4868/5640/4854 4911/5688/4895 4839/5602/4824
f 4923/5702/4904 4920/5699/4905 4921/5700/4906 4922/5701/4907
f 4926/5705/4908 4927/5706/4909 4924/5703/4910 4925/5704/4911
f 4930/5711/4912 4931/5712/4913 4928/5707/4914 4929/5709/4915
f 4932/5713/4916 4933/5714/4917 4934/5715/4918 4935/5716/4919
f 4937/5718/4920 4938/5720/4921 4930/5710/4912 4936/5717/4922
f 4936/5717/4922 4930/5710/4912 4929/5708/4915 4933/5714/4917
f 4933/5714/4917 4929/5708/4915 4939/5722/4923 4934/5715/4918
f 4939/5721/4923 4941/5725/4924 4942/5726/4925 4940/5724/4926
f 4946/5730/4927 4943/5727/4928 4944/5728/4929 4945/5729/4930
f 4947/5731/4931 4948/5733/4932 4949/5734/4933 4950/5735/4934
f 4929/5709/4915 4928/5707/4914 4941/5725/4924 4939/5721/4923
f 4932/5713/4916 4935/5716/4919 4951/5737/4935 4952/5738/4936
f 4956/5744/4937 4953/5740/4938 4954/5741/4939 4955/5743/4940
f 4960/5748/4941 4957/5745/4942 4958/5746/4943 4959/5747/4944
f 4934/5715/4918 4939/5722/4923 4940/5723/4926 4935/5716/4919
f 4935/5716/4919 4940/5723/4926 4954/5742/4939 4951/5737/4935
f 4950/5735/4934 4949/5734/4933 4961/5749/4945 4938/5719/4921
f 4940/5724/4926 4942/5726/4925 4955/5743/4940 4954/5741/4939
f 4952/5738/4936 4951/5737/4935 4954/5742/4939 4953/5739/4938
f 4962/5750/4946 4963/5751/4947 4946/5730/4927 4957/5745/4942
f 4964/5752/4948 4965/5754/4949 4948/5733/4932 4947/5731/4931
f 4967/5756/4950 4966/5755/4951 4927/5706/4909 4926/5705/4908
f 4968/5757/4952 4969/5758/4953 4932/5713/4916 4952/5738/4936
f 4970/5759/4954 4971/5761/4955 4972/5762/4956 4973/5764/4957
f 4974/5765/4958 4975/5766/4959 4920/5699/4905 4923/5702/4904
f 4971/5760/4955 4923/5702/4904 4922/5701/4907 4972/5763/4956
f 4976/5767/4960 4974/5765/4958 4923/5702/4904 4971/5760/4955
f 4977/5769/4961 4976/5768/4960 4971/5761/4955 4970/5759/4954
f 4975/5766/4959 4978/5770/4962 4979/5771/4963 4920/5699/4905
f 4980/5772/4964 4925/5704/4911 4981/5773/4965 4963/5751/4947
f 4982/5774/4966 4983/5775/4967 4984/5776/4968 4985/5777/4969
f 4986/5778/4970 4926/5705/4908 4925/5704/4911 4980/5772/4964
f 4976/5767/4960 4987/5779/4971 4975/5766/4959 4974/5765/4958
f 4975/5766/4959 4987/5779/4971 4964/5753/4948 4978/5770/4962
f 4987/5780/4971 4988/5781/4972 4965/5754/4949 4964/5752/4948
f 4978/5770/4962 4964/5753/4948 4947/5732/4931 4979/5771/4963
f 4983/5775/4967 4989/5782/4973 4986/5778/4970 4984/5776/4968
f 4989/5782/4973 4967/5756/4950 4926/5705/4908 4986/5778/4970
f 4979/5771/4963 4947/5732/4931 4950/5736/4934 4990/5783/4974
f 4992/5785/4975 4991/5784/4976 4967/5756/4950 4989/5782/4973
f 4993/5786/4977 4992/5785/4975 4989/5782/4973 4983/5775/4967
f 4920/5699/4905 4979/5771/4963 4990/5783/4974 4921/5700/4906
f 4938/5719/4921 4961/5749/4945 4931/5712/4913 4930/5711/4912
f 4994/5787/4978 4995/5788/4979 4991/5784/4976 4992/5785/4975
f 4977/5769/4961 4988/5781/4972 4987/5780/4971 4976/5768/4960
f 4965/5754/4949 4996/5789/4980 4982/5774/4966 4948/5733/4932
f 4988/5781/4972 4977/5769/4961 4995/5788/4979 4994/5787/4978
f 4995/5788/4979 4977/5769/4961 4970/5759/4954 4966/5755/4951
f 4988/5781/4972 4994/5787/4978 4996/5789/4980 4965/5754/4949
f 4997/5790/4981 4998/5791/4982 4956/5744/4937 4955/5743/4940
f 4996/5789/4980 4993/5786/4977 4983/5775/4967 4982/5774/4966
f 4959/5747/4944 4958/5746/4943 4945/5729/4930 4999/5792/4983
f 4941/5725/4924 4959/5747/4944 4999/5792/4983 4942/5726/4925
f 4928/5707/4914 4960/5748/4941 4959/5747/4944 4941/5725/4924
f 4942/5726/4925 4999/5792/4983 4997/5790/4981 4955/5743/4940
f 4999/5792/4983 4945/5729/4930 4944/5728/4929 4997/5790/4981
f 4921/5700/4906 4990/5783/4974 4937/5718/4920 5000/5793/4984
f 5001/5794/4985 4962/5750/4946 4957/5745/4942 4960/5748/4941
f 4990/5783/4974 4950/5736/4934 4938/5720/4921 4937/5718/4920
f 4948/5733/4932 4982/5774/4966 4985/5777/4969 4949/5734/4933
f 4925/5704/4911 4924/5703/4910 5002/5795/4986 4981/5773/4965
f 4924/5703/4910 5004/5797/4987 5003/5796/4988 5002/5795/4986
f 4927/5706/4909 4973/5764/4957 5004/5797/4987 4924/5703/4910
f 5005/5798/4989 5006/5799/4990 4962/5750/4946 5001/5794/4985
f 4973/5764/4957 4972/5762/4956 5007/5800/4991 5004/5797/4987
f 5008/5802/4992 5000/5793/4984 4969/5758/4953 4968/5757/4952
f 4972/5763/4956 4922/5701/4907 5008/5802/4992 5007/5801/4991
f 5000/5793/4984 4937/5718/4920 4936/5717/4922 4969/5758/4953
f 4981/5773/4965 5002/5795/4986 4998/5791/4982 4943/5727/4928
f 4957/5745/4942 4946/5730/4927 4945/5729/4930 4958/5746/4943
f 4922/5701/4907 4921/5700/4906 5000/5793/4984 5008/5802/4992
f 5006/5799/4990 4980/5772/4964 4963/5751/4947 4962/5750/4946
f 4985/5777/4969 4984/5776/4968 5006/5799/4990 5005/5798/4989
f 4984/5776/4968 4986/5778/4970 4980/5772/4964 5006/5799/4990
f 5002/5795/4986 5003/5796/4988 4956/5744/4937 4998/5791/4982
f 5009/5804/4993 4968/5757/4952 4952/5738/4936 4953/5739/4938
f 5003/5796/4988 5009/5803/4993 4953/5740/4938 4956/5744/4937
f 4991/5784/4976 4995/5788/4979 4966/5755/4951 4967/5756/4950
f 4963/5751/4947 4981/5773/4965 4943/5727/4928 4946/5730/4927
f 4961/5749/4945 5005/5798/4989 5001/5794/4985 4931/5712/4913
f 4949/5734/4933 4985/5777/4969 5005/5798/4989 4961/5749/4945
f 4966/5755/4951 4970/5759/4954 4973/5764/4957 4927/5706/4909
f 5004/5797/4987 5007/5800/4991 5009/5803/4993 5003/5796/4988
f 5007/5801/4991 5008/5802/4992 4968/5757/4952 5009/5804/4993
f 4969/5758/4953 4936/5717/4922 4933/5714/4917 4932/5713/4916
f 4944/5728/4929 4943/5727/4928 4998/5791/4982 4997/5790/4981
f 4994/5787/4978 4992/5785/4975 4993/5786/4977 4996/5789/4980
f 4931/5712/4913 5001/5794/4985 4960/5748/4941 4928/5707/4914
f 5010/5805/4994 5011/5806/4995 5012/5807/4996 5013/5808/4997
f 5015/5810/4998 5016/5811/4999 5017/5812/5000 5014/5809/5001
f 5020/5817/5002 5021/5818/5003 5018/5813/5004 5019/5814/5005
f 5022/5819/5006 5023/5820/5007 5024/5821/5008 5025/5822/5009
f 5028/5825/5010 5029/5826/5011 5026/5823/5012 5027/5824/5013
f 5025/5822/5009 5020/5816/5002 5019/5815/5005 5030/5827/5014
f 5024/5821/5008 5031/5828/5015 5020/5816/5002 5025/5822/5009
f 5031/5829/5015 5032/5830/5016 5021/5818/5003 5020/5817/5002
f 5033/5831/5017 5034/5832/5018 5023/5820/5007 5022/5819/5006
f 5035/5833/5019 5036/5835/5020 5037/5836/5021 5038/5837/5022
f 5040/5840/5023 5041/5841/5024 5042/5842/5025 5039/5839/5026
f 5023/5820/5007 5043/5843/5027 5031/5828/5015 5024/5821/5008
f 5034/5832/5018 5038/5838/5022 5043/5843/5027 5023/5820/5007
f 5045/5846/5028 5046/5847/5029 5047/5848/5030 5044/5845/5031
f 5012/5807/4996 5011/5806/4995 5048/5849/5032 5049/5850/5033
f 5038/5837/5022 5037/5836/5021 5050/5851/5034 5043/5844/5027
f 5051/5852/5035 5052/5854/5036 5053/5855/5037 5054/5856/5038
f 5057/5860/5039 5058/5861/5040 5055/5858/5041 5056/5859/5042
f 5059/5862/5043 5060/5864/5044 5061/5866/5045 5062/5867/5046
f 5064/5869/5047 5015/5810/4998 5014/5809/5001 5063/5868/5048
f 5060/5863/5044 5016/5811/4999 5015/5810/4998 5061/5865/5045
f 5061/5865/5045 5015/5810/4998 5064/5869/5047 5065/5870/5049
f 5062/5867/5046 5061/5866/5045 5065/5871/5049 5066/5872/5050
f 5063/5868/5048 5014/5809/5001 5067/5873/5051 5068/5874/5052
f 5070/5876/5053 5071/5877/5054 5072/5878/5055 5069/5875/5056
f 5073/5879/5057 5049/5850/5033 5057/5860/5039 5074/5880/5058
f 5065/5870/5049 5064/5869/5047 5063/5868/5048 5075/5881/5059
f 5036/5835/5020 5035/5833/5019 5076/5883/5060 5077/5885/5061
f 5075/5881/5059 5063/5868/5048 5068/5874/5052 5078/5886/5062
f 5079/5888/5063 5080/5890/5064 5016/5811/4999 5060/5863/5044
f 5082/5892/5065 5075/5882/5059 5078/5887/5062 5081/5891/5066
f 5021/5818/5003 5027/5824/5013 5045/5846/5028 5018/5813/5004
f 5068/5874/5052 5067/5873/5051 5083/5893/5067 5078/5886/5062
f 5074/5880/5058 5084/5895/5068 5072/5878/5055 5071/5877/5054
f 5044/5845/5031 5047/5848/5030 5071/5877/5054 5070/5876/5053
f 5057/5860/5039 5056/5859/5042 5084/5895/5068 5074/5880/5058
f 5058/5861/5040 5059/5862/5043 5062/5867/5046 5055/5858/5041
f 5085/5896/5069 5054/5857/5038 5083/5893/5067 5067/5873/5051
f 5056/5859/5042 5086/5897/5070 5087/5898/5071 5084/5895/5068
f 5084/5895/5068 5087/5898/5071 5088/5899/5072 5072/5878/5055
f 5014/5809/5001 5017/5812/5000 5085/5896/5069 5067/5873/5051
f 5089/5900/5073 5090/5901/5074 5091/5902/5075 5080/5890/5064
f 5090/5901/5074 5030/5827/5014 5092/5903/5076 5091/5902/5075
f 5043/5844/5027 5050/5851/5034 5032/5830/5016 5031/5829/5015
f 5080/5890/5064 5091/5902/5075 5017/5812/5000 5016/5811/4999
f 5066/5872/5050 5065/5871/5049 5075/5882/5059 5082/5892/5065
f 5046/5847/5029 5093/5904/5077 5073/5879/5057 5047/5848/5030
f 5093/5904/5077 5012/5807/4996 5049/5850/5033 5073/5879/5057
f 5078/5887/5062 5083/5894/5067 5094/5905/5078 5081/5891/5066
f 5047/5848/5030 5073/5879/5057 5074/5880/5058 5071/5877/5054
f 5077/5885/5061 5076/5883/5060 5079/5889/5063 5095/5906/5079
f 5054/5856/5038 5053/5855/5037 5094/5905/5078 5083/5894/5067
f 5091/5902/5075 5092/5903/5076 5085/5896/5069 5017/5812/5000
f 5035/5834/5019 5038/5838/5022 5034/5832/5018 5033/5831/5017
f 5076/5884/5060 5035/5834/5019 5033/5831/5017 5089/5900/5073
f 5042/5842/5025 5096/5907/5080 5026/5823/5012 5029/5826/5011
f 5092/5903/5076 5051/5853/5035 5054/5857/5038 5085/5896/5069
f 5041/5841/5024 5013/5808/4997 5096/5907/5080 5042/5842/5025
f 5011/5806/4995 5077/5885/5061 5095/5906/5079 5048/5849/5032
f 5076/5884/5060 5089/5900/5073 5080/5890/5064 5079/5888/5063
f 5089/5900/5073 5033/5831/5017 5022/5819/5006 5090/5901/5074
f 5013/5808/4997 5012/5807/4996 5093/5904/5077 5096/5907/5080
f 5026/5823/5012 5096/5907/5080 5093/5904/5077 5046/5847/5029
f 5097/5908/5081 5082/5892/5065 5081/5891/5066 5098/5909/5082
f 5056/5859/5042 5055/5858/5041 5099/5910/5083 5086/5897/5070
f 5052/5854/5036 5044/5845/5031 5070/5876/5053 5053/5855/5037
f 5053/5855/5037 5070/5876/5053 5069/5875/5056 5094/5905/5078
f 5018/5813/5004 5045/5846/5028 5044/5845/5031 5052/5854/5036
f 5040/5840/5023 5010/5805/4994 5013/5808/4997 5041/5841/5024
f 5037/5836/5021 5036/5835/5020 5010/5805/4994 5040/5840/5023
f 5037/5836/5021 5040/5840/5023 5039/5839/5026 5050/5851/5034
f 5072/5878/5055 5088/5899/5072 5098/5909/5082 5069/5875/5056
f 5036/5835/5020 5077/5885/5061 5011/5806/4995 5010/5805/4994
f 5069/5875/5056 5098/5909/5082 5081/5891/5066 5094/5905/5078
f 5048/5849/5032 5095/5906/5079 5059/5862/5043 5058/5861/5040
f 5049/5850/5033 5048/5849/5032 5058/5861/5040 5057/5860/5039
f 5086/5897/5070 5099/5910/5083 5097/5908/5081 5087/5898/5071
f 5099/5910/5083 5066/5872/5050 5082/5892/5065 5097/5908/5081
f 5055/5858/5041 5062/5867/5046 5066/5872/5050 5099/5910/5083
f 5039/5839/5026 5042/5842/5025 5029/5826/5011 5028/5825/5010
f 5027/5824/5013 5026/5823/5012 5046/5847/5029 5045/5846/5028
f 5050/5851/5034 5039/5839/5026 5028/5825/5010 5032/5830/5016
f 5032/5830/5016 5028/5825/5010 5027/5824/5013 5021/5818/5003
f 5019/5814/5005 5018/5813/5004 5052/5854/5036 5051/5852/5035
f 5090/5901/5074 5022/5819/5006 5025/5822/5009 5030/5827/5014
f 5095/5906/5079 5079/5889/5063 5060/5864/5044 5059/5862/5043
f 5030/5827/5014 5019/5815/5005 5051/5853/5035 5092/5903/5076
f 5087/5898/5071 5097/5908/5081 5098/5909/5082 5088/5899/5072
f 5101/5912/5084 5102/5913/5085 5103/5914/5086 5100/5911/5087
f 5104/5915/5088 5105/5916/5089 5106/5917/5090 5107/5918/5091
f 5111/5923/5092 5108/5919/5093 5109/5920/5094 5110/5922/5095
f 5113/5926/5096 5114/5927/5097 5115/5928/5098 5112/5925/5099
f 5119/5932/5100 5116/5929/5101 5117/5930/5102 5118/5931/5103
f 5120/5933/5104 5111/5924/5092 5110/5921/5095 5113/5926/5096
f 5113/5926/5096 5110/5921/5095 5121/5934/5105 5114/5927/5097
f 5110/5922/5095 5109/5920/5094 5122/5936/5106 5121/5935/5105
f 5112/5925/5099 5115/5928/5098 5123/5937/5107 5124/5938/5108
f 5126/5941/5109 5127/5943/5110 5128/5944/5111 5125/5939/5112
f 5129/5945/5113 5130/5946/5114 5131/5947/5115 5132/5948/5116
f 5114/5927/5097 5121/5934/5105 5133/5949/5117 5115/5928/5098
f 5115/5928/5098 5133/5949/5117 5126/5942/5109 5123/5937/5107
f 5134/5951/5118 5135/5952/5119 5136/5953/5120 5137/5954/5121
f 5139/5956/5122 5138/5955/5123 5103/5914/5086 5102/5913/5085
f 5133/5950/5117 5140/5957/5124 5127/5943/5110 5126/5941/5109
f 5142/5960/5125 5143/5962/5126 5144/5963/5127 5141/5958/5128
f 5148/5967/5129 5145/5964/5130 5146/5965/5131 5147/5966/5132
f 5150/5969/5133 5151/5971/5134 5152/5973/5135 5149/5968/5136
f 5154/5975/5137 5104/5915/5088 5107/5918/5091 5153/5974/5138
f 5151/5970/5134 5107/5918/5091 5106/5917/5090 5152/5972/5135
f 5155/5976/5139 5153/5974/5138 5107/5918/5091 5151/5970/5134
f 5156/5978/5140 5155/5977/5139 5151/5971/5134 5150/5969/5133
f 5157/5979/5141 5158/5980/5142 5104/5915/5088 5154/5975/5137
f 5159/5981/5143 5160/5982/5144 5161/5983/5145 5162/5984/5146
f 5164/5986/5147 5147/5966/5132 5139/5956/5122 5163/5985/5148
f 5165/5987/5149 5154/5975/5137 5153/5974/5138 5155/5976/5139
f 5166/5989/5150 5167/5990/5151 5125/5939/5112 5128/5944/5111
f 5168/5992/5152 5157/5979/5141 5154/5975/5137 5165/5987/5149
f 5152/5972/5135 5106/5917/5090 5169/5994/5153 5170/5995/5154
f 5172/5998/5155 5168/5993/5152 5165/5988/5149 5171/5997/5156
f 5108/5919/5093 5137/5954/5121 5119/5932/5100 5109/5920/5094
f 5168/5992/5152 5173/5999/5157 5158/5980/5142 5157/5979/5141
f 5161/5983/5145 5160/5982/5144 5174/6001/5158 5164/5986/5147
f 5162/5984/5146 5161/5983/5145 5135/5952/5119 5134/5951/5118
f 5164/5986/5147 5174/6001/5158 5148/5967/5129 5147/5966/5132
f 5145/5964/5130 5150/5969/5133 5149/5968/5136 5146/5965/5131
f 5158/5980/5142 5173/5999/5157 5142/5961/5125 5175/6002/5159
f 5174/6001/5158 5177/6004/5160 5176/6003/5161 5148/5967/5129
f 5160/5982/5144 5178/6005/5162 5177/6004/5160 5174/6001/5158
f 5158/5980/5142 5175/6002/5159 5105/5916/5089 5104/5915/5088
f 5169/5994/5153 5179/6006/5163 5180/6007/5164 5181/6008/5165
f 5179/6006/5163 5182/6009/5166 5120/5933/5104 5180/6007/5164
f 5121/5935/5105 5122/5936/5106 5140/5957/5124 5133/5950/5117
f 5106/5917/5090 5105/5916/5089 5179/6006/5163 5169/5994/5153
f 5171/5997/5156 5165/5988/5149 5155/5977/5139 5156/5978/5140
f 5135/5952/5119 5163/5985/5148 5183/6010/5167 5136/5953/5120
f 5163/5985/5148 5139/5956/5122 5102/5913/5085 5183/6010/5167
f 5172/5998/5155 5184/6011/5168 5173/6000/5157 5168/5993/5152
f 5161/5983/5145 5164/5986/5147 5163/5985/5148 5135/5952/5119
f 5185/6012/5169 5170/5996/5154 5167/5990/5151 5166/5989/5150
f 5173/6000/5157 5184/6011/5168 5143/5962/5126 5142/5960/5125
f 5105/5916/5089 5175/6002/5159 5182/6009/5166 5179/6006/5163
f 5124/5938/5108 5123/5937/5107 5126/5942/5109 5125/5940/5112
f 5181/6008/5165 5124/5938/5108 5125/5940/5112 5167/5991/5151
f 5117/5930/5102 5116/5929/5101 5186/6013/5170 5130/5946/5114
f 5175/6002/5159 5142/5961/5125 5141/5959/5128 5182/6009/5166
f 5130/5946/5114 5186/6013/5170 5101/5912/5084 5131/5947/5115
f 5138/5955/5123 5185/6012/5169 5166/5989/5150 5103/5914/5086
f 5170/5995/5154 5169/5994/5153 5181/6008/5165 5167/5991/5151
f 5180/6007/5164 5112/5925/5099 5124/5938/5108 5181/6008/5165
f 5186/6013/5170 5183/6010/5167 5102/5913/5085 5101/5912/5084
f 5136/5953/5120 5183/6010/5167 5186/6013/5170 5116/5929/5101
f 5188/6015/5171 5172/5998/5155 5171/5997/5156 5187/6014/5172
f 5176/6003/5161 5189/6016/5173 5145/5964/5130 5148/5967/5129
f 5143/5962/5126 5162/5984/5146 5134/5951/5118 5144/5963/5127
f 5184/6011/5168 5159/5981/5143 5162/5984/5146 5143/5962/5126
f 5144/5963/5127 5134/5951/5118 5137/5954/5121 5108/5919/5093
f 5131/5947/5115 5101/5912/5084 5100/5911/5087 5132/5948/5116
f 5132/5948/5116 5100/5911/5087 5128/5944/5111 5127/5943/5110
f 5140/5957/5124 5129/5945/5113 5132/5948/5116 5127/5943/5110
f 5159/5981/5143 5188/6015/5171 5178/6005/5162 5160/5982/5144
f 5100/5911/5087 5103/5914/5086 5166/5989/5150 5128/5944/5111
f 5184/6011/5168 5172/5998/5155 5188/6015/5171 5159/5981/5143
f 5146/5965/5131 5149/5968/5136 5185/6012/5169 5138/5955/5123
f 5147/5966/5132 5146/5965/5131 5138/5955/5123 5139/5956/5122
f 5177/6004/5160 5187/6014/5172 5189/6016/5173 5176/6003/5161
f 5187/6014/5172 5171/5997/5156 5156/5978/5140 5189/6016/5173
f 5189/6016/5173 5156/5978/5140 5150/5969/5133 5145/5964/5130
f 5118/5931/5103 5117/5930/5102 5130/5946/5114 5129/5945/5113
f 5137/5954/5121 5136/5953/5120 5116/5929/5101 5119/5932/5100
f 5122/5936/5106 5118/5931/5103 5129/5945/5113 5140/5957/5124
f 5109/5920/5094 5119/5932/5100 5118/5931/5103 5122/5936/5106
f 5141/5958/5128 5144/5963/5127 5108/5919/5093 5111/5923/5092
f 5120/5933/5104 5113/5926/5096 5112/5925/5099 5180/6007/5164
f 5149/5968/5136 5152/5973/5135 5170/5996/5154 5185/6012/5169
f 5182/6009/5166 5141/5959/5128 5111/5924/5092 5120/5933/5104
f 5178/6005/5162 5188/6015/5171 5187/6014/5172 5177/6004/5160
f 5191/6018/5174 5192/6019/5175 5193/6020/5176 5190/6017/5177
f 5194/6021/5178 5195/6023/5179 5196/6024/5180 5197/6026/5181
f 5198/6027/5182 5199/6028/5183 5200/6029/5184 5201/6030/5185
f 5199/6028/5183 5202/6031/5186 5203/6032/5187 5200/6029/5184
f 5205/6035/5188 5206/6036/5189 5207/6039/5190 5204/6033/5191
f 5202/6031/5186 5209/6041/5192 5208/6040/5193 5203/6032/5187
f 5200/6029/5184 5203/6032/5187 5210/6042/5194 5211/6043/5195
f 5201/6030/5185 5200/6029/5184 5211/6043/5195 5212/6044/5196
f 5209/6041/5192 5214/6046/5197 5213/6045/5198 5208/6040/5193
f 5217/6049/5199 5218/6050/5200 5215/6047/5201 5216/6048/5202
f 5219/6051/5203 5220/6052/5204 5221/6053/5205 5222/6054/5206
f 5222/6054/5206 5217/6049/5199 5216/6048/5202 5223/6055/5207
f 5221/6053/5205 5224/6056/5208 5217/6049/5199 5222/6054/5206
f 5225/6057/5209 5226/6058/5210 5227/6059/5211 5228/6060/5212
f 5229/6061/5213 5230/6062/5214 5205/6034/5188 5231/6063/5215
f 5224/6056/5208 5232/6065/5216 5218/6050/5200 5217/6049/5199
f 5233/6066/5217 5234/6067/5218 5220/6052/5204 5219/6051/5203
f 5236/6070/5219 5237/6072/5220 5238/6074/5221 5235/6068/5222
f 5242/6078/5223 5239/6075/5224 5240/6076/5225 5241/6077/5226
f 5220/6052/5204 5243/6079/5227 5224/6056/5208 5221/6053/5205
f 5234/6067/5218 5238/6074/5221 5243/6079/5227 5220/6052/5204
f 5245/6081/5228 5241/6077/5226 5240/6076/5225 5244/6080/5229
f 5238/6074/5221 5237/6072/5220 5246/6083/5230 5243/6079/5227
f 5230/6062/5214 5247/6084/5231 5206/6037/5189 5205/6034/5188
f 5197/6026/5181 5196/6024/5180 5248/6085/5232 5249/6087/5233
f 5196/6025/5180 5214/6046/5197 5209/6041/5192 5248/6086/5232
f 5225/6057/5209 5250/6089/5234 5251/6090/5235 5226/6058/5210
f 5254/6095/5236 5255/6096/5237 5252/6091/5238 5253/6093/5239
f 5228/6060/5212 5227/6059/5211 5257/6099/5240 5256/6098/5241
f 5258/6100/5242 5259/6101/5243 5230/6062/5214 5229/6061/5213
f 5257/6099/5240 5254/6095/5236 5253/6093/5239 5260/6102/5244
f 5213/6045/5198 5261/6104/5245 5242/6078/5223 5241/6077/5226
f 5227/6059/5211 5226/6058/5210 5254/6095/5236 5257/6099/5240
f 5264/6108/5246 5265/6109/5247 5262/6106/5248 5263/6107/5249
f 5226/6058/5210 5251/6090/5235 5255/6096/5237 5254/6095/5236
f 5255/6096/5237 5266/6110/5250 5267/6111/5251 5252/6091/5238
f 5269/6115/5252 5270/6118/5253 5271/6119/5254 5268/6114/5255
f 5274/6124/5256 5275/6125/5257 5272/6120/5258 5273/6122/5259
f 5208/6040/5193 5213/6045/5198 5241/6077/5226 5245/6081/5228
f 5276/6126/5260 5258/6100/5242 5229/6061/5213 5266/6110/5250
f 5276/6126/5260 5277/6127/5261 5278/6128/5262 5258/6100/5242
f 5279/6129/5263 5280/6130/5264 5281/6131/5265 5192/6019/5175
f 5258/6100/5242 5278/6128/5262 5282/6132/5266 5259/6101/5243
f 5263/6107/5249 5262/6106/5248 5270/6117/5253 5269/6116/5252
f 5278/6128/5262 5264/6108/5246 5263/6107/5249 5282/6132/5266
f 5270/6118/5253 5198/6027/5182 5201/6030/5185 5271/6119/5254
f 5285/6135/5267 5286/6137/5268 5283/6133/5269 5284/6134/5270
f 5282/6132/5266 5263/6107/5249 5269/6116/5252 5287/6138/5271
f 5259/6101/5243 5282/6132/5266 5287/6138/5271 5288/6139/5272
f 5287/6138/5271 5269/6116/5252 5268/6113/5255 5289/6141/5273
f 5291/6143/5274 5233/6066/5217 5219/6051/5203 5290/6142/5275
f 5256/6098/5241 5257/6099/5240 5260/6102/5244 5286/6136/5268
f 5272/6121/5258 5256/6097/5241 5286/6137/5268 5285/6135/5267
f 5292/6144/5276 5284/6134/5270 5293/6145/5277 5294/6146/5278
f 5275/6125/5257 5228/6060/5212 5256/6098/5241 5272/6120/5258
f 5284/6134/5270 5283/6133/5269 5295/6147/5279 5293/6145/5277
f 5259/6101/5243 5288/6139/5272 5247/6084/5231 5230/6062/5214
f 5211/6043/5195 5244/6080/5229 5296/6148/5280 5212/6044/5196
f 5210/6042/5194 5245/6081/5228 5244/6080/5229 5211/6043/5195
f 5251/6090/5235 5276/6126/5260 5266/6110/5250 5255/6096/5237
f 5288/6139/5272 5287/6138/5271 5289/6141/5273 5247/6084/5231
f 5299/6151/5281 5300/6152/5282 5297/6149/5283 5298/6150/5284
f 5289/6140/5273 5268/6114/5255 5301/6153/5285 5207/6039/5190
f 5247/6084/5231 5289/6141/5273 5207/6038/5190 5206/6037/5189
f 5192/6019/5175 5281/6131/5265 5204/6033/5191 5193/6020/5176
f 5299/6151/5281 5303/6155/5286 5302/6154/5287 5300/6152/5282
f 5243/6079/5227 5246/6083/5230 5232/6065/5216 5224/6056/5208
f 5281/6131/5265 5231/6064/5215 5205/6035/5188 5204/6033/5191
f 5204/6033/5191 5207/6039/5190 5301/6153/5285 5193/6020/5176
f 5266/6110/5250 5229/6061/5213 5231/6063/5215 5267/6111/5251
f 5251/6090/5235 5250/6089/5234 5277/6127/5261 5276/6126/5260
f 5250/6089/5234 5299/6151/5281 5298/6150/5284 5277/6127/5261
f 5277/6127/5261 5298/6150/5284 5264/6108/5246 5278/6128/5262
f 5298/6150/5284 5297/6149/5283 5265/6109/5247 5264/6108/5246
f 5223/6055/5207 5216/6048/5202 5239/6075/5224 5242/6078/5223
f 5261/6104/5245 5290/6142/5275 5223/6055/5207 5242/6078/5223
f 5195/6022/5179 5304/6156/5288 5291/6143/5274 5305/6158/5289
f 5214/6046/5197 5305/6158/5289 5261/6104/5245 5213/6045/5198
f 5305/6158/5289 5291/6143/5274 5290/6142/5275 5261/6104/5245
f 5196/6025/5180 5195/6022/5179 5305/6158/5289 5214/6046/5197
f 5239/6075/5224 5306/6159/5290 5307/6160/5291 5240/6076/5225
f 5308/6161/5292 5304/6157/5288 5195/6023/5179 5194/6021/5178
f 5300/6152/5282 5308/6161/5292 5194/6021/5178 5297/6149/5283
f 5294/6146/5278 5293/6145/5277 5279/6129/5263 5309/6162/5293
f 5240/6076/5225 5307/6160/5291 5296/6148/5280 5244/6080/5229
f 5235/6068/5222 5238/6074/5221 5234/6067/5218 5233/6066/5217
f 5304/6156/5288 5235/6068/5222 5233/6066/5217 5291/6143/5274
f 5225/6057/5209 5303/6155/5286 5299/6151/5281 5250/6089/5234
f 5280/6130/5264 5267/6112/5251 5231/6064/5215 5281/6131/5265
f 5268/6114/5255 5271/6119/5254 5310/6163/5294 5301/6153/5285
f 5293/6145/5277 5295/6147/5279 5280/6130/5264 5279/6129/5263
f 5286/6137/5268 5260/6103/5244 5253/6094/5239 5283/6133/5269
f 5295/6147/5279 5252/6092/5238 5267/6112/5251 5280/6130/5264
f 5309/6162/5293 5279/6129/5263 5192/6019/5175 5191/6018/5174
f 5306/6159/5290 5309/6162/5293 5191/6018/5174 5307/6160/5291
f 5307/6160/5291 5191/6018/5174 5190/6017/5177 5296/6148/5280
f 5215/6047/5201 5294/6146/5278 5309/6162/5293 5306/6159/5290
f 5303/6155/5286 5275/6125/5257 5274/6124/5256 5302/6154/5287
f 5302/6154/5287 5274/6124/5256 5237/6073/5220 5236/6071/5219
f 5237/6073/5220 5274/6124/5256 5273/6122/5259 5246/6082/5230
f 5300/6152/5282 5302/6154/5287 5236/6071/5219 5308/6161/5292
f 5301/6153/5285 5310/6163/5294 5190/6017/5177 5193/6020/5176
f 5212/6044/5196 5296/6148/5280 5190/6017/5177 5310/6163/5294
f 5271/6119/5254 5201/6030/5185 5212/6044/5196 5310/6163/5294
f 5297/6149/5283 5194/6021/5178 5197/6026/5181 5265/6109/5247
f 5262/6105/5248 5249/6088/5233 5198/6027/5182 5270/6118/5253
f 5248/6086/5232 5209/6041/5192 5202/6031/5186 5199/6028/5183
f 5273/6123/5259 5272/6121/5258 5285/6135/5267 5311/6164/5295
f 5246/6083/5230 5273/6123/5259 5311/6164/5295 5232/6065/5216
f 5232/6065/5216 5311/6164/5295 5292/6144/5276 5218/6050/5200
f 5203/6032/5187 5208/6040/5193 5245/6081/5228 5210/6042/5194
f 5311/6164/5295 5285/6135/5267 5284/6134/5270 5292/6144/5276
f 5308/6161/5292 5236/6071/5219 5235/6069/5222 5304/6157/5288
f 5265/6109/5247 5197/6026/5181 5249/6087/5233 5262/6106/5248
f 5249/6088/5233 5248/6086/5232 5199/6028/5183 5198/6027/5182
f 5216/6048/5202 5215/6047/5201 5306/6159/5290 5239/6075/5224
f 5253/6094/5239 5252/6092/5238 5295/6147/5279 5283/6133/5269
f 5303/6155/5286 5225/6057/5209 5228/6060/5212 5275/6125/5257
f 5290/6142/5275 5219/6051/5203 5222/6054/5206 5223/6055/5207
f 5218/6050/5200 5292/6144/5276 5294/6146/5278 5215/6047/5201
f 5312/6165/5296 5313/6166/5297 5314/6167/5298 5315/6168/5299
f 5317/6170/5300 5318/6171/5301 5319/6174/5302 5316/6169/5303
f 5321/6176/5304 5322/6177/5305 5323/6178/5306 5320/6175/5307
f 5322/6177/5305 5324/6179/5308 5325/6180/5309 5323/6178/5306
f 5326/6181/5310 5327/6183/5311 5328/6184/5312 5329/6187/5313
f 5324/6179/5308 5330/6188/5314 5331/6189/5315 5325/6180/5309
f 5332/6190/5316 5333/6191/5317 5324/6179/5308 5322/6177/5305
f 5334/6192/5318 5332/6190/5316 5322/6177/5305 5321/6176/5304
f 5330/6188/5314 5335/6193/5319 5336/6194/5320 5331/6189/5315
f 5340/6198/5321 5337/6195/5322 5338/6196/5323 5339/6197/5324
f 5342/6200/5325 5343/6201/5326 5344/6202/5327 5341/6199/5328
f 5345/6203/5329 5340/6198/5321 5339/6197/5324 5342/6200/5325
f 5342/6200/5325 5339/6197/5324 5346/6204/5330 5343/6201/5326
f 5348/6206/5331 5349/6207/5332 5350/6208/5333 5347/6205/5334
f 5352/6210/5335 5329/6186/5313 5353/6212/5336 5351/6209/5337
f 5339/6197/5324 5338/6196/5323 5354/6213/5338 5346/6204/5330
f 5341/6199/5328 5344/6202/5327 5355/6214/5339 5356/6215/5340
f 5357/6216/5341 5358/6218/5342 5359/6219/5343 5360/6221/5344
f 5363/6225/5345 5364/6226/5346 5361/6223/5347 5362/6224/5348
f 5343/6201/5326 5346/6204/5330 5365/6227/5349 5344/6202/5327
f 5344/6202/5327 5365/6227/5349 5358/6218/5342 5355/6214/5339
f 5367/6229/5350 5364/6226/5346 5363/6225/5345 5366/6228/5351
f 5365/6227/5349 5368/6231/5352 5359/6219/5343 5358/6218/5342
f 5329/6186/5313 5328/6185/5312 5369/6232/5353 5353/6212/5336
f 5370/6233/5354 5371/6235/5355 5318/6171/5301 5317/6170/5300
f 5371/6236/5355 5331/6189/5315 5336/6194/5320 5318/6172/5301
f 5350/6208/5333 5372/6237/5356 5373/6238/5357 5347/6205/5334
f 5377/6243/5358 5374/6239/5359 5375/6241/5360 5376/6242/5361
f 5378/6246/5362 5379/6247/5363 5349/6207/5332 5348/6206/5331
f 5351/6209/5337 5353/6212/5336 5380/6248/5364 5381/6249/5365
f 5382/6250/5366 5377/6243/5358 5376/6242/5361 5379/6247/5363
f 5363/6225/5345 5362/6224/5348 5383/6252/5367 5335/6193/5319
f 5379/6247/5363 5376/6242/5361 5350/6208/5333 5349/6207/5332
f 5387/6257/5368 5384/6254/5369 5385/6255/5370 5386/6256/5371
f 5376/6242/5361 5375/6241/5360 5372/6237/5356 5350/6208/5333
f 5374/6239/5359 5388/6258/5372 5389/6260/5373 5375/6241/5360
f 5390/6262/5374 5391/6263/5375 5392/6265/5376 5393/6266/5377
f 5397/6272/5378 5394/6268/5379 5395/6270/5380 5396/6271/5381
f 5366/6228/5351 5363/6225/5345 5335/6193/5319 5330/6188/5314
f 5389/6260/5373 5351/6209/5337 5381/6249/5365 5398/6274/5382
f 5381/6249/5365 5400/6276/5383 5399/6275/5384 5398/6274/5382
f 5314/6167/5298 5402/6278/5385 5403/6279/5386 5401/6277/5387
f 5380/6248/5364 5404/6280/5388 5400/6276/5383 5381/6249/5365
f 5393/6267/5377 5392/6264/5376 5384/6254/5369 5387/6257/5368
f 5404/6280/5388 5387/6257/5368 5386/6256/5371 5400/6276/5383
f 5391/6263/5375 5321/6176/5304 5320/6175/5307 5392/6265/5376
f 5408/6285/5389 5405/6281/5390 5406/6283/5391 5407/6284/5392
f 5409/6286/5393 5393/6267/5377 5387/6257/5368 5404/6280/5388
f 5410/6287/5394 5409/6286/5393 5404/6280/5388 5380/6248/5364
f 5411/6289/5395 5390/6261/5374 5393/6267/5377 5409/6286/5393
f 5413/6291/5396 5341/6199/5328 5356/6215/5340 5412/6290/5397
f 5406/6282/5391 5382/6250/5366 5379/6247/5363 5378/6246/5362
f 5407/6284/5392 5406/6283/5391 5378/6245/5362 5394/6269/5379
f 5415/6293/5398 5416/6294/5399 5408/6285/5389 5414/6292/5400
f 5394/6268/5379 5378/6246/5362 5348/6206/5331 5395/6270/5380
f 5416/6294/5399 5417/6295/5401 5405/6281/5390 5408/6285/5389
f 5353/6212/5336 5369/6232/5353 5410/6287/5394 5380/6248/5364
f 5334/6192/5318 5418/6296/5402 5367/6229/5350 5332/6190/5316
f 5332/6190/5316 5367/6229/5350 5366/6228/5351 5333/6191/5317
f 5375/6241/5360 5389/6260/5373 5398/6274/5382 5372/6237/5356
f 5369/6232/5353 5411/6289/5395 5409/6286/5393 5410/6287/5394
f 5422/6300/5403 5419/6297/5404 5420/6298/5405 5421/6299/5406
f 5327/6183/5311 5423/6301/5407 5390/6262/5374 5411/6288/5395
f 5328/6185/5312 5327/6182/5311 5411/6289/5395 5369/6232/5353
f 5313/6166/5297 5326/6181/5310 5402/6278/5385 5314/6167/5298
f 5420/6298/5405 5424/6302/5408 5425/6303/5409 5421/6299/5406
f 5346/6204/5330 5354/6213/5338 5368/6231/5352 5365/6227/5349
f 5326/6181/5310 5329/6187/5313 5352/6211/5335 5402/6278/5385
f 5313/6166/5297 5423/6301/5407 5327/6183/5311 5326/6181/5310
f 5388/6258/5372 5352/6210/5335 5351/6209/5337 5389/6260/5373
f 5398/6274/5382 5399/6275/5384 5373/6238/5357 5372/6237/5356
f 5399/6275/5384 5422/6300/5403 5421/6299/5406 5373/6238/5357
f 5400/6276/5383 5386/6256/5371 5422/6300/5403 5399/6275/5384
f 5386/6256/5371 5385/6255/5370 5419/6297/5404 5422/6300/5403
f 5362/6224/5348 5361/6223/5347 5340/6198/5321 5345/6203/5329
f 5362/6224/5348 5345/6203/5329 5413/6291/5396 5383/6252/5367
f 5426/6304/5410 5412/6290/5397 5427/6305/5411 5319/6173/5302
f 5335/6193/5319 5383/6252/5367 5426/6304/5410 5336/6194/5320
f 5383/6252/5367 5413/6291/5396 5412/6290/5397 5426/6304/5410
f 5336/6194/5320 5426/6304/5410 5319/6173/5302 5318/6172/5301
f 5364/6226/5346 5428/6307/5412 5429/6308/5413 5361/6223/5347
f 5316/6169/5303 5319/6174/5302 5427/6306/5411 5430/6309/5414
f 5419/6297/5404 5316/6169/5303 5430/6309/5414 5420/6298/5405
f 5431/6310/5415 5401/6277/5387 5416/6294/5399 5415/6293/5398
f 5367/6229/5350 5418/6296/5402 5428/6307/5412 5364/6226/5346
f 5356/6215/5340 5355/6214/5339 5358/6218/5342 5357/6216/5341
f 5412/6290/5397 5356/6215/5340 5357/6216/5341 5427/6305/5411
f 5373/6238/5357 5421/6299/5406 5425/6303/5409 5347/6205/5334
f 5402/6278/5385 5352/6211/5335 5388/6259/5372 5403/6279/5386
f 5423/6301/5407 5432/6311/5416 5391/6263/5375 5390/6262/5374
f 5401/6277/5387 5403/6279/5386 5417/6295/5401 5416/6294/5399
f 5405/6281/5390 5377/6244/5358 5382/6251/5366 5406/6283/5391
f 5403/6279/5386 5388/6259/5372 5374/6240/5359 5417/6295/5401
f 5315/6168/5299 5314/6167/5298 5401/6277/5387 5431/6310/5415
f 5428/6307/5412 5315/6168/5299 5431/6310/5415 5429/6308/5413
f 5418/6296/5402 5312/6165/5296 5315/6168/5299 5428/6307/5412
f 5429/6308/5413 5431/6310/5415 5415/6293/5398 5337/6195/5322
f 5424/6302/5408 5396/6271/5381 5395/6270/5380 5425/6303/5409
f 5360/6222/5344 5359/6220/5343 5396/6271/5381 5424/6302/5408
f 5368/6230/5352 5397/6272/5378 5396/6271/5381 5359/6220/5343
f 5430/6309/5414 5360/6222/5344 5424/6302/5408 5420/6298/5405
f 5313/6166/5297 5312/6165/5296 5432/6311/5416 5423/6301/5407
f 5432/6311/5416 5312/6165/5296 5418/6296/5402 5334/6192/5318
f 5432/6311/5416 5334/6192/5318 5321/6176/5304 5391/6263/5375
f 5385/6255/5370 5317/6170/5300 5316/6169/5303 5419/6297/5404
f 5392/6265/5376 5320/6175/5307 5370/6234/5354 5384/6253/5369
f 5323/6178/5306 5325/6180/5309 5331/6189/5315 5371/6236/5355
f 5433/6312/5417 5407/6284/5392 5394/6269/5379 5397/6273/5378
f 5354/6213/5338 5433/6312/5417 5397/6273/5378 5368/6231/5352
f 5338/6196/5323 5414/6292/5400 5433/6312/5417 5354/6213/5338
f 5333/6191/5317 5366/6228/5351 5330/6188/5314 5324/6179/5308
f 5414/6292/5400 5408/6285/5389 5407/6284/5392 5433/6312/5417
f 5427/6306/5411 5357/6217/5341 5360/6222/5344 5430/6309/5414
f 5384/6254/5369 5370/6233/5354 5317/6170/5300 5385/6255/5370
f 5320/6175/5307 5323/6178/5306 5371/6236/5355 5370/6234/5354
f 5361/6223/5347 5429/6308/5413 5337/6195/5322 5340/6198/5321
f 5405/6281/5390 5417/6295/5401 5374/6240/5359 5377/6244/5358
f 5395/6270/5380 5348/6206/5331 5347/6205/5334 5425/6303/5409
f 5345/6203/5329 5342/6200/5325 5341/6199/5328 5413/6291/5396
f 5337/6195/5322 5415/6293/5398 5414/6292/5400 5338/6196/5323
f 5436/6316/5418 5437/6317/5419 5434/6313/5420 5435/6314/5421
f 5437/6317/5419 5438/6319/5422 5439/6321/5423 5434/6313/5420
f 5443/6325/5424 5440/6322/5425 5441/6323/5426 5442/6324/5427
f 5438/6319/5422 5444/6327/5428 5443/6325/5424 5439/6321/5423
f 5439/6321/5423 5443/6325/5424 5442/6324/5427 5445/6328/5429
f 5434/6313/5420 5439/6321/5423 5445/6328/5429 5446/6329/5430
f 5442/6324/5427 5441/6323/5426 5447/6330/5431 5445/6328/5429
f 5451/6334/5432 5448/6331/5433 5449/6332/5434 5450/6333/5435
f 5452/6335/5436 5453/6336/5437 5454/6337/5438 5455/6338/5439
f 5456/6339/5440 5455/6338/5439 5451/6334/5432 5450/6333/5435
f 5454/6337/5438 5457/6340/5441 5451/6334/5432 5455/6338/5439
f 5460/6343/5442 5461/6344/5443 5458/6341/5444 5459/6342/5445
f 5462/6345/5446 5463/6346/5447 5464/6348/5448 5465/6349/5449
f 5457/6340/5441 5466/6351/5450 5448/6331/5433 5451/6334/5432
f 5470/6355/5451 5467/6352/5452 5468/6353/5453 5469/6354/5454
f 5473/6358/5455 5474/6359/5456 5471/6356/5457 5472/6357/5458
f 5475/6360/5459 5476/6361/5460 5477/6362/5461 5478/6364/5462
f 5481/6369/5463 5482/6370/5464 5479/6366/5465 5480/6367/5466
f 5483/6372/5467 5484/6373/5468 5482/6371/5464 5481/6368/5463
f 5485/6374/5469 5452/6335/5436 5455/6338/5439 5456/6339/5440
f 5487/6376/5470 5488/6377/5471 5489/6378/5472 5486/6375/5473
f 5490/6379/5474 5491/6380/5475 5492/6381/5476 5467/6352/5452
f 5480/6367/5466 5479/6366/5465 5466/6351/5450 5457/6340/5441
f 5489/6378/5472 5483/6372/5467 5481/6368/5463 5493/6382/5477
f 5488/6377/5471 5494/6384/5478 5483/6372/5467 5489/6378/5472
f 5496/6386/5479 5487/6376/5470 5486/6375/5473 5495/6385/5480
f 5494/6384/5478 5497/6387/5481 5484/6373/5468 5483/6372/5467
f 5487/6376/5470 5498/6388/5482 5494/6384/5478 5488/6377/5471
f 5486/6375/5473 5489/6378/5472 5493/6382/5477 5499/6389/5483
f 5491/6380/5475 5500/6391/5484 5501/6392/5485 5492/6381/5476
f 5503/6394/5486 5473/6358/5455 5472/6357/5458 5502/6393/5487
f 5500/6391/5484 5474/6359/5456 5473/6358/5455 5501/6392/5485
f 5505/6396/5488 5470/6355/5451 5475/6360/5459 5504/6395/5489
f 5499/6390/5483 5493/6383/5477 5453/6336/5437 5452/6335/5436
f 5507/6399/5490 5508/6401/5491 5506/6397/5492 5440/6322/5425
f 5501/6392/5485 5473/6358/5455 5503/6394/5486 5509/6402/5493
f 5492/6381/5476 5501/6392/5485 5509/6402/5493 5510/6403/5494
f 5509/6402/5493 5503/6394/5486 5502/6393/5487 5511/6404/5495
f 5512/6405/5496 5513/6406/5497 5514/6407/5498 5515/6410/5499
f 5441/6323/5426 5516/6411/5500 5461/6344/5443 5447/6330/5431
f 5518/6414/5501 5462/6345/5446 5465/6349/5449 5517/6412/5502
f 5519/6415/5503 5520/6416/5504 5496/6386/5479 5521/6417/5505
f 5497/6387/5481 5522/6418/5506 5523/6419/5507 5524/6420/5508
f 5513/6406/5497 5518/6414/5501 5517/6412/5502 5514/6407/5498
f 5525/6421/5509 5526/6422/5510 5518/6414/5501 5513/6406/5497
f 5526/6422/5510 5527/6423/5511 5462/6345/5446 5518/6414/5501
f 5528/6424/5512 5529/6425/5513 5530/6426/5514 5531/6427/5515
f 5472/6357/5458 5471/6356/5457 5508/6400/5491 5507/6398/5490
f 5532/6428/5516 5490/6379/5474 5505/6396/5488 5533/6429/5517
f 5502/6393/5487 5472/6357/5458 5507/6398/5490 5444/6326/5428
f 5446/6329/5430 5445/6328/5429 5447/6330/5431 5534/6430/5518
f 5515/6409/5499 5514/6408/5498 5536/6432/5519 5535/6431/5520
f 5440/6322/5425 5506/6397/5492 5516/6411/5500 5441/6323/5426
f 5539/6435/5521 5540/6436/5522 5537/6433/5523 5538/6434/5524
f 5536/6432/5519 5539/6435/5521 5538/6434/5524 5541/6437/5525
f 5517/6413/5502 5465/6350/5449 5540/6436/5522 5539/6435/5521
f 5514/6408/5498 5517/6413/5502 5539/6435/5521 5536/6432/5519
f 5470/6355/5451 5469/6354/5454 5476/6361/5460 5475/6360/5459
f 5453/6336/5437 5480/6367/5466 5457/6340/5441 5454/6337/5438
f 5498/6388/5482 5522/6418/5506 5497/6387/5481 5494/6384/5478
f 5493/6383/5477 5481/6369/5463 5480/6367/5466 5453/6336/5437
f 5469/6354/5454 5468/6353/5453 5542/6438/5526 5476/6361/5460
f 5468/6353/5453 5510/6403/5494 5543/6439/5527 5542/6438/5526
f 5542/6438/5526 5543/6439/5527 5437/6318/5419 5436/6315/5418
f 5476/6361/5460 5542/6438/5526 5436/6315/5418 5477/6362/5461
f 5535/6431/5520 5536/6432/5519 5541/6437/5525 5544/6440/5528
f 5523/6419/5507 5545/6441/5529 5527/6423/5511 5526/6422/5510
f 5479/6366/5465 5535/6431/5520 5544/6440/5528 5466/6351/5450
f 5466/6351/5450 5544/6440/5528 5546/6442/5530 5448/6331/5433
f 5482/6370/5464 5515/6409/5499 5535/6431/5520 5479/6366/5465
f 5505/6396/5488 5490/6379/5474 5467/6352/5452 5470/6355/5451
f 5541/6437/5525 5538/6434/5524 5546/6442/5530 5544/6440/5528
f 5524/6420/5508 5523/6419/5507 5526/6422/5510 5525/6421/5509
f 5497/6387/5481 5524/6420/5508 5512/6405/5496 5484/6373/5468
f 5524/6420/5508 5525/6421/5509 5513/6406/5497 5512/6405/5496
f 5548/6444/5531 5549/6445/5532 5550/6446/5533 5547/6443/5534
f 5477/6363/5461 5436/6316/5418 5435/6314/5421 5551/6447/5535
f 5435/6314/5421 5434/6313/5420 5446/6329/5430 5550/6446/5533
f 5551/6447/5535 5435/6314/5421 5550/6446/5533 5549/6445/5532
f 5547/6443/5534 5550/6446/5533 5446/6329/5430 5534/6430/5518
f 5552/6448/5536 5553/6449/5537 5554/6450/5538 5555/6451/5539
f 5556/6452/5540 5557/6453/5541 5459/6342/5445 5458/6341/5444
f 5558/6454/5542 5559/6455/5543 5560/6456/5544 5561/6457/5545
f 5555/6451/5539 5554/6450/5538 5460/6343/5442 5459/6342/5445
f 5562/6458/5546 5555/6451/5539 5459/6342/5445 5557/6453/5541
f 5540/6436/5522 5528/6424/5512 5531/6427/5515 5537/6433/5523
f 5530/6426/5514 5552/6448/5536 5555/6451/5539 5562/6458/5546
f 5564/6460/5547 5562/6458/5546 5557/6453/5541 5563/6459/5548
f 5566/6462/5549 5520/6416/5504 5519/6415/5503 5565/6461/5550
f 5545/6441/5529 5568/6464/5551 5567/6463/5552 5527/6423/5511
f 5565/6461/5550 5519/6415/5503 5569/6465/5553 5570/6466/5554
f 5566/6462/5549 5565/6461/5550 5568/6464/5551 5545/6441/5529
f 5554/6450/5538 5547/6443/5534 5534/6430/5518 5460/6343/5442
f 5565/6461/5550 5570/6466/5554 5571/6467/5555 5568/6464/5551
f 5568/6464/5551 5571/6467/5555 5572/6468/5556 5567/6463/5552
f 5571/6467/5555 5570/6466/5554 5573/6469/5557 5532/6428/5516
f 5529/6425/5513 5574/6470/5558 5552/6448/5536 5530/6426/5514
f 5575/6471/5559 5576/6473/5560 5574/6470/5558 5529/6425/5513
f 5576/6473/5560 5577/6476/5561 5578/6477/5562 5574/6470/5558
f 5567/6463/5552 5572/6468/5556 5579/6478/5563 5463/6346/5447
f 5581/6480/5564 5485/6374/5469 5456/6339/5440 5580/6479/5565
f 5471/6356/5457 5582/6481/5566 5583/6482/5567 5508/6400/5491
f 5559/6455/5543 5581/6480/5564 5580/6479/5565 5560/6456/5544
f 5584/6485/5568 5585/6486/5569 5581/6480/5564 5559/6455/5543
f 5585/6486/5569 5586/6488/5570 5485/6374/5469 5581/6480/5564
f 5478/6365/5462 5477/6363/5461 5551/6447/5535 5587/6490/5571
f 5588/6491/5572 5589/6492/5573 5590/6493/5574 5582/6481/5566
f 5591/6494/5575 5504/6395/5489 5577/6475/5561 5576/6474/5560
f 5590/6493/5574 5592/6495/5576 5585/6487/5569 5584/6484/5568
f 5593/6496/5577 5588/6491/5572 5474/6359/5456 5500/6391/5484
f 5589/6492/5573 5521/6417/5505 5592/6495/5576 5590/6493/5574
f 5521/6417/5505 5496/6386/5479 5495/6385/5480 5592/6495/5576
f 5569/6465/5553 5519/6415/5503 5521/6417/5505 5589/6492/5573
f 5522/6418/5506 5566/6462/5549 5545/6441/5529 5523/6419/5507
f 5573/6469/5557 5593/6496/5577 5500/6391/5484 5491/6380/5475
f 5579/6478/5563 5591/6494/5575 5576/6474/5560 5575/6472/5559
f 5572/6468/5556 5533/6429/5517 5591/6494/5575 5579/6478/5563
f 5533/6429/5517 5505/6396/5488 5504/6395/5489 5591/6494/5575
f 5582/6481/5566 5590/6493/5574 5584/6484/5568 5583/6482/5567
f 5571/6467/5555 5532/6428/5516 5533/6429/5517 5572/6468/5556
f 5570/6466/5554 5569/6465/5553 5593/6496/5577 5573/6469/5557
f 5506/6397/5492 5558/6454/5542 5561/6457/5545 5516/6411/5500
f 5510/6403/5494 5509/6402/5493 5511/6404/5495 5543/6439/5527
f 5516/6411/5500 5561/6457/5545 5458/6341/5444 5461/6344/5443
f 5561/6457/5545 5560/6456/5544 5556/6452/5540 5458/6341/5444
f 5450/6333/5435 5449/6332/5434 5563/6459/5548 5594/6497/5578
f 5447/6330/5431 5461/6344/5443 5460/6343/5442 5534/6430/5518
f 5504/6395/5489 5475/6360/5459 5478/6364/5462 5577/6475/5561
f 5577/6476/5561 5478/6365/5462 5587/6490/5571 5578/6477/5562
f 5587/6490/5571 5551/6447/5535 5549/6445/5532 5548/6444/5531
f 5578/6477/5562 5587/6490/5571 5548/6444/5531 5553/6449/5537
f 5553/6449/5537 5548/6444/5531 5547/6443/5534 5554/6450/5538
f 5532/6428/5516 5573/6469/5557 5491/6380/5475 5490/6379/5474
f 5508/6401/5491 5583/6483/5567 5558/6454/5542 5506/6397/5492
f 5583/6483/5567 5584/6485/5568 5559/6455/5543 5558/6454/5542
f 5474/6359/5456 5588/6491/5572 5582/6481/5566 5471/6356/5457
f 5520/6416/5504 5498/6388/5482 5487/6376/5470 5496/6386/5479
f 5511/6404/5495 5502/6393/5487 5444/6326/5428 5438/6320/5422
f 5498/6388/5482 5520/6416/5504 5566/6462/5549 5522/6418/5506
f 5495/6385/5480 5486/6375/5473 5499/6389/5483 5586/6489/5570
f 5586/6488/5570 5499/6390/5483 5452/6335/5436 5485/6374/5469
f 5444/6327/5428 5507/6399/5490 5440/6322/5425 5443/6325/5424
f 5531/6427/5515 5530/6426/5514 5562/6458/5546 5564/6460/5547
f 5595/6498/5579 5564/6460/5547 5563/6459/5548 5449/6332/5434
f 5537/6433/5523 5531/6427/5515 5564/6460/5547 5595/6498/5579
f 5465/6350/5449 5464/6347/5448 5528/6424/5512 5540/6436/5522
f 5464/6347/5448 5575/6471/5559 5529/6425/5513 5528/6424/5512
f 5569/6465/5553 5589/6492/5573 5588/6491/5572 5593/6496/5577
f 5527/6423/5511 5567/6463/5552 5463/6346/5447 5462/6345/5446
f 5574/6470/5558 5578/6477/5562 5553/6449/5537 5552/6448/5536
f 5546/6442/5530 5595/6498/5579 5449/6332/5434 5448/6331/5433
f 5560/6456/5544 5580/6479/5565 5594/6497/5578 5556/6452/5540
f 5538/6434/5524 5537/6433/5523 5595/6498/5579 5546/6442/5530
f 5467/6352/5452 5492/6381/5476 5510/6403/5494 5468/6353/5453
f 5543/6439/5527 5511/6404/5495 5438/6320/5422 5437/6318/5419
f 5484/6373/5468 5512/6405/5496 5515/6410/5499 5482/6371/5464
f 5594/6497/5578 5563/6459/5548 5557/6453/5541 5556/6452/5540
f 5592/6495/5576 5495/6385/5480 5586/6489/5570 5585/6487/5569
f 5580/6479/5565 5456/6339/5440 5450/6333/5435 5594/6497/5578
f 5463/6346/5447 5579/6478/5563 5575/6472/5559 5464/6348/5448
f 5599/6504/5580 5596/6499/5581 5597/6500/5582 5598/6503/5583
f 5596/6499/5581 5600/6505/5584 5601/6506/5585 5597/6500/5582
f 5604/6510/5586 5605/6511/5587 5602/6508/5588 5603/6509/5589
f 5600/6505/5584 5603/6509/5589 5606/6513/5590 5601/6506/5585
f 5607/6514/5591 5604/6510/5586 5603/6509/5589 5600/6505/5584
f 5608/6515/5592 5607/6514/5591 5600/6505/5584 5596/6499/5581
f 5607/6514/5591 5609/6516/5593 5605/6511/5587 5604/6510/5586
f 5612/6519/5594 5613/6520/5595 5610/6517/5596 5611/6518/5597
f 5615/6522/5598 5616/6523/5599 5617/6524/5600 5614/6521/5601
f 5612/6519/5594 5611/6518/5597 5615/6522/5598 5618/6525/5602
f 5615/6522/5598 5611/6518/5597 5619/6526/5603 5616/6523/5599
f 5623/6530/5604 5620/6527/5605 5621/6528/5606 5622/6529/5607
f 5625/6532/5608 5626/6535/5609 5627/6536/5610 5624/6531/5611
f 5611/6518/5597 5610/6517/5596 5628/6537/5612 5619/6526/5603
f 5631/6540/5613 5632/6541/5614 5629/6538/5615 5630/6539/5616
f 5636/6545/5617 5633/6542/5618 5634/6543/5619 5635/6544/5620
f 5638/6547/5621 5639/6549/5622 5640/6551/5623 5637/6546/5624
f 5644/6557/5625 5641/6552/5626 5642/6553/5627 5643/6556/5628
f 5643/6555/5628 5642/6554/5627 5645/6558/5629 5646/6559/5630
f 5618/6525/5602 5615/6522/5598 5614/6521/5601 5647/6560/5631
f 5648/6561/5632 5649/6562/5633 5650/6563/5634 5651/6564/5635
f 5629/6538/5615 5652/6565/5636 5653/6566/5637 5654/6567/5638
f 5619/6526/5603 5628/6537/5612 5641/6552/5626 5644/6557/5625
f 5655/6568/5639 5643/6555/5628 5646/6559/5630 5649/6562/5633
f 5649/6562/5633 5646/6559/5630 5656/6570/5640 5650/6563/5634
f 5658/6572/5641 5648/6561/5632 5651/6564/5635 5657/6571/5642
f 5646/6559/5630 5645/6558/5629 5659/6573/5643 5656/6570/5640
f 5650/6563/5634 5656/6570/5640 5660/6574/5644 5651/6564/5635
f 5661/6575/5645 5655/6568/5639 5649/6562/5633 5648/6561/5632
f 5652/6565/5636 5662/6577/5646 5663/6578/5647 5653/6566/5637
f 5665/6580/5648 5636/6545/5617 5635/6544/5620 5664/6579/5649
f 5662/6577/5646 5635/6544/5620 5634/6543/5619 5663/6578/5647
f 5667/6582/5650 5637/6546/5624 5630/6539/5616 5666/6581/5651
f 5614/6521/5601 5617/6524/5600 5655/6569/5639 5661/6576/5645
f 5602/6508/5588 5668/6583/5652 5669/6585/5653 5670/6587/5654
f 5671/6588/5655 5664/6579/5649 5635/6544/5620 5662/6577/5646
f 5672/6589/5656 5671/6588/5655 5662/6577/5646 5652/6565/5636
f 5673/6590/5657 5665/6580/5648 5664/6579/5649 5671/6588/5655
f 5675/6593/5658 5676/6594/5659 5677/6596/5660 5674/6591/5661
f 5609/6516/5593 5621/6528/5606 5678/6597/5662 5605/6511/5587
f 5680/6599/5663 5625/6532/5608 5624/6531/5611 5679/6598/5664
f 5682/6602/5665 5657/6571/5642 5683/6603/5666 5681/6601/5667
f 5685/6605/5668 5686/6606/5669 5684/6604/5670 5659/6573/5643
f 5676/6594/5659 5680/6599/5663 5679/6598/5664 5677/6596/5660
f 5677/6596/5660 5679/6598/5664 5688/6608/5671 5687/6607/5672
f 5679/6598/5664 5624/6531/5611 5689/6609/5673 5688/6608/5671
f 5691/6611/5674 5692/6612/5675 5693/6613/5676 5690/6610/5677
f 5670/6586/5654 5669/6584/5653 5633/6542/5618 5636/6545/5617
f 5695/6615/5678 5666/6581/5651 5654/6567/5638 5694/6614/5679
f 5606/6512/5590 5670/6586/5654 5636/6545/5617 5665/6580/5648
f 5696/6616/5680 5609/6516/5593 5607/6514/5591 5608/6515/5592
f 5697/6617/5681 5698/6618/5682 5676/6595/5659 5675/6592/5658
f 5605/6511/5587 5678/6597/5662 5668/6583/5652 5602/6508/5588
f 5702/6622/5683 5699/6619/5684 5700/6620/5685 5701/6621/5686
f 5703/6623/5687 5702/6622/5683 5701/6621/5686 5698/6618/5682
f 5701/6621/5686 5700/6620/5685 5625/6533/5608 5680/6600/5663
f 5698/6618/5682 5701/6621/5686 5680/6600/5663 5676/6595/5659
f 5637/6546/5624 5640/6551/5623 5631/6540/5613 5630/6539/5616
f 5616/6523/5599 5619/6526/5603 5644/6557/5625 5617/6524/5600
f 5656/6570/5640 5659/6573/5643 5684/6604/5670 5660/6574/5644
f 5617/6524/5600 5644/6557/5625 5643/6556/5628 5655/6569/5639
f 5640/6551/5623 5704/6624/5688 5632/6541/5614 5631/6540/5613
f 5704/6624/5688 5705/6625/5689 5672/6589/5656 5632/6541/5614
f 5598/6502/5583 5597/6501/5582 5705/6625/5689 5704/6624/5688
f 5639/6549/5622 5598/6502/5583 5704/6624/5688 5640/6551/5623
f 5706/6626/5690 5703/6623/5687 5698/6618/5682 5697/6617/5681
f 5688/6608/5671 5689/6609/5673 5707/6627/5691 5686/6606/5669
f 5628/6537/5612 5706/6626/5690 5697/6617/5681 5641/6552/5626
f 5610/6517/5596 5708/6628/5692 5706/6626/5690 5628/6537/5612
f 5641/6552/5626 5697/6617/5681 5675/6592/5658 5642/6553/5627
f 5630/6539/5616 5629/6538/5615 5654/6567/5638 5666/6581/5651
f 5706/6626/5690 5708/6628/5692 5702/6622/5683 5703/6623/5687
f 5687/6607/5672 5688/6608/5671 5686/6606/5669 5685/6605/5668
f 5645/6558/5629 5674/6591/5661 5685/6605/5668 5659/6573/5643
f 5674/6591/5661 5677/6596/5660 5687/6607/5672 5685/6605/5668
f 5709/6629/5693 5710/6630/5694 5711/6631/5695 5712/6632/5696
f 5713/6633/5697 5599/6504/5580 5598/6503/5583 5639/6550/5622
f 5710/6630/5694 5608/6515/5592 5596/6499/5581 5599/6504/5580
f 5711/6631/5695 5710/6630/5694 5599/6504/5580 5713/6633/5697
f 5696/6616/5680 5608/6515/5592 5710/6630/5694 5709/6629/5693
f 5715/6635/5698 5716/6636/5699 5717/6637/5700 5714/6634/5701
f 5620/6527/5605 5623/6530/5604 5718/6638/5702 5719/6639/5703
f 5721/6641/5704 5722/6642/5705 5723/6643/5706 5720/6640/5707
f 5623/6530/5604 5622/6529/5607 5716/6636/5699 5715/6635/5698
f 5718/6638/5702 5623/6530/5604 5715/6635/5698 5724/6644/5708
f 5699/6619/5684 5691/6611/5674 5690/6610/5677 5700/6620/5685
f 5724/6644/5708 5715/6635/5698 5714/6634/5701 5692/6612/5675
f 5725/6645/5709 5718/6638/5702 5724/6644/5708 5726/6646/5710
f 5728/6648/5711 5681/6601/5667 5683/6603/5666 5727/6647/5712
f 5689/6609/5673 5729/6649/5713 5730/6650/5714 5707/6627/5691
f 5731/6651/5715 5732/6652/5716 5681/6601/5667 5728/6648/5711
f 5707/6627/5691 5730/6650/5714 5728/6648/5711 5727/6647/5712
f 5622/6529/5607 5696/6616/5680 5709/6629/5693 5716/6636/5699
f 5730/6650/5714 5733/6653/5717 5731/6651/5715 5728/6648/5711
f 5729/6649/5713 5734/6654/5718 5733/6653/5717 5730/6650/5714
f 5694/6614/5679 5735/6655/5719 5731/6651/5715 5733/6653/5717
f 5692/6612/5675 5714/6634/5701 5736/6656/5720 5693/6613/5676
f 5693/6613/5676 5736/6656/5720 5737/6657/5721 5738/6659/5722
f 5736/6656/5720 5739/6661/5723 5740/6663/5724 5737/6657/5721
f 5627/6536/5610 5741/6664/5725 5734/6654/5718 5729/6649/5713
f 5743/6666/5726 5618/6525/5602 5647/6560/5631 5742/6665/5727
f 5669/6584/5653 5744/6667/5728 5745/6669/5729 5633/6542/5618
f 5722/6642/5705 5743/6666/5726 5742/6665/5727 5723/6643/5706
f 5723/6643/5706 5742/6665/5727 5746/6670/5730 5747/6673/5731
f 5742/6665/5727 5647/6560/5631 5748/6674/5732 5746/6670/5730
f 5749/6676/5733 5713/6633/5697 5639/6550/5622 5638/6548/5621
f 5745/6669/5729 5750/6677/5734 5751/6678/5735 5752/6679/5736
f 5737/6658/5721 5740/6662/5724 5667/6582/5650 5753/6680/5737
f 5747/6672/5731 5746/6671/5730 5754/6681/5738 5750/6677/5734
f 5663/6578/5647 5634/6543/5619 5752/6679/5736 5755/6682/5739
f 5750/6677/5734 5754/6681/5738 5682/6602/5665 5751/6678/5735
f 5754/6681/5738 5658/6572/5641 5657/6571/5642 5682/6602/5665
f 5751/6678/5735 5682/6602/5665 5681/6601/5667 5732/6652/5716
f 5686/6606/5669 5707/6627/5691 5727/6647/5712 5684/6604/5670
f 5653/6566/5637 5663/6578/5647 5755/6682/5739 5735/6655/5719
f 5738/6660/5722 5737/6658/5721 5753/6680/5737 5741/6664/5725
f 5741/6664/5725 5753/6680/5737 5695/6615/5678 5734/6654/5718
f 5753/6680/5737 5667/6582/5650 5666/6581/5651 5695/6615/5678
f 5744/6667/5728 5747/6672/5731 5750/6677/5734 5745/6669/5729
f 5734/6654/5718 5695/6615/5678 5694/6614/5679 5733/6653/5717
f 5735/6655/5719 5755/6682/5739 5732/6652/5716 5731/6651/5715
f 5678/6597/5662 5721/6641/5704 5720/6640/5707 5668/6583/5652
f 5705/6625/5689 5673/6590/5657 5671/6588/5655 5672/6589/5656
f 5621/6528/5606 5620/6527/5605 5721/6641/5704 5678/6597/5662
f 5620/6527/5605 5719/6639/5703 5722/6642/5705 5721/6641/5704
f 5756/6683/5740 5725/6645/5709 5613/6520/5595 5612/6519/5594
f 5696/6616/5680 5622/6529/5607 5621/6528/5606 5609/6516/5593
f 5740/6662/5724 5638/6547/5621 5637/6546/5624 5667/6582/5650
f 5739/6661/5723 5749/6676/5733 5638/6548/5621 5740/6663/5724
f 5712/6632/5696 5711/6631/5695 5713/6633/5697 5749/6676/5733
f 5717/6637/5700 5712/6632/5696 5749/6676/5733 5739/6661/5723
f 5716/6636/5699 5709/6629/5693 5712/6632/5696 5717/6637/5700
f 5654/6567/5638 5653/6566/5637 5735/6655/5719 5694/6614/5679
f 5668/6583/5652 5720/6640/5707 5744/6668/5728 5669/6585/5653
f 5720/6640/5707 5723/6643/5706 5747/6673/5731 5744/6668/5728
f 5633/6542/5618 5745/6669/5729 5752/6679/5736 5634/6543/5619
f 5657/6571/5642 5651/6564/5635 5660/6574/5644 5683/6603/5666
f 5601/6507/5585 5606/6512/5590 5665/6580/5648 5673/6590/5657
f 5684/6604/5670 5727/6647/5712 5683/6603/5666 5660/6574/5644
f 5748/6675/5732 5661/6575/5645 5648/6561/5632 5658/6572/5641
f 5647/6560/5631 5614/6521/5601 5661/6576/5645 5748/6674/5732
f 5603/6509/5589 5602/6508/5588 5670/6587/5654 5606/6513/5590
f 5726/6646/5710 5724/6644/5708 5692/6612/5675 5691/6611/5674
f 5613/6520/5595 5725/6645/5709 5726/6646/5710 5757/6684/5741
f 5757/6684/5741 5726/6646/5710 5691/6611/5674 5699/6619/5684
f 5700/6620/5685 5690/6610/5677 5626/6534/5609 5625/6533/5608
f 5690/6610/5677 5693/6613/5676 5738/6659/5722 5626/6534/5609
f 5755/6682/5739 5752/6679/5736 5751/6678/5735 5732/6652/5716
f 5624/6531/5611 5627/6536/5610 5729/6649/5713 5689/6609/5673
f 5714/6634/5701 5717/6637/5700 5739/6661/5723 5736/6656/5720
f 5610/6517/5596 5613/6520/5595 5757/6684/5741 5708/6628/5692
f 5719/6639/5703 5756/6683/5740 5743/6666/5726 5722/6642/5705
f 5708/6628/5692 5757/6684/5741 5699/6619/5684 5702/6622/5683
f 5632/6541/5614 5672/6589/5656 5652/6565/5636 5629/6538/5615
f 5597/6501/5582 5601/6507/5585 5673/6590/5657 5705/6625/5689
f 5642/6554/5627 5675/6593/5658 5674/6591/5661 5645/6558/5629
f 5719/6639/5703 5718/6638/5702 5725/6645/5709 5756/6683/5740
f 5746/6671/5730 5748/6675/5732 5658/6572/5641 5754/6681/5738
f 5756/6683/5740 5612/6519/5594 5618/6525/5602 5743/6666/5726
f 5626/6535/5609 5738/6660/5722 5741/6664/5725 5627/6536/5610
f 5760/6688/5742 5761/6689/5743 5758/6685/5744 5759/6686/5745
f 5761/6689/5743 5762/6691/5746 5763/6693/5747 5758/6685/5744
f 5767/6697/5748 5764/6694/5749 5765/6695/5750 5766/6696/5751
f 5762/6691/5746 5768/6699/5752 5767/6697/5748 5763/6693/5747
f 5763/6693/5747 5767/6697/5748 5766/6696/5751 5769/6700/5753
f 5758/6685/5744 5763/6693/5747 5769/6700/5753 5770/6701/5754
f 5769/6700/5753 5766/6696/5751 5765/6695/5750 5771/6702/5755
f 5775/6706/5756 5772/6703/5757 5773/6704/5758 5774/6705/5759
f 5776/6707/5760 5777/6708/5761 5778/6709/5762 5779/6710/5763
f 5779/6710/5763 5775/6706/5756 5774/6705/5759 5780/6711/5764
f 5778/6709/5762 5781/6712/5765 5775/6706/5756 5779/6710/5763
f 5783/6714/5766 5784/6715/5767 5785/6716/5768 5782/6713/5769
f 5786/6717/5770 5787/6718/5771 5788/6720/5772 5789/6721/5773
f 5781/6712/5765 5790/6723/5774 5772/6703/5757 5775/6706/5756
f 5793/6726/5775 5794/6727/5776 5791/6724/5777 5792/6725/5778
f 5795/6728/5779 5796/6729/5780 5797/6730/5781 5798/6732/5782
f 5801/6737/5783 5802/6738/5784 5799/6734/5785 5800/6735/5786
f 5803/6740/5787 5804/6741/5788 5802/6739/5784 5801/6736/5783
f 5805/6742/5789 5776/6707/5760 5779/6710/5763 5780/6711/5764
f 5806/6743/5790 5807/6744/5791 5808/6745/5792 5809/6746/5793
f 5811/6748/5794 5812/6749/5795 5813/6750/5796 5810/6747/5797
f 5815/6752/5798 5816/6753/5799 5806/6743/5790 5814/6751/5800
f 5813/6750/5796 5803/6740/5787 5801/6736/5783 5817/6754/5801
f 5812/6749/5795 5818/6756/5802 5803/6740/5787 5813/6750/5796
f 5820/6758/5803 5811/6748/5794 5810/6747/5797 5819/6757/5804
f 5818/6756/5802 5821/6759/5805 5804/6741/5788 5803/6740/5787
f 5812/6749/5795 5811/6748/5794 5822/6760/5806 5818/6756/5802
f 5810/6747/5797 5813/6750/5796 5817/6754/5801 5823/6761/5807
f 5815/6752/5798 5824/6763/5808 5825/6764/5809 5816/6753/5799
f 5827/6766/5810 5793/6726/5775 5792/6725/5778 5826/6765/5811
f 5824/6763/5808 5794/6727/5776 5793/6726/5775 5825/6764/5809
f 5829/6768/5812 5809/6746/5793 5795/6728/5779 5828/6767/5813
f 5823/6762/5807 5817/6755/5801 5777/6708/5761 5776/6707/5760
f 5831/6771/5814 5832/6773/5815 5830/6769/5816 5764/6694/5749
f 5825/6764/5809 5793/6726/5775 5827/6766/5810 5833/6774/5817
f 5816/6753/5799 5825/6764/5809 5833/6774/5817 5834/6775/5818
f 5833/6774/5817 5827/6766/5810 5826/6765/5811 5835/6776/5819
f 5836/6777/5820 5837/6778/5821 5838/6779/5822 5839/6782/5823
f 5841/6785/5824 5786/6717/5770 5789/6721/5773 5840/6783/5825
f 5844/6788/5826 5842/6786/5827 5843/6787/5828 5820/6758/5803
f 5821/6759/5805 5845/6789/5829 5846/6790/5830 5847/6791/5831
f 5837/6778/5821 5841/6785/5824 5840/6783/5825 5838/6779/5822
f 5848/6792/5832 5849/6793/5833 5841/6785/5824 5837/6778/5821
f 5849/6793/5833 5850/6794/5834 5786/6717/5770 5841/6785/5824
f 5851/6795/5835 5852/6796/5836 5853/6797/5837 5854/6798/5838
f 5765/6695/5750 5855/6799/5839 5785/6716/5768 5771/6702/5755
f 5792/6725/5778 5791/6724/5777 5832/6772/5815 5831/6770/5814
f 5856/6800/5840 5814/6751/5800 5829/6768/5812 5857/6801/5841
f 5826/6765/5811 5792/6725/5778 5831/6770/5814 5768/6698/5752
f 5770/6701/5754 5769/6700/5753 5771/6702/5755 5858/6802/5842
f 5839/6781/5823 5838/6780/5822 5860/6804/5843 5859/6803/5844
f 5764/6694/5749 5830/6769/5816 5855/6799/5839 5765/6695/5750
f 5863/6807/5845 5864/6808/5846 5861/6805/5847 5862/6806/5848
f 5860/6804/5843 5863/6807/5845 5862/6806/5848 5865/6809/5849
f 5840/6784/5825 5789/6722/5773 5864/6808/5846 5863/6807/5845
f 5838/6780/5822 5840/6784/5825 5863/6807/5845 5860/6804/5843
f 5809/6746/5793 5808/6745/5792 5796/6729/5780 5795/6728/5779
f 5777/6708/5761 5800/6735/5786 5781/6712/5765 5778/6709/5762
f 5818/6756/5802 5822/6760/5806 5845/6789/5829 5821/6759/5805
f 5817/6755/5801 5801/6737/5783 5800/6735/5786 5777/6708/5761
f 5808/6745/5792 5807/6744/5791 5866/6810/5850 5796/6729/5780
f 5807/6744/5791 5834/6775/5818 5867/6811/5851 5866/6810/5850
f 5866/6810/5850 5867/6811/5851 5761/6690/5743 5760/6687/5742
f 5796/6729/5780 5866/6810/5850 5760/6687/5742 5797/6730/5781
f 5859/6803/5844 5860/6804/5843 5865/6809/5849 5868/6812/5852
f 5846/6790/5830 5869/6813/5853 5850/6794/5834 5849/6793/5833
f 5799/6734/5785 5859/6803/5844 5868/6812/5852 5790/6723/5774
f 5868/6812/5852 5870/6814/5854 5772/6703/5757 5790/6723/5774
f 5802/6738/5784 5839/6781/5823 5859/6803/5844 5799/6734/5785
f 5814/6751/5800 5806/6743/5790 5809/6746/5793 5829/6768/5812
f 5865/6809/5849 5862/6806/5848 5870/6814/5854 5868/6812/5852
f 5847/6791/5831 5846/6790/5830 5849/6793/5833 5848/6792/5832
f 5821/6759/5805 5847/6791/5831 5836/6777/5820 5804/6741/5788
f 5847/6791/5831 5848/6792/5832 5837/6778/5821 5836/6777/5820
f 5872/6816/5855 5873/6817/5856 5874/6818/5857 5871/6815/5858
f 5797/6731/5781 5760/6688/5742 5759/6686/5745 5875/6819/5859
f 5759/6686/5745 5758/6685/5744 5770/6701/5754 5874/6818/5857
f 5875/6819/5859 5759/6686/5745 5874/6818/5857 5873/6817/5856
f 5871/6815/5858 5874/6818/5857 5770/6701/5754 5858/6802/5842
f 5876/6820/5860 5877/6821/5861 5878/6822/5862 5879/6823/5863
f 5880/6824/5864 5881/6825/5865 5783/6714/5766 5782/6713/5769
f 5882/6826/5866 5883/6827/5867 5884/6828/5868 5885/6829/5869
f 5879/6823/5863 5878/6822/5862 5784/6715/5767 5783/6714/5766
f 5886/6830/5870 5879/6823/5863 5783/6714/5766 5881/6825/5865
f 5864/6808/5846 5851/6795/5835 5854/6798/5838 5861/6805/5847
f 5853/6797/5837 5876/6820/5860 5879/6823/5863 5886/6830/5870
f 5888/6832/5871 5886/6830/5870 5881/6825/5865 5887/6831/5872
f 5842/6786/5827 5889/6833/5873 5890/6834/5874 5843/6787/5828
f 5869/6813/5853 5892/6836/5875 5891/6835/5876 5850/6794/5834
f 5889/6833/5873 5842/6786/5827 5893/6837/5877 5894/6838/5878
f 5845/6789/5829 5890/6834/5874 5869/6813/5853 5846/6790/5830
f 5890/6834/5874 5889/6833/5873 5892/6836/5875 5869/6813/5853
f 5878/6822/5862 5871/6815/5858 5858/6802/5842 5784/6715/5767
f 5889/6833/5873 5894/6838/5878 5895/6839/5879 5892/6836/5875
f 5892/6836/5875 5895/6839/5879 5896/6840/5880 5891/6835/5876
f 5894/6838/5878 5897/6841/5881 5856/6800/5840 5895/6839/5879
f 5852/6796/5836 5898/6842/5882 5876/6820/5860 5853/6797/5837
f 5899/6843/5883 5900/6845/5884 5898/6842/5882 5852/6796/5836
f 5900/6845/5884 5901/6848/5885 5902/6849/5886 5898/6842/5882
f 5891/6835/5876 5896/6840/5880 5903/6850/5887 5787/6718/5771
f 5905/6852/5888 5805/6742/5789 5780/6711/5764 5904/6851/5889
f 5791/6724/5777 5906/6853/5890 5907/6854/5891 5832/6772/5815
f 5883/6827/5867 5905/6852/5888 5904/6851/5889 5884/6828/5868
f 5908/6857/5892 5909/6858/5893 5905/6852/5888 5883/6827/5867
f 5909/6858/5893 5910/6860/5894 5805/6742/5789 5905/6852/5888
f 5798/6733/5782 5797/6731/5781 5875/6819/5859 5911/6862/5895
f 5912/6863/5896 5913/6864/5897 5914/6865/5898 5906/6853/5890
f 5915/6866/5899 5828/6767/5813 5901/6847/5885 5900/6846/5884
f 5914/6865/5898 5916/6867/5900 5909/6859/5893 5908/6856/5892
f 5794/6727/5776 5824/6763/5808 5917/6868/5901 5912/6863/5896
f 5913/6864/5897 5844/6788/5826 5916/6867/5900 5914/6865/5898
f 5844/6788/5826 5820/6758/5803 5819/6757/5804 5916/6867/5900
f 5842/6786/5827 5844/6788/5826 5913/6864/5897 5893/6837/5877
f 5903/6850/5887 5915/6866/5899 5900/6846/5884 5899/6844/5883
f 5896/6840/5880 5857/6801/5841 5915/6866/5899 5903/6850/5887
f 5857/6801/5841 5829/6768/5812 5828/6767/5813 5915/6866/5899
f 5906/6853/5890 5914/6865/5898 5908/6856/5892 5907/6854/5891
f 5895/6839/5879 5856/6800/5840 5857/6801/5841 5896/6840/5880
f 5894/6838/5878 5893/6837/5877 5917/6868/5901 5897/6841/5881
f 5830/6769/5816 5882/6826/5866 5885/6829/5869 5855/6799/5839
f 5834/6775/5818 5833/6774/5817 5835/6776/5819 5867/6811/5851
f 5855/6799/5839 5885/6829/5869 5782/6713/5769 5785/6716/5768
f 5884/6828/5868 5880/6824/5864 5782/6713/5769 5885/6829/5869
f 5774/6705/5759 5773/6704/5758 5887/6831/5872 5918/6869/5902
f 5784/6715/5767 5858/6802/5842 5771/6702/5755 5785/6716/5768
f 5897/6841/5881 5917/6868/5901 5824/6763/5808 5815/6752/5798
f 5828/6767/5813 5795/6728/5779 5798/6732/5782 5901/6847/5885
f 5901/6848/5885 5798/6733/5782 5911/6862/5895 5902/6849/5886
f 5911/6862/5895 5875/6819/5859 5873/6817/5856 5872/6816/5855
f 5902/6849/5886 5911/6862/5895 5872/6816/5855 5877/6821/5861
f 5877/6821/5861 5872/6816/5855 5871/6815/5858 5878/6822/5862
f 5897/6841/5881 5815/6752/5798 5814/6751/5800 5856/6800/5840
f 5832/6773/5815 5907/6855/5891 5882/6826/5866 5830/6769/5816
f 5907/6855/5891 5908/6857/5892 5883/6827/5867 5882/6826/5866
f 5794/6727/5776 5912/6863/5896 5906/6853/5890 5791/6724/5777
f 5820/6758/5803 5843/6787/5828 5822/6760/5806 5811/6748/5794
f 5835/6776/5819 5826/6765/5811 5768/6698/5752 5762/6692/5746
f 5822/6760/5806 5843/6787/5828 5890/6834/5874 5845/6789/5829
f 5819/6757/5804 5810/6747/5797 5823/6761/5807 5910/6861/5894
f 5910/6860/5894 5823/6762/5807 5776/6707/5760 5805/6742/5789
f 5854/6798/5838 5853/6797/5837 5886/6830/5870 5888/6832/5871
f 5919/6870/5903 5888/6832/5871 5887/6831/5872 5773/6704/5758
f 5861/6805/5847 5854/6798/5838 5888/6832/5871 5919/6870/5903
f 5789/6722/5773 5788/6719/5772 5851/6795/5835 5864/6808/5846
f 5788/6719/5772 5899/6843/5883 5852/6796/5836 5851/6795/5835
f 5870/6814/5854 5919/6870/5903 5773/6704/5758 5772/6703/5757
f 5918/6869/5902 5887/6831/5872 5881/6825/5865 5880/6824/5864
f 5893/6837/5877 5913/6864/5897 5912/6863/5896 5917/6868/5901
f 5850/6794/5834 5891/6835/5876 5787/6718/5771 5786/6717/5770
f 5898/6842/5882 5902/6849/5886 5877/6821/5861 5876/6820/5860
f 5884/6828/5868 5904/6851/5889 5918/6869/5902 5880/6824/5864
f 5862/6806/5848 5861/6805/5847 5919/6870/5903 5870/6814/5854
f 5816/6753/5799 5834/6775/5818 5807/6744/5791 5806/6743/5790
f 5867/6811/5851 5835/6776/5819 5762/6692/5746 5761/6690/5743
f 5804/6741/5788 5836/6777/5820 5839/6782/5823 5802/6739/5784
f 5780/6711/5764 5774/6705/5759 5918/6869/5902 5904/6851/5889
f 5916/6867/5900 5819/6757/5804 5910/6861/5894 5909/6859/5893
f 5787/6718/5771 5903/6850/5887 5899/6844/5883 5788/6720/5772
f 5800/6735/5786 5799/6734/5785 5790/6723/5774 5781/6712/5765
f 5768/6699/5752 5831/6771/5814 5764/6694/5749 5767/6697/5748
f 5923/6876/5904 5920/6871/5905 5921/6872/5906 5922/6875/5907
f 5920/6871/5905 5924/6877/5908 5925/6878/5909 5921/6872/5906
f 5928/6882/5910 5929/6883/5911 5926/6880/5912 5927/6881/5913
f 5924/6877/5908 5927/6881/5913 5930/6885/5914 5925/6878/5909
f 5931/6886/5915 5928/6882/5910 5927/6881/5913 5924/6877/5908
f 5932/6887/5916 5931/6886/5915 5924/6877/5908 5920/6871/5905
f 5933/6888/5917 5929/6883/5911 5928/6882/5910 5931/6886/5915
f 5936/6891/5918 5937/6892/5919 5934/6889/5920 5935/6890/5921
f 5939/6894/5922 5940/6895/5923 5941/6896/5924 5938/6893/5925
f 5942/6897/5926 5936/6891/5918 5935/6890/5921 5939/6894/5922
f 5939/6894/5922 5935/6890/5921 5943/6898/5927 5940/6895/5923
f 5944/6899/5928 5945/6900/5929 5946/6901/5930 5947/6902/5931
f 5949/6904/5932 5950/6907/5933 5951/6908/5934 5948/6903/5935
f 5935/6890/5921 5934/6889/5920 5952/6909/5936 5943/6898/5927
f 5956/6913/5937 5953/6910/5938 5954/6911/5939 5955/6912/5940
f 5958/6915/5941 5959/6917/5942 5960/6919/5943 5957/6914/5944
f 5964/6925/5945 5961/6920/5946 5962/6921/5947 5963/6924/5948
f 5963/6923/5948 5962/6922/5947 5965/6926/5949 5966/6927/5950
f 5942/6897/5926 5939/6894/5922 5938/6893/5925 5967/6928/5951
f 5969/6930/5952 5970/6931/5953 5971/6932/5954 5968/6929/5955
f 5972/6933/5956 5973/6934/5957 5974/6935/5958 5975/6936/5959
f 5978/6939/5960 5968/6929/5955 5976/6937/5961 5977/6938/5962
f 5979/6940/5963 5963/6923/5948 5966/6927/5950 5973/6934/5957
f 5973/6934/5957 5966/6927/5950 5980/6942/5964 5974/6935/5958
f 5982/6944/5965 5972/6933/5956 5975/6936/5959 5981/6943/5966
f 5966/6927/5950 5965/6926/5949 5983/6945/5967 5980/6942/5964
f 5980/6942/5964 5984/6946/5968 5975/6936/5959 5974/6935/5958
f 5985/6947/5969 5979/6940/5963 5973/6934/5957 5972/6933/5956
f 5976/6937/5961 5986/6949/5970 5987/6950/5971 5977/6938/5962
f 5989/6952/5972 5956/6913/5937 5955/6912/5940 5988/6951/5973
f 5986/6949/5970 5955/6912/5940 5954/6911/5939 5987/6950/5971
f 5991/6954/5974 5957/6914/5944 5969/6930/5952 5990/6953/5975
f 5938/6893/5925 5941/6896/5924 5979/6941/5963 5985/6948/5969
f 5926/6880/5912 5992/6955/5976 5993/6957/5977 5994/6959/5978
f 5995/6960/5979 5988/6951/5973 5955/6912/5940 5986/6949/5970
f 5996/6961/5980 5995/6960/5979 5986/6949/5970 5976/6937/5961
f 5997/6962/5981 5989/6952/5972 5988/6951/5973 5995/6960/5979
f 5999/6965/5982 6000/6966/5983 6001/6968/5984 5998/6963/5985
f 6003/6970/5986 5949/6904/5932 5948/6903/5935 6002/6969/5987
f 5981/6943/5966 6006/6974/5988 6004/6972/5989 6005/6973/5990
f 6008/6976/5991 6009/6977/5992 6007/6975/5993 5983/6945/5967
f 6000/6966/5983 6003/6970/5986 6002/6969/5987 6001/6968/5984
f 6001/6968/5984 6002/6969/5987 6011/6979/5994 6010/6978/5995
f 6002/6969/5987 5948/6903/5935 6012/6980/5996 6011/6979/5994
f 6014/6982/5997 6015/6983/5998 6016/6984/5999 6013/6981/6000
f 5933/6888/5917 5945/6900/5929 6017/6985/6001 5929/6883/5911
f 5994/6958/5978 5993/6956/5977 5953/6910/5938 5956/6913/5937
f 6019/6987/6002 5990/6953/5975 5978/6939/5960 6018/6986/6003
f 5930/6884/5914 5994/6958/5978 5956/6913/5937 5989/6952/5972
f 6020/6988/6004 5933/6888/5917 5931/6886/5915 5932/6887/5916
f 6021/6989/6005 6022/6990/6006 6000/6967/5983 5999/6964/5982
f 5929/6883/5911 6017/6985/6001 5992/6955/5976 5926/6880/5912
f 6026/6994/6007 6023/6991/6008 6024/6992/6009 6025/6993/6010
f 6027/6995/6011 6026/6994/6007 6025/6993/6010 6022/6990/6006
f 6025/6993/6010 6024/6992/6009 5949/6905/5932 6003/6971/5986
f 6022/6990/6006 6025/6993/6010 6003/6971/5986 6000/6967/5983
f 5957/6914/5944 5960/6919/5943 5970/6931/5953 5969/6930/5952
f 5940/6895/5923 5943/6898/5927 5964/6925/5945 5941/6896/5924
f 5983/6945/5967 6007/6975/5993 5984/6946/5968 5980/6942/5964
f 5941/6896/5924 5964/6925/5945 5963/6924/5948 5979/6941/5963
f 5960/6919/5943 6028/6996/6012 5971/6932/5954 5970/6931/5953
f 6028/6996/6012 6029/6997/6013 5996/6961/5980 5971/6932/5954
f 5922/6874/5907 5921/6873/5906 6029/6997/6013 6028/6996/6012
f 5959/6917/5942 5922/6874/5907 6028/6996/6012 5960/6919/5943
f 6030/6998/6014 6027/6995/6011 6022/6990/6006 6021/6989/6005
f 6011/6979/5994 6012/6980/5996 6031/6999/6015 6009/6977/5992
f 5952/6909/5936 6030/6998/6014 6021/6989/6005 5961/6920/5946
f 5952/6909/5936 5934/6889/5920 6032/7000/6016 6030/6998/6014
f 5961/6920/5946 6021/6989/6005 5999/6964/5982 5962/6921/5947
f 5990/6953/5975 5969/6930/5952 5968/6929/5955 5978/6939/5960
f 6030/6998/6014 6032/7000/6016 6026/6994/6007 6027/6995/6011
f 6010/6978/5995 6011/6979/5994 6009/6977/5992 6008/6976/5991
f 5965/6926/5949 5998/6963/5985 6008/6976/5991 5983/6945/5967
f 5998/6963/5985 6001/6968/5984 6010/6978/5995 6008/6976/5991
f 6033/7001/6017 6034/7002/6018 6035/7003/6019 6036/7004/6020
f 6037/7005/6021 5923/6876/5904 5922/6875/5907 5959/6918/5942
f 6034/7002/6018 5932/6887/5916 5920/6871/5905 5923/6876/5904
f 6035/7003/6019 6034/7002/6018 5923/6876/5904 6037/7005/6021
f 6020/6988/6004 5932/6887/5916 6034/7002/6018 6033/7001/6017
f 6039/7007/6022 6040/7008/6023 6041/7009/6024 6038/7006/6025
f 5944/6899/5928 5947/6902/5931 6042/7010/6026 6043/7011/6027
f 6045/7013/6028 6046/7014/6029 6047/7015/6030 6044/7012/6031
f 5947/6902/5931 5946/6901/5930 6040/7008/6023 6039/7007/6022
f 6042/7010/6026 5947/6902/5931 6039/7007/6022 6048/7016/6032
f 6023/6991/6008 6014/6982/5997 6013/6981/6000 6024/6992/6009
f 6048/7016/6032 6039/7007/6022 6038/7006/6025 6015/6983/5998
f 6049/7017/6033 6042/7010/6026 6048/7016/6032 6050/7018/6034
f 6006/6974/5988 6051/7019/6035 6052/7020/6036 6004/6972/5989
f 6012/6980/5996 6053/7021/6037 6054/7022/6038 6031/6999/6015
f 6055/7023/6039 6056/7024/6040 6004/6972/5989 6052/7020/6036
f 6009/6977/5992 6031/6999/6015 6051/7019/6035 6007/6975/5993
f 6031/6999/6015 6054/7022/6038 6052/7020/6036 6051/7019/6035
f 5946/6901/5930 6020/6988/6004 6033/7001/6017 6040/7008/6023
f 6054/7022/6038 6057/7025/6041 6055/7023/6039 6052/7020/6036
f 6053/7021/6037 6058/7026/6042 6057/7025/6041 6054/7022/6038
f 6057/7025/6041 6018/6986/6003 6059/7027/6043 6055/7023/6039
f 6015/6983/5998 6038/7006/6025 6060/7028/6044 6016/6984/5999
f 6016/6984/5999 6060/7028/6044 6061/7029/6045 6062/7031/6046
f 6060/7028/6044 6063/7033/6047 6064/7035/6048 6061/7029/6045
f 5951/6908/5934 6065/7036/6049 6058/7026/6042 6053/7021/6037
f 6067/7038/6050 5942/6897/5926 5967/6928/5951 6066/7037/6051
f 5993/6956/5977 6068/7039/6052 6069/7041/6053 5953/6910/5938
f 6046/7014/6029 6067/7038/6050 6066/7037/6051 6047/7015/6030
f 6047/7015/6030 6066/7037/6051 6070/7042/6054 6071/7045/6055
f 6066/7037/6051 5967/6928/5951 6072/7046/6056 6070/7042/6054
f 6073/7048/6057 6037/7005/6021 5959/6918/5942 5958/6916/5941
f 6069/7041/6053 6074/7049/6058 6075/7050/6059 6076/7051/6060
f 6061/7030/6045 6064/7034/6048 5991/6954/5974 6077/7052/6061
f 6071/7044/6055 6070/7043/6054 6078/7053/6062 6074/7049/6058
f 6076/7051/6060 6079/7054/6063 5987/6950/5971 5954/6911/5939
f 6074/7049/6058 6078/7053/6062 6005/6973/5990 6075/7050/6059
f 6078/7053/6062 5982/6944/5965 5981/6943/5966 6005/6973/5990
f 6056/7024/6040 6075/7050/6059 6005/6973/5990 6004/6972/5989
f 6062/7032/6046 6061/7030/6045 6077/7052/6061 6065/7036/6049
f 6065/7036/6049 6077/7052/6061 6019/6987/6002 6058/7026/6042
f 6077/7052/6061 5991/6954/5974 5990/6953/5975 6019/6987/6002
f 6068/7039/6052 6071/7044/6055 6074/7049/6058 6069/7041/6053
f 6058/7026/6042 6019/6987/6002 6018/6986/6003 6057/7025/6041
f 6059/7027/6043 6079/7054/6063 6056/7024/6040 6055/7023/6039
f 6017/6985/6001 6045/7013/6028 6044/7012/6031 5992/6955/5976
f 6029/6997/6013 5997/6962/5981 5995/6960/5979 5996/6961/5980
f 5945/6900/5929 5944/6899/5928 6045/7013/6028 6017/6985/6001
f 6045/7013/6028 5944/6899/5928 6043/7011/6027 6046/7014/6029
f 6080/7055/6064 6049/7017/6033 5937/6892/5919 5936/6891/5918
f 5945/6900/5929 5933/6888/5917 6020/6988/6004 5946/6901/5930
f 5977/6938/5962 5987/6950/5971 6079/7054/6063 6059/7027/6043
f 6064/7034/6048 5958/6915/5941 5957/6914/5944 5991/6954/5974
f 6063/7033/6047 6073/7048/6057 5958/6916/5941 6064/7035/6048
f 6036/7004/6020 6035/7003/6019 6037/7005/6021 6073/7048/6057
f 6041/7009/6024 6036/7004/6020 6073/7048/6057 6063/7033/6047
f 6040/7008/6023 6033/7001/6017 6036/7004/6020 6041/7009/6024
f 6018/6986/6003 5978/6939/5960 5977/6938/5962 6059/7027/6043
f 5992/6955/5976 6044/7012/6031 6068/7040/6052 5993/6957/5977
f 6044/7012/6031 6047/7015/6030 6071/7045/6055 6068/7040/6052
f 5953/6910/5938 6069/7041/6053 6076/7051/6060 5954/6911/5939
f 5975/6936/5959 5984/6946/5968 6006/6974/5988 5981/6943/5966
f 5925/6879/5909 5930/6884/5914 5989/6952/5972 5997/6962/5981
f 6007/6975/5993 6051/7019/6035 6006/6974/5988 5984/6946/5968
f 6072/7047/6056 5985/6947/5969 5972/6933/5956 5982/6944/5965
f 5967/6928/5951 5938/6893/5925 5985/6948/5969 6072/7046/6056
f 6050/7018/6034 6048/7016/6032 6015/6983/5998 6014/6982/5997
f 5937/6892/5919 6049/7017/6033 6050/7018/6034 6081/7056/6065
f 6081/7056/6065 6050/7018/6034 6014/6982/5997 6023/6991/6008
f 6024/6992/6009 6013/6981/6000 5950/6906/5933 5949/6905/5932
f 6013/6981/6000 6016/6984/5999 6062/7031/6046 5950/6906/5933
f 5934/6889/5920 5937/6892/5919 6081/7056/6065 6032/7000/6016
f 6043/7011/6027 6042/7010/6026 6049/7017/6033 6080/7055/6064
f 6079/7054/6063 6076/7051/6060 6075/7050/6059 6056/7024/6040
f 5948/6903/5935 5951/6908/5934 6053/7021/6037 6012/6980/5996
f 6038/7006/6025 6041/7009/6024 6063/7033/6047 6060/7028/6044
f 6043/7011/6027 6080/7055/6064 6067/7038/6050 6046/7014/6029
f 6032/7000/6016 6081/7056/6065 6023/6991/6008 6026/6994/6007
f 5968/6929/5955 5971/6932/5954 5996/6961/5980 5976/6937/5961
f 5921/6873/5906 5925/6879/5909 5997/6962/5981 6029/6997/6013
f 5962/6922/5947 5999/6965/5982 5998/6963/5985 5965/6926/5949
f 6067/7038/6050 6080/7055/6064 5936/6891/5918 5942/6897/5926
f 6070/7043/6054 6072/7047/6056 5982/6944/5965 6078/7053/6062
f 5950/6907/5933 6062/7032/6046 6065/7036/6049 5951/6908/5934
f 5943/6898/5927 5952/6909/5936 5961/6920/5946 5964/6925/5945
f 5927/6881/5913 5926/6880/5912 5994/6959/5978 5930/6885/5914
f 6084/7060/6066 6085/7061/6067 6082/7057/6068 6083/7058/6069
f 6085/7061/6067 6086/7063/6070 6087/7065/6071 6082/7057/6068
f 6091/7069/6072 6088/7066/6073 6089/7067/6074 6090/7068/6075
f 6086/7063/6070 6092/7071/6076 6091/7069/6072 6087/7065/6071
f 6087/7065/6071 6091/7069/6072 6090/7068/6075 6093/7072/6077
f 6082/7057/6068 6087/7065/6071 6093/7072/6077 6094/7073/6078
f 6093/7072/6077 6090/7068/6075 6089/7067/6074 6095/7074/6079
f 6099/7078/6080 6096/7075/6081 6097/7076/6082 6098/7077/6083
f 6100/7079/6084 6101/7080/6085 6102/7081/6086 6103/7082/6087
f 6103/7082/6087 6099/7078/6080 6098/7077/6083 6104/7083/6088
f 6102/7081/6086 6105/7084/6089 6099/7078/6080 6103/7082/6087
f 6107/7086/6090 6108/7087/6091 6109/7088/6092 6106/7085/6093
f 6110/7089/6094 6111/7090/6095 6112/7092/6096 6113/7093/6097
f 6105/7084/6089 6114/7095/6098 6096/7075/6081 6099/7078/6080
f 6115/7096/6099 6116/7097/6100 6114/7095/6098 6105/7084/6089
f 6119/7100/6101 6120/7101/6102 6117/7098/6103 6118/7099/6104
f 6121/7102/6105 6122/7103/6106 6123/7104/6107 6124/7106/6108
f 6125/7109/6109 6126/7110/6110 6116/7097/6100 6115/7096/6099
f 6127/7112/6111 6128/7113/6112 6126/7111/6110 6125/7108/6109
f 6129/7114/6113 6100/7079/6084 6103/7082/6087 6104/7083/6088
f 6130/7115/6114 6131/7116/6115 6132/7117/6116 6133/7118/6117
f 6135/7120/6118 6136/7121/6119 6137/7122/6120 6134/7119/6121
f 6139/7124/6122 6140/7125/6123 6130/7115/6114 6138/7123/6124
f 6137/7122/6120 6127/7112/6111 6125/7108/6109 6141/7126/6125
f 6136/7121/6119 6142/7128/6126 6127/7112/6111 6137/7122/6120
f 6144/7130/6127 6135/7120/6118 6134/7119/6121 6143/7129/6128
f 6142/7128/6126 6145/7131/6129 6128/7113/6112 6127/7112/6111
f 6135/7120/6118 6146/7132/6130 6142/7128/6126 6136/7121/6119
f 6134/7119/6121 6137/7122/6120 6141/7126/6125 6147/7133/6131
f 6139/7124/6122 6148/7135/6132 6149/7136/6133 6140/7125/6123
f 6151/7138/6134 6119/7100/6101 6118/7099/6104 6150/7137/6135
f 6149/7136/6133 6148/7135/6132 6120/7101/6102 6119/7100/6101
f 6153/7140/6136 6133/7118/6117 6121/7102/6105 6152/7139/6137
f 6147/7134/6131 6141/7127/6125 6101/7080/6085 6100/7079/6084
f 6155/7143/6138 6156/7145/6139 6154/7141/6140 6088/7066/6073
f 6149/7136/6133 6119/7100/6101 6151/7138/6134 6157/7146/6141
f 6140/7125/6123 6149/7136/6133 6157/7146/6141 6158/7147/6142
f 6157/7146/6141 6151/7138/6134 6150/7137/6135 6159/7148/6143
f 6160/7149/6144 6161/7150/6145 6162/7151/6146 6163/7154/6147
f 6089/7067/6074 6164/7155/6148 6109/7088/6092 6095/7074/6079
f 6166/7158/6149 6110/7089/6094 6113/7093/6097 6165/7156/6150
f 6167/7159/6151 6168/7160/6152 6144/7130/6127 6169/7161/6153
f 6170/7162/6154 6171/7163/6155 6172/7164/6156 6145/7131/6129
f 6161/7150/6145 6166/7158/6149 6165/7156/6150 6162/7151/6146
f 6173/7165/6157 6174/7166/6158 6166/7158/6149 6161/7150/6145
f 6174/7166/6158 6175/7167/6159 6110/7089/6094 6166/7158/6149
f 6176/7168/6160 6177/7169/6161 6178/7170/6162 6179/7171/6163
f 6118/7099/6104 6117/7098/6103 6156/7144/6139 6155/7142/6138
f 6180/7172/6164 6138/7123/6124 6153/7140/6136 6181/7173/6165
f 6150/7137/6135 6118/7099/6104 6155/7142/6138 6092/7070/6076
f 6094/7073/6078 6093/7072/6077 6095/7074/6079 6182/7174/6166
f 6163/7153/6147 6162/7152/6146 6184/7176/6167 6183/7175/6168
f 6088/7066/6073 6154/7141/6140 6164/7155/6148 6089/7067/6074
f 6187/7179/6169 6188/7180/6170 6185/7177/6171 6186/7178/6172
f 6184/7176/6167 6187/7179/6169 6186/7178/6172 6189/7181/6173
f 6165/7157/6150 6113/7094/6097 6188/7180/6170 6187/7179/6169
f 6162/7152/6146 6165/7157/6150 6187/7179/6169 6184/7176/6167
f 6133/7118/6117 6132/7117/6116 6122/7103/6106 6121/7102/6105
f 6101/7080/6085 6115/7096/6099 6105/7084/6089 6102/7081/6086
f 6146/7132/6130 6170/7162/6154 6145/7131/6129 6142/7128/6126
f 6141/7127/6125 6125/7109/6109 6115/7096/6099 6101/7080/6085
f 6132/7117/6116 6131/7116/6115 6190/7182/6174 6122/7103/6106
f 6131/7116/6115 6158/7147/6142 6191/7183/6175 6190/7182/6174
f 6190/7182/6174 6191/7183/6175 6085/7062/6067 6084/7059/6066
f 6122/7103/6106 6190/7182/6174 6084/7059/6066 6123/7104/6107
f 6183/7175/6168 6184/7176/6167 6189/7181/6173 6192/7184/6176
f 6171/7163/6155 6193/7185/6177 6175/7167/6159 6174/7166/6158
f 6116/7097/6100 6183/7175/6168 6192/7184/6176 6114/7095/6098
f 6192/7184/6176 6194/7186/6178 6096/7075/6081 6114/7095/6098
f 6126/7110/6110 6163/7153/6147 6183/7175/6168 6116/7097/6100
f 6138/7123/6124 6130/7115/6114 6133/7118/6117 6153/7140/6136
f 6189/7181/6173 6186/7178/6172 6194/7186/6178 6192/7184/6176
f 6172/7164/6156 6171/7163/6155 6174/7166/6158 6173/7165/6157
f 6145/7131/6129 6172/7164/6156 6160/7149/6144 6128/7113/6112
f 6172/7164/6156 6173/7165/6157 6161/7150/6145 6160/7149/6144
f 6196/7188/6179 6197/7189/6180 6198/7190/6181 6195/7187/6182
f 6123/7105/6107 6084/7060/6066 6083/7058/6069 6199/7191/6183
f 6083/7058/6069 6082/7057/6068 6094/7073/6078 6198/7190/6181
f 6199/7191/6183 6083/7058/6069 6198/7190/6181 6197/7189/6180
f 6195/7187/6182 6198/7190/6181 6094/7073/6078 6182/7174/6166
f 6200/7192/6184 6201/7193/6185 6202/7194/6186 6203/7195/6187
f 6204/7196/6188 6205/7197/6189 6107/7086/6090 6106/7085/6093
f 6206/7198/6190 6207/7199/6191 6208/7200/6192 6209/7201/6193
f 6203/7195/6187 6202/7194/6186 6108/7087/6091 6107/7086/6090
f 6210/7202/6194 6203/7195/6187 6107/7086/6090 6205/7197/6189
f 6188/7180/6170 6176/7168/6160 6179/7171/6163 6185/7177/6171
f 6178/7170/6162 6200/7192/6184 6203/7195/6187 6210/7202/6194
f 6212/7204/6195 6210/7202/6194 6205/7197/6189 6211/7203/6196
f 6168/7160/6152 6167/7159/6151 6213/7205/6197 6214/7206/6198
f 6193/7185/6177 6216/7208/6199 6215/7207/6200 6175/7167/6159
f 6213/7205/6197 6167/7159/6151 6217/7209/6201 6218/7210/6202
f 6170/7162/6154 6214/7206/6198 6193/7185/6177 6171/7163/6155
f 6214/7206/6198 6213/7205/6197 6216/7208/6199 6193/7185/6177
f 6202/7194/6186 6195/7187/6182 6182/7174/6166 6108/7087/6091
f 6213/7205/6197 6218/7210/6202 6219/7211/6203 6216/7208/6199
f 6216/7208/6199 6219/7211/6203 6220/7212/6204 6215/7207/6200
f 6219/7211/6203 6218/7210/6202 6221/7213/6205 6180/7172/6164
f 6177/7169/6161 6222/7214/6206 6200/7192/6184 6178/7170/6162
f 6223/7215/6207 6224/7217/6208 6222/7214/6206 6177/7169/6161
f 6224/7217/6208 6225/7220/6209 6226/7221/6210 6222/7214/6206
f 6215/7207/6200 6220/7212/6204 6227/7222/6211 6111/7090/6095
f 6229/7224/6212 6129/7114/6113 6104/7083/6088 6228/7223/6213
f 6117/7098/6103 6230/7225/6214 6231/7226/6215 6156/7144/6139
f 6207/7199/6191 6229/7224/6212 6228/7223/6213 6208/7200/6192
f 6232/7229/6216 6233/7230/6217 6229/7224/6212 6207/7199/6191
f 6233/7230/6217 6234/7232/6218 6129/7114/6113 6229/7224/6212
f 6124/7107/6108 6123/7105/6107 6199/7191/6183 6235/7234/6219
f 6236/7235/6220 6237/7236/6221 6238/7237/6222 6230/7225/6214
f 6239/7238/6223 6152/7139/6137 6225/7219/6209 6224/7218/6208
f 6238/7237/6222 6240/7239/6224 6233/7231/6217 6232/7228/6216
f 6241/7240/6225 6236/7235/6220 6120/7101/6102 6148/7135/6132
f 6237/7236/6221 6169/7161/6153 6240/7239/6224 6238/7237/6222
f 6169/7161/6153 6144/7130/6127 6143/7129/6128 6240/7239/6224
f 6167/7159/6151 6169/7161/6153 6237/7236/6221 6217/7209/6201
f 6227/7222/6211 6239/7238/6223 6224/7218/6208 6223/7216/6207
f 6220/7212/6204 6181/7173/6165 6239/7238/6223 6227/7222/6211
f 6181/7173/6165 6153/7140/6136 6152/7139/6137 6239/7238/6223
f 6230/7225/6214 6238/7237/6222 6232/7228/6216 6231/7226/6215
f 6219/7211/6203 6180/7172/6164 6181/7173/6165 6220/7212/6204
f 6218/7210/6202 6217/7209/6201 6241/7240/6225 6221/7213/6205
f 6154/7141/6140 6206/7198/6190 6209/7201/6193 6164/7155/6148
f 6158/7147/6142 6157/7146/6141 6159/7148/6143 6191/7183/6175
f 6164/7155/6148 6209/7201/6193 6106/7085/6093 6109/7088/6092
f 6208/7200/6192 6204/7196/6188 6106/7085/6093 6209/7201/6193
f 6098/7077/6083 6097/7076/6082 6211/7203/6196 6242/7241/6226
f 6182/7174/6166 6095/7074/6079 6109/7088/6092 6108/7087/6091
f 6221/7213/6205 6241/7240/6225 6148/7135/6132 6139/7124/6122
f 6152/7139/6137 6121/7102/6105 6124/7106/6108 6225/7219/6209
f 6225/7220/6209 6124/7107/6108 6235/7234/6219 6226/7221/6210
f 6235/7234/6219 6199/7191/6183 6197/7189/6180 6196/7188/6179
f 6226/7221/6210 6235/7234/6219 6196/7188/6179 6201/7193/6185
f 6201/7193/6185 6196/7188/6179 6195/7187/6182 6202/7194/6186
f 6221/7213/6205 6139/7124/6122 6138/7123/6124 6180/7172/6164
f 6156/7145/6139 6231/7227/6215 6206/7198/6190 6154/7141/6140
f 6231/7227/6215 6232/7229/6216 6207/7199/6191 6206/7198/6190
f 6236/7235/6220 6230/7225/6214 6117/7098/6103 6120/7101/6102
f 6144/7130/6127 6168/7160/6152 6146/7132/6130 6135/7120/6118
f 6159/7148/6143 6150/7137/6135 6092/7070/6076 6086/7064/6070
f 6168/7160/6152 6214/7206/6198 6170/7162/6154 6146/7132/6130
f 6143/7129/6128 6134/7119/6121 6147/7133/6131 6234/7233/6218
f 6234/7232/6218 6147/7134/6131 6100/7079/6084 6129/7114/6113
f 6179/7171/6163 6178/7170/6162 6210/7202/6194 6212/7204/6195
f 6092/7071/6076 6155/7143/6138 6088/7066/6073 6091/7069/6072
f 6243/7242/6227 6212/7204/6195 6211/7203/6196 6097/7076/6082
f 6185/7177/6171 6179/7171/6163 6212/7204/6195 6243/7242/6227
f 6113/7094/6097 6112/7091/6096 6176/7168/6160 6188/7180/6170
f 6112/7091/6096 6223/7215/6207 6177/7169/6161 6176/7168/6160
f 6242/7241/6226 6211/7203/6196 6205/7197/6189 6204/7196/6188
f 6217/7209/6201 6237/7236/6221 6236/7235/6220 6241/7240/6225
f 6175/7167/6159 6215/7207/6200 6111/7090/6095 6110/7089/6094
f 6222/7214/6206 6226/7221/6210 6201/7193/6185 6200/7192/6184
f 6194/7186/6178 6243/7242/6227 6097/7076/6082 6096/7075/6081
f 6111/7090/6095 6227/7222/6211 6223/7216/6207 6112/7092/6096
f 6130/7115/6114 6140/7125/6123 6158/7147/6142 6131/7116/6115
f 6208/7200/6192 6228/7223/6213 6242/7241/6226 6204/7196/6188
f 6186/7178/6172 6185/7177/6171 6243/7242/6227 6194/7186/6178
f 6191/7183/6175 6159/7148/6143 6086/7064/6070 6085/7062/6067
f 6128/7113/6112 6160/7149/6144 6163/7154/6147 6126/7111/6110
f 6104/7083/6088 6098/7077/6083 6242/7241/6226 6228/7223/6213
f 6240/7239/6224 6143/7129/6128 6234/7233/6218 6233/7231/6217
f 6247/7248/6228 6244/7243/6229 6245/7244/6230 6246/7247/6231
f 6244/7243/6229 6248/7249/6232 6249/7250/6233 6245/7244/6230
f 6252/7254/6234 6253/7255/6235 6250/7252/6236 6251/7253/6237
f 6248/7249/6232 6251/7253/6237 6254/7257/6238 6249/7250/6233
f 6255/7258/6239 6252/7254/6234 6251/7253/6237 6248/7249/6232
f 6256/7259/6240 6255/7258/6239 6248/7249/6232 6244/7243/6229
f 6257/7260/6241 6253/7255/6235 6252/7254/6234 6255/7258/6239
f 6260/7263/6242 6261/7264/6243 6258/7261/6244 6259/7262/6245
f 6263/7266/6246 6264/7267/6247 6265/7268/6248 6262/7265/6249
f 6266/7269/6250 6260/7263/6242 6259/7262/6245 6263/7266/6246
f 6263/7266/6246 6259/7262/6245 6267/7270/6251 6264/7267/6247
f 6268/7271/6252 6269/7272/6253 6270/7273/6254 6271/7274/6255
f 6273/7276/6256 6274/7279/6257 6275/7280/6258 6272/7275/6259
f 6259/7262/6245 6258/7261/6244 6276/7281/6260 6267/7270/6251
f 6267/7270/6251 6276/7281/6260 6278/7283/6261 6277/7282/6262
f 6282/7287/6263 6279/7284/6264 6280/7285/6265 6281/7286/6266
f 6284/7289/6267 6285/7291/6268 6286/7293/6269 6283/7288/6270
f 6277/7282/6262 6278/7283/6261 6287/7294/6271 6288/7297/6272
f 6288/7296/6272 6287/7295/6271 6289/7298/6273 6290/7299/6274
f 6266/7269/6250 6263/7266/6246 6262/7265/6249 6291/7300/6275
f 6293/7302/6276 6294/7303/6277 6295/7304/6278 6292/7301/6279
f 6296/7305/6280 6297/7306/6281 6298/7307/6282 6299/7308/6283
f 6302/7311/6284 6292/7301/6279 6300/7309/6285 6301/7310/6286
f 6303/7312/6287 6288/7296/6272 6290/7299/6274 6297/7306/6281
f 6297/7306/6281 6290/7299/6274 6304/7314/6288 6298/7307/6282
f 6306/7316/6289 6296/7305/6280 6299/7308/6283 6305/7315/6290
f 6290/7299/6274 6289/7298/6273 6307/7317/6291 6304/7314/6288
f 6298/7307/6282 6304/7314/6288 6308/7318/6292 6299/7308/6283
f 6309/7319/6293 6303/7312/6287 6297/7306/6281 6296/7305/6280
f 6300/7309/6285 6310/7321/6294 6311/7322/6295 6301/7310/6286
f 6313/7324/6296 6282/7287/6263 6281/7286/6266 6312/7323/6297
f 6281/7286/6266 6280/7285/6265 6311/7322/6295 6310/7321/6294
f 6315/7326/6298 6283/7288/6270 6293/7302/6276 6314/7325/6299
f 6262/7265/6249 6265/7268/6248 6303/7313/6287 6309/7320/6293
f 6250/7252/6236 6316/7327/6300 6317/7329/6301 6318/7331/6302
f 6319/7332/6303 6312/7323/6297 6281/7286/6266 6310/7321/6294
f 6320/7333/6304 6319/7332/6303 6310/7321/6294 6300/7309/6285
f 6321/7334/6305 6313/7324/6296 6312/7323/6297 6319/7332/6303
f 6323/7337/6306 6324/7338/6307 6325/7340/6308 6322/7335/6309
f 6257/7260/6241 6269/7272/6253 6326/7341/6310 6253/7255/6235
f 6328/7343/6311 6273/7276/6256 6272/7275/6259 6327/7342/6312
f 6330/7346/6313 6305/7315/6290 6331/7347/6314 6329/7345/6315
f 6307/7317/6291 6333/7349/6316 6334/7350/6317 6332/7348/6318
f 6324/7338/6307 6328/7343/6311 6327/7342/6312 6325/7340/6308
f 6325/7340/6308 6327/7342/6312 6336/7352/6319 6335/7351/6320
f 6327/7342/6312 6272/7275/6259 6337/7353/6321 6336/7352/6319
f 6339/7355/6322 6340/7356/6323 6341/7357/6324 6338/7354/6325
f 6318/7330/6302 6317/7328/6301 6279/7284/6264 6282/7287/6263
f 6343/7359/6326 6314/7325/6299 6302/7311/6284 6342/7358/6327
f 6254/7256/6238 6318/7330/6302 6282/7287/6263 6313/7324/6296
f 6344/7360/6328 6257/7260/6241 6255/7258/6239 6256/7259/6240
f 6345/7361/6329 6346/7362/6330 6324/7339/6307 6323/7336/6306
f 6253/7255/6235 6326/7341/6310 6316/7327/6300 6250/7252/6236
f 6350/7366/6331 6347/7363/6332 6348/7364/6333 6349/7365/6334
f 6351/7367/6335 6350/7366/6331 6349/7365/6334 6346/7362/6330
f 6349/7365/6334 6348/7364/6333 6273/7277/6256 6328/7344/6311
f 6346/7362/6330 6349/7365/6334 6328/7344/6311 6324/7339/6307
f 6283/7288/6270 6286/7293/6269 6294/7303/6277 6293/7302/6276
f 6264/7267/6247 6267/7270/6251 6277/7282/6262 6265/7268/6248
f 6304/7314/6288 6307/7317/6291 6332/7348/6318 6308/7318/6292
f 6265/7268/6248 6277/7282/6262 6288/7297/6272 6303/7313/6287
f 6286/7293/6269 6352/7368/6336 6295/7304/6278 6294/7303/6277
f 6352/7368/6336 6353/7369/6337 6320/7333/6304 6295/7304/6278
f 6246/7246/6231 6245/7245/6230 6353/7369/6337 6352/7368/6336
f 6285/7291/6268 6246/7246/6231 6352/7368/6336 6286/7293/6269
f 6354/7370/6338 6351/7367/6335 6346/7362/6330 6345/7361/6329
f 6336/7352/6319 6337/7353/6321 6355/7371/6339 6334/7350/6317
f 6276/7281/6260 6354/7370/6338 6345/7361/6329 6278/7283/6261
f 6276/7281/6260 6258/7261/6244 6356/7372/6340 6354/7370/6338
f 6278/7283/6261 6345/7361/6329 6323/7336/6306 6287/7294/6271
f 6314/7325/6299 6293/7302/6276 6292/7301/6279 6302/7311/6284
f 6354/7370/6338 6356/7372/6340 6350/7366/6331 6351/7367/6335
f 6335/7351/6320 6336/7352/6319 6334/7350/6317 6333/7349/6316
f 6289/7298/6273 6322/7335/6309 6333/7349/6316 6307/7317/6291
f 6322/7335/6309 6325/7340/6308 6335/7351/6320 6333/7349/6316
f 6357/7373/6341 6358/7374/6342 6359/7375/6343 6360/7376/6344
f 6361/7377/6345 6247/7248/6228 6246/7247/6231 6285/7292/6268
f 6358/7374/6342 6256/7259/6240 6244/7243/6229 6247/7248/6228
f 6359/7375/6343 6358/7374/6342 6247/7248/6228 6361/7377/6345
f 6344/7360/6328 6256/7259/6240 6358/7374/6342 6357/7373/6341
f 6363/7379/6346 6364/7380/6347 6365/7381/6348 6362/7378/6349
f 6268/7271/6252 6271/7274/6255 6366/7382/6350 6367/7383/6351
f 6369/7385/6352 6370/7386/6353 6371/7387/6354 6368/7384/6355
f 6271/7274/6255 6270/7273/6254 6364/7380/6347 6363/7379/6346
f 6366/7382/6350 6271/7274/6255 6363/7379/6346 6372/7388/6356
f 6347/7363/6332 6339/7355/6322 6338/7354/6325 6348/7364/6333
f 6372/7388/6356 6363/7379/6346 6362/7378/6349 6340/7356/6323
f 6373/7389/6357 6366/7382/6350 6372/7388/6356 6374/7390/6358
f 6375/7391/6359 6376/7392/6360 6329/7345/6315 6331/7347/6314
f 6337/7353/6321 6377/7393/6361 6378/7394/6362 6355/7371/6339
f 6379/7395/6363 6380/7396/6364 6329/7345/6315 6376/7392/6360
f 6334/7350/6317 6355/7371/6339 6375/7391/6359 6332/7348/6318
f 6355/7371/6339 6378/7394/6362 6376/7392/6360 6375/7391/6359
f 6270/7273/6254 6344/7360/6328 6357/7373/6341 6364/7380/6347
f 6378/7394/6362 6381/7397/6365 6379/7395/6363 6376/7392/6360
f 6377/7393/6361 6382/7398/6366 6381/7397/6365 6378/7394/6362
f 6342/7358/6327 6383/7399/6367 6379/7395/6363 6381/7397/6365
f 6340/7356/6323 6362/7378/6349 6384/7400/6368 6341/7357/6324
f 6341/7357/6324 6384/7400/6368 6385/7401/6369 6386/7403/6370
f 6384/7400/6368 6387/7405/6371 6388/7407/6372 6385/7401/6369
f 6275/7280/6258 6389/7408/6373 6382/7398/6366 6377/7393/6361
f 6391/7410/6374 6266/7269/6250 6291/7300/6275 6390/7409/6375
f 6317/7328/6301 6392/7411/6376 6393/7413/6377 6279/7284/6264
f 6370/7386/6353 6391/7410/6374 6390/7409/6375 6371/7387/6354
f 6371/7387/6354 6390/7409/6375 6394/7414/6378 6395/7417/6379
f 6390/7409/6375 6291/7300/6275 6396/7418/6380 6394/7414/6378
f 6397/7420/6381 6361/7377/6345 6285/7292/6268 6284/7290/6267
f 6393/7413/6377 6398/7421/6382 6399/7422/6383 6400/7423/6384
f 6385/7402/6369 6388/7406/6372 6315/7326/6298 6401/7424/6385
f 6395/7416/6379 6394/7415/6378 6402/7425/6386 6398/7421/6382
f 6311/7322/6295 6280/7285/6265 6400/7423/6384 6403/7426/6387
f 6398/7421/6382 6402/7425/6386 6330/7346/6313 6399/7422/6383
f 6402/7425/6386 6306/7316/6289 6305/7315/6290 6330/7346/6313
f 6380/7396/6364 6399/7422/6383 6330/7346/6313 6329/7345/6315
f 6386/7404/6370 6385/7402/6369 6401/7424/6385 6389/7408/6373
f 6389/7408/6373 6401/7424/6385 6343/7359/6326 6382/7398/6366
f 6401/7424/6385 6315/7326/6298 6314/7325/6299 6343/7359/6326
f 6392/7411/6376 6395/7416/6379 6398/7421/6382 6393/7413/6377
f 6382/7398/6366 6343/7359/6326 6342/7358/6327 6381/7397/6365
f 6383/7399/6367 6403/7426/6387 6380/7396/6364 6379/7395/6363
f 6326/7341/6310 6369/7385/6352 6368/7384/6355 6316/7327/6300
f 6353/7369/6337 6321/7334/6305 6319/7332/6303 6320/7333/6304
f 6269/7272/6253 6268/7271/6252 6369/7385/6352 6326/7341/6310
f 6369/7385/6352 6268/7271/6252 6367/7383/6351 6370/7386/6353
f 6404/7427/6388 6373/7389/6357 6261/7264/6243 6260/7263/6242
f 6270/7273/6254 6269/7272/6253 6257/7260/6241 6344/7360/6328
f 6301/7310/6286 6311/7322/6295 6403/7426/6387 6383/7399/6367
f 6388/7406/6372 6284/7289/6267 6283/7288/6270 6315/7326/6298
f 6387/7405/6371 6397/7420/6381 6284/7290/6267 6388/7407/6372
f 6360/7376/6344 6359/7375/6343 6361/7377/6345 6397/7420/6381
f 6365/7381/6348 6360/7376/6344 6397/7420/6381 6387/7405/6371
f 6364/7380/6347 6357/7373/6341 6360/7376/6344 6365/7381/6348
f 6342/7358/6327 6302/7311/6284 6301/7310/6286 6383/7399/6367
f 6316/7327/6300 6368/7384/6355 6392/7412/6376 6317/7329/6301
f 6368/7384/6355 6371/7387/6354 6395/7417/6379 6392/7412/6376
f 6280/7285/6265 6279/7284/6264 6393/7413/6377 6400/7423/6384
f 6299/7308/6283 6308/7318/6292 6331/7347/6314 6305/7315/6290
f 6249/7251/6233 6254/7256/6238 6313/7324/6296 6321/7334/6305
f 6308/7318/6292 6332/7348/6318 6375/7391/6359 6331/7347/6314
f 6396/7419/6380 6309/7319/6293 6296/7305/6280 6306/7316/6289
f 6291/7300/6275 6262/7265/6249 6309/7320/6293 6396/7418/6380
f 6374/7390/6358 6372/7388/6356 6340/7356/6323 6339/7355/6322
f 6251/7253/6237 6250/7252/6236 6318/7331/6302 6254/7257/6238
f 6261/7264/6243 6373/7389/6357 6374/7390/6358 6405/7428/6389
f 6405/7428/6389 6374/7390/6358 6339/7355/6322 6347/7363/6332
f 6348/7364/6333 6338/7354/6325 6274/7278/6257 6273/7277/6256
f 6338/7354/6325 6341/7357/6324 6386/7403/6370 6274/7278/6257
f 6367/7383/6351 6366/7382/6350 6373/7389/6357 6404/7427/6388
f 6403/7426/6387 6400/7423/6384 6399/7422/6383 6380/7396/6364
f 6272/7275/6259 6275/7280/6258 6377/7393/6361 6337/7353/6321
f 6362/7378/6349 6365/7381/6348 6387/7405/6371 6384/7400/6368
f 6258/7261/6244 6261/7264/6243 6405/7428/6389 6356/7372/6340
f 6274/7279/6257 6386/7404/6370 6389/7408/6373 6275/7280/6258
f 6295/7304/6278 6320/7333/6304 6300/7309/6285 6292/7301/6279
f 6367/7383/6351 6404/7427/6388 6391/7410/6374 6370/7386/6353
f 6356/7372/6340 6405/7428/6389 6347/7363/6332 6350/7366/6331
f 6245/7245/6230 6249/7251/6233 6321/7334/6305 6353/7369/6337
f 6287/7295/6271 6323/7337/6306 6322/7335/6309 6289/7298/6273
f 6391/7410/6374 6404/7427/6388 6260/7263/6242 6266/7269/6250
f 6394/7415/6378 6396/7419/6380 6306/7316/6289 6402/7425/6386
f 6408/7432/6390 6409/7433/6391 6406/7429/6392 6407/7430/6393
f 6409/7433/6391 6410/7435/6394 6411/7437/6395 6406/7429/6392
f 6415/7441/6396 6412/7438/6397 6413/7439/6398 6414/7440/6399
f 6410/7435/6394 6416/7443/6400 6415/7441/6396 6411/7437/6395
f 6411/7437/6395 6415/7441/6396 6414/7440/6399 6417/7444/6401
f 6406/7429/6392 6411/7437/6395 6417/7444/6401 6418/7445/6402
f 6417/7444/6401 6414/7440/6399 6413/7439/6398 6419/7446/6403
f 6423/7450/6404 6420/7447/6405 6421/7448/6406 6422/7449/6407
f 6424/7451/6408 6425/7452/6409 6426/7453/6410 6427/7454/6411
f 6427/7454/6411 6423/7450/6404 6422/7449/6407 6428/7455/6412
f 6426/7453/6410 6429/7456/6413 6423/7450/6404 6427/7454/6411
f 6432/7459/6414 6433/7460/6415 6430/7457/6416 6431/7458/6417
f 6434/7461/6418 6435/7462/6419 6436/7464/6420 6437/7465/6421
f 6429/7456/6413 6438/7467/6422 6420/7447/6405 6423/7450/6404
f 6441/7470/6423 6442/7471/6424 6439/7468/6425 6440/7469/6426
f 6443/7472/6427 6444/7473/6428 6445/7474/6429 6446/7476/6430
f 6449/7481/6431 6450/7482/6432 6447/7478/6433 6448/7479/6434
f 6451/7484/6435 6452/7485/6436 6450/7483/6432 6449/7480/6431
f 6453/7486/6437 6424/7451/6408 6427/7454/6411 6428/7455/6412
f 6454/7487/6438 6455/7488/6439 6456/7489/6440 6457/7490/6441
f 6459/7492/6442 6460/7493/6443 6461/7494/6444 6458/7491/6445
f 6463/7496/6446 6464/7497/6447 6454/7487/6438 6462/7495/6448
f 6461/7494/6444 6451/7484/6435 6449/7480/6431 6465/7498/6449
f 6460/7493/6443 6466/7500/6450 6451/7484/6435 6461/7494/6444
f 6468/7502/6451 6459/7492/6442 6458/7491/6445 6467/7501/6452
f 6466/7500/6450 6469/7503/6453 6452/7485/6436 6451/7484/6435
f 6459/7492/6442 6470/7504/6454 6466/7500/6450 6460/7493/6443
f 6458/7491/6445 6461/7494/6444 6465/7498/6449 6471/7505/6455
f 6463/7496/6446 6472/7507/6456 6473/7508/6457 6464/7497/6447
f 6475/7510/6458 6441/7470/6423 6440/7469/6426 6474/7509/6459
f 6473/7508/6457 6472/7507/6456 6442/7471/6424 6441/7470/6423
f 6477/7512/6460 6457/7490/6441 6443/7472/6427 6476/7511/6461
f 6471/7506/6455 6465/7499/6449 6425/7452/6409 6424/7451/6408
f 6479/7515/6462 6480/7517/6463 6478/7513/6464 6412/7438/6397
f 6473/7508/6457 6441/7470/6423 6475/7510/6458 6481/7518/6465
f 6464/7497/6447 6473/7508/6457 6481/7518/6465 6482/7519/6466
f 6481/7518/6465 6475/7510/6458 6474/7509/6459 6483/7520/6467
f 6484/7521/6468 6485/7522/6469 6486/7523/6470 6487/7526/6471
f 6489/7529/6472 6434/7461/6418 6437/7465/6421 6488/7527/6473
f 6492/7532/6474 6490/7530/6475 6491/7531/6476 6468/7502/6451
f 6493/7533/6477 6494/7534/6478 6495/7535/6479 6469/7503/6453
f 6485/7522/6469 6489/7529/6472 6488/7527/6473 6486/7523/6470
f 6496/7536/6480 6497/7537/6481 6489/7529/6472 6485/7522/6469
f 6497/7537/6481 6498/7538/6482 6434/7461/6418 6489/7529/6472
f 6499/7539/6483 6500/7540/6484 6501/7541/6485 6502/7542/6486
f 6413/7439/6398 6503/7543/6487 6433/7460/6415 6419/7446/6403
f 6440/7469/6426 6439/7468/6425 6480/7516/6463 6479/7514/6462
f 6504/7544/6488 6462/7495/6448 6477/7512/6460 6505/7545/6489
f 6474/7509/6459 6440/7469/6426 6479/7514/6462 6416/7442/6400
f 6418/7445/6402 6417/7444/6401 6419/7446/6403 6506/7546/6490
f 6487/7525/6471 6486/7524/6470 6508/7548/6491 6507/7547/6492
f 6412/7438/6397 6478/7513/6464 6503/7543/6487 6413/7439/6398
f 6511/7551/6493 6512/7552/6494 6509/7549/6495 6510/7550/6496
f 6508/7548/6491 6511/7551/6493 6510/7550/6496 6513/7553/6497
f 6488/7528/6473 6437/7466/6421 6512/7552/6494 6511/7551/6493
f 6486/7524/6470 6488/7528/6473 6511/7551/6493 6508/7548/6491
f 6457/7490/6441 6456/7489/6440 6444/7473/6428 6443/7472/6427
f 6425/7452/6409 6448/7479/6434 6429/7456/6413 6426/7453/6410
f 6470/7504/6454 6493/7533/6477 6469/7503/6453 6466/7500/6450
f 6465/7499/6449 6449/7481/6431 6448/7479/6434 6425/7452/6409
f 6456/7489/6440 6455/7488/6439 6514/7554/6498 6444/7473/6428
f 6455/7488/6439 6482/7519/6466 6515/7555/6499 6514/7554/6498
f 6514/7554/6498 6515/7555/6499 6409/7434/6391 6408/7431/6390
f 6444/7473/6428 6514/7554/6498 6408/7431/6390 6445/7474/6429
f 6507/7547/6492 6508/7548/6491 6513/7553/6497 6516/7556/6500
f 6494/7534/6478 6517/7557/6501 6498/7538/6482 6497/7537/6481
f 6447/7478/6433 6507/7547/6492 6516/7556/6500 6438/7467/6422
f 6516/7556/6500 6518/7558/6502 6420/7447/6405 6438/7467/6422
f 6450/7482/6432 6487/7525/6471 6507/7547/6492 6447/7478/6433
f 6462/7495/6448 6454/7487/6438 6457/7490/6441 6477/7512/6460
f 6513/7553/6497 6510/7550/6496 6518/7558/6502 6516/7556/6500
f 6495/7535/6479 6494/7534/6478 6497/7537/6481 6496/7536/6480
f 6469/7503/6453 6495/7535/6479 6484/7521/6468 6452/7485/6436
f 6495/7535/6479 6496/7536/6480 6485/7522/6469 6484/7521/6468
f 6520/7560/6503 6521/7561/6504 6522/7562/6505 6519/7559/6506
f 6445/7475/6429 6408/7432/6390 6407/7430/6393 6523/7563/6507
f 6407/7430/6393 6406/7429/6392 6418/7445/6402 6522/7562/6505
f 6523/7563/6507 6407/7430/6393 6522/7562/6505 6521/7561/6504
f 6519/7559/6506 6522/7562/6505 6418/7445/6402 6506/7546/6490
f 6524/7564/6508 6525/7565/6509 6526/7566/6510 6527/7567/6511
f 6528/7568/6512 6529/7569/6513 6431/7458/6417 6430/7457/6416
f 6530/7570/6514 6531/7571/6515 6532/7572/6516 6533/7573/6517
f 6527/7567/6511 6526/7566/6510 6432/7459/6414 6431/7458/6417
f 6534/7574/6518 6527/7567/6511 6431/7458/6417 6529/7569/6513
f 6512/7552/6494 6499/7539/6483 6502/7542/6486 6509/7549/6495
f 6501/7541/6485 6524/7564/6508 6527/7567/6511 6534/7574/6518
f 6536/7576/6519 6534/7574/6518 6529/7569/6513 6535/7575/6520
f 6490/7530/6475 6537/7577/6521 6538/7578/6522 6491/7531/6476
f 6517/7557/6501 6540/7580/6523 6539/7579/6524 6498/7538/6482
f 6537/7577/6521 6490/7530/6475 6541/7581/6525 6542/7582/6526
f 6493/7533/6477 6538/7578/6522 6517/7557/6501 6494/7534/6478
f 6538/7578/6522 6537/7577/6521 6540/7580/6523 6517/7557/6501
f 6526/7566/6510 6519/7559/6506 6506/7546/6490 6432/7459/6414
f 6537/7577/6521 6542/7582/6526 6543/7583/6527 6540/7580/6523
f 6540/7580/6523 6543/7583/6527 6544/7584/6528 6539/7579/6524
f 6542/7582/6526 6545/7585/6529 6504/7544/6488 6543/7583/6527
f 6500/7540/6484 6546/7586/6530 6524/7564/6508 6501/7541/6485
f 6547/7587/6531 6548/7589/6532 6546/7586/6530 6500/7540/6484
f 6548/7589/6532 6549/7592/6533 6550/7593/6534 6546/7586/6530
f 6539/7579/6524 6544/7584/6528 6551/7594/6535 6435/7462/6419
f 6553/7596/6536 6453/7486/6437 6428/7455/6412 6552/7595/6537
f 6439/7468/6425 6554/7597/6538 6555/7598/6539 6480/7516/6463
f 6531/7571/6515 6553/7596/6536 6552/7595/6537 6532/7572/6516
f 6556/7601/6540 6557/7602/6541 6553/7596/6536 6531/7571/6515
f 6557/7602/6541 6558/7604/6542 6453/7486/6437 6553/7596/6536
f 6446/7477/6430 6445/7475/6429 6523/7563/6507 6559/7606/6543
f 6560/7607/6544 6561/7608/6545 6562/7609/6546 6554/7597/6538
f 6563/7610/6547 6476/7511/6461 6549/7591/6533 6548/7590/6532
f 6562/7609/6546 6564/7611/6548 6557/7603/6541 6556/7600/6540
f 6472/7507/6456 6565/7612/6549 6560/7607/6544 6442/7471/6424
f 6561/7608/6545 6492/7532/6474 6564/7611/6548 6562/7609/6546
f 6492/7532/6474 6468/7502/6451 6467/7501/6452 6564/7611/6548
f 6490/7530/6475 6492/7532/6474 6561/7608/6545 6541/7581/6525
f 6551/7594/6535 6563/7610/6547 6548/7590/6532 6547/7588/6531
f 6544/7584/6528 6505/7545/6489 6563/7610/6547 6551/7594/6535
f 6505/7545/6489 6477/7512/6460 6476/7511/6461 6563/7610/6547
f 6554/7597/6538 6562/7609/6546 6556/7600/6540 6555/7598/6539
f 6543/7583/6527 6504/7544/6488 6505/7545/6489 6544/7584/6528
f 6542/7582/6526 6541/7581/6525 6565/7612/6549 6545/7585/6529
f 6478/7513/6464 6530/7570/6514 6533/7573/6517 6503/7543/6487
f 6482/7519/6466 6481/7518/6465 6483/7520/6467 6515/7555/6499
f 6503/7543/6487 6533/7573/6517 6430/7457/6416 6433/7460/6415
f 6533/7573/6517 6532/7572/6516 6528/7568/6512 6430/7457/6416
f 6422/7449/6407 6421/7448/6406 6535/7575/6520 6566/7613/6550
f 6506/7546/6490 6419/7446/6403 6433/7460/6415 6432/7459/6414
f 6463/7496/6446 6545/7585/6529 6565/7612/6549 6472/7507/6456
f 6476/7511/6461 6443/7472/6427 6446/7476/6430 6549/7591/6533
f 6549/7592/6533 6446/7477/6430 6559/7606/6543 6550/7593/6534
f 6559/7606/6543 6523/7563/6507 6521/7561/6504 6520/7560/6503
f 6550/7593/6534 6559/7606/6543 6520/7560/6503 6525/7565/6509
f 6525/7565/6509 6520/7560/6503 6519/7559/6506 6526/7566/6510
f 6545/7585/6529 6463/7496/6446 6462/7495/6448 6504/7544/6488
f 6480/7517/6463 6555/7599/6539 6530/7570/6514 6478/7513/6464
f 6555/7599/6539 6556/7601/6540 6531/7571/6515 6530/7570/6514
f 6442/7471/6424 6560/7607/6544 6554/7597/6538 6439/7468/6425
f 6468/7502/6451 6491/7531/6476 6470/7504/6454 6459/7492/6442
f 6483/7520/6467 6474/7509/6459 6416/7442/6400 6410/7436/6394
f 6491/7531/6476 6538/7578/6522 6493/7533/6477 6470/7504/6454
f 6467/7501/6452 6458/7491/6445 6471/7505/6455 6558/7605/6542
f 6558/7604/6542 6471/7506/6455 6424/7451/6408 6453/7486/6437
f 6502/7542/6486 6501/7541/6485 6534/7574/6518 6536/7576/6519
f 6567/7614/6551 6536/7576/6519 6535/7575/6520 6421/7448/6406
f 6509/7549/6495 6502/7542/6486 6536/7576/6519 6567/7614/6551
f 6437/7466/6421 6436/7463/6420 6499/7539/6483 6512/7552/6494
f 6436/7463/6420 6547/7587/6531 6500/7540/6484 6499/7539/6483
f 6518/7558/6502 6567/7614/6551 6421/7448/6406 6420/7447/6405
f 6566/7613/6550 6535/7575/6520 6529/7569/6513 6528/7568/6512
f 6541/7581/6525 6561/7608/6545 6560/7607/6544 6565/7612/6549
f 6498/7538/6482 6539/7579/6524 6435/7462/6419 6434/7461/6418
f 6546/7586/6530 6550/7593/6534 6525/7565/6509 6524/7564/6508
f 6532/7572/6516 6552/7595/6537 6566/7613/6550 6528/7568/6512
f 6510/7550/6496 6509/7549/6495 6567/7614/6551 6518/7558/6502
f 6454/7487/6438 6464/7497/6447 6482/7519/6466 6455/7488/6439
f 6515/7555/6499 6483/7520/6467 6410/7436/6394 6409/7434/6391
f 6452/7485/6436 6484/7521/6468 6487/7526/6471 6450/7483/6432
f 6552/7595/6537 6428/7455/6412 6422/7449/6407 6566/7613/6550
f 6564/7611/6548 6467/7501/6452 6558/7605/6542 6557/7603/6541
f 6435/7462/6419 6551/7594/6535 6547/7588/6531 6436/7464/6420
f 6448/7479/6434 6447/7478/6433 6438/7467/6422 6429/7456/6413
f 6416/7443/6400 6479/7515/6462 6412/7438/6397 6415/7441/6396
f 6571/7620/6552 6568/7615/6553 6569/7616/6554 6570/7619/6555
f 6568/7615/6553 6572/7621/6556 6573/7622/6557 6569/7616/6554
f 6576/7626/6558 6577/7627/6559 6574/7624/6560 6575/7625/6561
f 6572/7621/6556 6575/7625/6561 6578/7629/6562 6573/7622/6557
f 6579/7630/6563 6576/7626/6558 6575/7625/6561 6572/7621/6556
f 6580/7631/6564 6579/7630/6563 6572/7621/6556 6568/7615/6553
f 6581/7632/6565 6577/7627/6559 6576/7626/6558 6579/7630/6563
f 6584/7635/6566 6585/7636/6567 6582/7633/6568 6583/7634/6569
f 6587/7638/6570 6588/7639/6571 6589/7640/6572 6586/7637/6573
f 6590/7641/6574 6584/7635/6566 6583/7634/6569 6587/7638/6570
f 6587/7638/6570 6583/7634/6569 6591/7642/6575 6588/7639/6571
f 6595/7646/6576 6592/7643/6577 6593/7644/6578 6594/7645/6579
f 6597/7648/6580 6598/7651/6581 6599/7652/6582 6596/7647/6583
f 6583/7634/6569 6582/7633/6568 6600/7653/6584 6591/7642/6575
f 6604/7657/6585 6601/7654/6586 6602/7655/6587 6603/7656/6588
f 6606/7659/6589 6607/7661/6590 6608/7663/6591 6605/7658/6592
f 6612/7669/6593 6609/7664/6594 6610/7665/6595 6611/7668/6596
f 6611/7667/6596 6610/7666/6595 6613/7670/6597 6614/7671/6598
f 6590/7641/6574 6587/7638/6570 6586/7637/6573 6615/7672/6599
f 6617/7674/6600 6618/7675/6601 6619/7676/6602 6616/7673/6603
f 6620/7677/6604 6621/7678/6605 6622/7679/6606 6623/7680/6607
f 6626/7683/6608 6616/7673/6603 6624/7681/6609 6625/7682/6610
f 6627/7684/6611 6611/7667/6596 6614/7671/6598 6621/7678/6605
f 6621/7678/6605 6614/7671/6598 6628/7686/6612 6622/7679/6606
f 6630/7688/6613 6620/7677/6604 6623/7680/6607 6629/7687/6614
f 6614/7671/6598 6613/7670/6597 6631/7689/6615 6628/7686/6612
f 6622/7679/6606 6628/7686/6612 6632/7690/6616 6623/7680/6607
f 6633/7691/6617 6627/7684/6611 6621/7678/6605 6620/7677/6604
f 6624/7681/6609 6634/7693/6618 6635/7694/6619 6625/7682/6610
f 6637/7696/6620 6604/7657/6585 6603/7656/6588 6636/7695/6621
f 6603/7656/6588 6602/7655/6587 6635/7694/6619 6634/7693/6618
f 6639/7698/6622 6605/7658/6592 6617/7674/6600 6638/7697/6623
f 6586/7637/6573 6589/7640/6572 6627/7685/6611 6633/7692/6617
f 6574/7624/6560 6640/7699/6624 6641/7701/6625 6642/7703/6626
f 6643/7704/6627 6636/7695/6621 6603/7656/6588 6634/7693/6618
f 6644/7705/6628 6643/7704/6627 6634/7693/6618 6624/7681/6609
f 6645/7706/6629 6637/7696/6620 6636/7695/6621 6643/7704/6627
f 6647/7709/6630 6648/7710/6631 6649/7712/6632 6646/7707/6633
f 6651/7714/6634 6597/7648/6580 6596/7647/6583 6650/7713/6635
f 6629/7687/6614 6654/7718/6636 6652/7716/6637 6653/7717/6638
f 6631/7689/6615 6656/7720/6639 6657/7721/6640 6655/7719/6641
f 6648/7710/6631 6651/7714/6634 6650/7713/6635 6649/7712/6632
f 6649/7712/6632 6650/7713/6635 6659/7723/6642 6658/7722/6643
f 6650/7713/6635 6596/7647/6583 6660/7724/6644 6659/7723/6642
f 6662/7726/6645 6663/7727/6646 6664/7728/6647 6661/7725/6648
f 6581/7632/6565 6593/7644/6578 6665/7729/6649 6577/7627/6559
f 6642/7702/6626 6641/7700/6625 6601/7654/6586 6604/7657/6585
f 6667/7731/6650 6638/7697/6623 6626/7683/6608 6666/7730/6651
f 6578/7628/6562 6642/7702/6626 6604/7657/6585 6637/7696/6620
f 6668/7732/6652 6581/7632/6565 6579/7630/6563 6580/7631/6564
f 6669/7733/6653 6670/7734/6654 6648/7711/6631 6647/7708/6630
f 6577/7627/6559 6665/7729/6649 6640/7699/6624 6574/7624/6560
f 6674/7738/6655 6671/7735/6656 6672/7736/6657 6673/7737/6658
f 6675/7739/6659 6674/7738/6655 6673/7737/6658 6670/7734/6654
f 6673/7737/6658 6672/7736/6657 6597/7649/6580 6651/7715/6634
f 6670/7734/6654 6673/7737/6658 6651/7715/6634 6648/7711/6631
f 6605/7658/6592 6608/7663/6591 6618/7675/6601 6617/7674/6600
f 6588/7639/6571 6591/7642/6575 6612/7669/6593 6589/7640/6572
f 6628/7686/6612 6631/7689/6615 6655/7719/6641 6632/7690/6616
f 6589/7640/6572 6612/7669/6593 6611/7668/6596 6627/7685/6611
f 6608/7663/6591 6676/7740/6660 6619/7676/6602 6618/7675/6601
f 6676/7740/6660 6677/7741/6661 6644/7705/6628 6619/7676/6602
f 6570/7618/6555 6569/7617/6554 6677/7741/6661 6676/7740/6660
f 6607/7661/6590 6570/7618/6555 6676/7740/6660 6608/7663/6591
f 6678/7742/6662 6675/7739/6659 6670/7734/6654 6669/7733/6653
f 6659/7723/6642 6660/7724/6644 6679/7743/6663 6657/7721/6640
f 6600/7653/6584 6678/7742/6662 6669/7733/6653 6609/7664/6594
f 6600/7653/6584 6582/7633/6568 6680/7744/6664 6678/7742/6662
f 6609/7664/6594 6669/7733/6653 6647/7708/6630 6610/7665/6595
f 6638/7697/6623 6617/7674/6600 6616/7673/6603 6626/7683/6608
f 6678/7742/6662 6680/7744/6664 6674/7738/6655 6675/7739/6659
f 6658/7722/6643 6659/7723/6642 6657/7721/6640 6656/7720/6639
f 6613/7670/6597 6646/7707/6633 6656/7720/6639 6631/7689/6615
f 6646/7707/6633 6649/7712/6632 6658/7722/6643 6656/7720/6639
f 6681/7745/6665 6682/7746/6666 6683/7747/6667 6684/7748/6668
f 6685/7749/6669 6571/7620/6552 6570/7619/6555 6607/7662/6590
f 6682/7746/6666 6580/7631/6564 6568/7615/6553 6571/7620/6552
f 6683/7747/6667 6682/7746/6666 6571/7620/6552 6685/7749/6669
f 6668/7732/6652 6580/7631/6564 6682/7746/6666 6681/7745/6665
f 6687/7751/6670 6688/7752/6671 6689/7753/6672 6686/7750/6673
f 6592/7643/6577 6595/7646/6576 6690/7754/6674 6691/7755/6675
f 6693/7757/6676 6694/7758/6677 6695/7759/6678 6692/7756/6679
f 6595/7646/6576 6594/7645/6579 6688/7752/6671 6687/7751/6670
f 6690/7754/6674 6595/7646/6576 6687/7751/6670 6696/7760/6680
f 6671/7735/6656 6662/7726/6645 6661/7725/6648 6672/7736/6657
f 6696/7760/6680 6687/7751/6670 6686/7750/6673 6663/7727/6646
f 6697/7761/6681 6690/7754/6674 6696/7760/6680 6698/7762/6682
f 6654/7718/6636 6699/7763/6683 6700/7764/6684 6652/7716/6637
f 6660/7724/6644 6701/7765/6685 6702/7766/6686 6679/7743/6663
f 6703/7767/6687 6704/7768/6688 6652/7716/6637 6700/7764/6684
f 6657/7721/6640 6679/7743/6663 6699/7763/6683 6655/7719/6641
f 6679/7743/6663 6702/7766/6686 6700/7764/6684 6699/7763/6683
f 6594/7645/6579 6668/7732/6652 6681/7745/6665 6688/7752/6671
f 6702/7766/6686 6705/7769/6689 6703/7767/6687 6700/7764/6684
f 6701/7765/6685 6706/7770/6690 6705/7769/6689 6702/7766/6686
f 6705/7769/6689 6666/7730/6651 6707/7771/6691 6703/7767/6687
f 6663/7727/6646 6686/7750/6673 6708/7772/6692 6664/7728/6647
f 6664/7728/6647 6708/7772/6692 6709/7773/6693 6710/7775/6694
f 6708/7772/6692 6711/7777/6695 6712/7779/6696 6709/7773/6693
f 6599/7652/6582 6713/7780/6697 6706/7770/6690 6701/7765/6685
f 6715/7782/6698 6590/7641/6574 6615/7672/6599 6714/7781/6699
f 6641/7700/6625 6716/7783/6700 6717/7785/6701 6601/7654/6586
f 6694/7758/6677 6715/7782/6698 6714/7781/6699 6695/7759/6678
f 6695/7759/6678 6714/7781/6699 6718/7786/6702 6719/7789/6703
f 6714/7781/6699 6615/7672/6599 6720/7790/6704 6718/7786/6702
f 6721/7792/6705 6685/7749/6669 6607/7662/6590 6606/7660/6589
f 6717/7785/6701 6722/7793/6706 6723/7794/6707 6724/7795/6708
f 6709/7774/6693 6712/7778/6696 6639/7698/6622 6725/7796/6709
f 6719/7788/6703 6718/7787/6702 6726/7797/6710 6722/7793/6706
f 6602/7655/6587 6724/7795/6708 6727/7798/6711 6635/7694/6619
f 6722/7793/6706 6726/7797/6710 6653/7717/6638 6723/7794/6707
f 6726/7797/6710 6630/7688/6613 6629/7687/6614 6653/7717/6638
f 6704/7768/6688 6723/7794/6707 6653/7717/6638 6652/7716/6637
f 6710/7776/6694 6709/7774/6693 6725/7796/6709 6713/7780/6697
f 6713/7780/6697 6725/7796/6709 6667/7731/6650 6706/7770/6690
f 6725/7796/6709 6639/7698/6622 6638/7697/6623 6667/7731/6650
f 6716/7783/6700 6719/7788/6703 6722/7793/6706 6717/7785/6701
f 6706/7770/6690 6667/7731/6650 6666/7730/6651 6705/7769/6689
f 6707/7771/6691 6727/7798/6711 6704/7768/6688 6703/7767/6687
f 6665/7729/6649 6693/7757/6676 6692/7756/6679 6640/7699/6624
f 6677/7741/6661 6645/7706/6629 6643/7704/6627 6644/7705/6628
f 6593/7644/6578 6592/7643/6577 6693/7757/6676 6665/7729/6649
f 6592/7643/6577 6691/7755/6675 6694/7758/6677 6693/7757/6676
f 6728/7799/6712 6697/7761/6681 6585/7636/6567 6584/7635/6566
f 6594/7645/6579 6593/7644/6578 6581/7632/6565 6668/7732/6652
f 6635/7694/6619 6727/7798/6711 6707/7771/6691 6625/7682/6610
f 6712/7778/6696 6606/7659/6589 6605/7658/6592 6639/7698/6622
f 6711/7777/6695 6721/7792/6705 6606/7660/6589 6712/7779/6696
f 6684/7748/6668 6683/7747/6667 6685/7749/6669 6721/7792/6705
f 6689/7753/6672 6684/7748/6668 6721/7792/6705 6711/7777/6695
f 6688/7752/6671 6681/7745/6665 6684/7748/6668 6689/7753/6672
f 6666/7730/6651 6626/7683/6608 6625/7682/6610 6707/7771/6691
f 6640/7699/6624 6692/7756/6679 6716/7784/6700 6641/7701/6625
f 6692/7756/6679 6695/7759/6678 6719/7789/6703 6716/7784/6700
f 6601/7654/6586 6717/7785/6701 6724/7795/6708 6602/7655/6587
f 6623/7680/6607 6632/7690/6616 6654/7718/6636 6629/7687/6614
f 6573/7623/6557 6578/7628/6562 6637/7696/6620 6645/7706/6629
f 6632/7690/6616 6655/7719/6641 6699/7763/6683 6654/7718/6636
f 6720/7791/6704 6633/7691/6617 6620/7677/6604 6630/7688/6613
f 6615/7672/6599 6586/7637/6573 6633/7692/6617 6720/7790/6704
f 6698/7762/6682 6696/7760/6680 6663/7727/6646 6662/7726/6645
f 6585/7636/6567 6697/7761/6681 6698/7762/6682 6729/7800/6713
f 6729/7800/6713 6698/7762/6682 6662/7726/6645 6671/7735/6656
f 6672/7736/6657 6661/7725/6648 6598/7650/6581 6597/7649/6580
f 6661/7725/6648 6664/7728/6647 6710/7775/6694 6598/7650/6581
f 6582/7633/6568 6585/7636/6567 6729/7800/6713 6680/7744/6664
f 6691/7755/6675 6690/7754/6674 6697/7761/6681 6728/7799/6712
f 6727/7798/6711 6724/7795/6708 6723/7794/6707 6704/7768/6688
f 6596/7647/6583 6599/7652/6582 6701/7765/6685 6660/7724/6644
f 6686/7750/6673 6689/7753/6672 6711/7777/6695 6708/7772/6692
f 6691/7755/6675 6728/7799/6712 6715/7782/6698 6694/7758/6677
f 6680/7744/6664 6729/7800/6713 6671/7735/6656 6674/7738/6655
f 6619/7676/6602 6644/7705/6628 6624/7681/6609 6616/7673/6603
f 6569/7617/6554 6573/7623/6557 6645/7706/6629 6677/7741/6661
f 6610/7666/6595 6647/7709/6630 6646/7707/6633 6613/7670/6597
f 6728/7799/6712 6584/7635/6566 6590/7641/6574 6715/7782/6698
f 6718/7787/6702 6720/7791/6704 6630/7688/6613 6726/7797/6710
f 6598/7651/6581 6710/7776/6694 6713/7780/6697 6599/7652/6582
f 6591/7642/6575 6600/7653/6584 6609/7664/6594 6612/7669/6593
f 6575/7625/6561 6574/7624/6560 6642/7703/6626 6578/7629/6562
